sss_year,state,filing_status,variable_name,type,calculation_method,income_min,income_max,num_children,value,effective_date,notes,source,source_url,collected_by,date_collected
2026,AL,married,standard_deduction,taxable_income_subtraction,flat,0,25999,NA,8500,NA,NA,"Alabama Department of Revenue. Standard Deduction/Optional Standard Deduction Tables and Dependent Exemption Table for the 2023 Tax Year. Published January 2024. Accessed June 9, 2025. https://www.revenue.alabama.gov/wp-content/uploads/2024/01/23stddeduction40.pdf.",https://www.revenue.alabama.gov/wp-content/uploads/2024/01/23stddeduction40.pdf.,Aku,06/24/2025
2026,AL,married,standard_deduction,taxable_income_subtraction,flat,26000,26499,NA,8325,NA,NA,"Alabama Department of Revenue. Standard Deduction/Optional Standard Deduction Tables and Dependent Exemption Table for the 2023 Tax Year. Published January 2024. Accessed June 9, 2025. https://www.revenue.alabama.gov/wp-content/uploads/2024/01/23stddeduction40.pdf.",https://www.revenue.alabama.gov/wp-content/uploads/2024/01/23stddeduction40.pdf.,Aku,06/24/2025
2026,AL,married,standard_deduction,taxable_income_subtraction,flat,25500,26999,NA,8150,NA,NA,"Alabama Department of Revenue. Standard Deduction/Optional Standard Deduction Tables and Dependent Exemption Table for the 2023 Tax Year. Published January 2024. Accessed June 9, 2025. https://www.revenue.alabama.gov/wp-content/uploads/2024/01/23stddeduction40.pdf.",https://www.revenue.alabama.gov/wp-content/uploads/2024/01/23stddeduction40.pdf.,Aku,06/24/2025
2026,AL,married,standard_deduction,taxable_income_subtraction,flat,27000,27499,NA,7975,NA,NA,"Alabama Department of Revenue. Standard Deduction/Optional Standard Deduction Tables and Dependent Exemption Table for the 2023 Tax Year. Published January 2024. Accessed June 9, 2025. https://www.revenue.alabama.gov/wp-content/uploads/2024/01/23stddeduction40.pdf.",https://www.revenue.alabama.gov/wp-content/uploads/2024/01/23stddeduction40.pdf.,Aku,06/24/2025
2026,AL,married,standard_deduction,taxable_income_subtraction,flat,27500,27999,NA,7800,NA,NA,"Alabama Department of Revenue. Standard Deduction/Optional Standard Deduction Tables and Dependent Exemption Table for the 2023 Tax Year. Published January 2024. Accessed June 9, 2025. https://www.revenue.alabama.gov/wp-content/uploads/2024/01/23stddeduction40.pdf.",https://www.revenue.alabama.gov/wp-content/uploads/2024/01/23stddeduction40.pdf.,Aku,06/24/2025
2026,AL,married,standard_deduction,taxable_income_subtraction,flat,28000,28499,NA,7625,NA,NA,"Alabama Department of Revenue. Standard Deduction/Optional Standard Deduction Tables and Dependent Exemption Table for the 2023 Tax Year. Published January 2024. Accessed June 9, 2025. https://www.revenue.alabama.gov/wp-content/uploads/2024/01/23stddeduction40.pdf.",https://www.revenue.alabama.gov/wp-content/uploads/2024/01/23stddeduction40.pdf.,Aku,06/24/2025
2026,AL,married,standard_deduction,taxable_income_subtraction,flat,28500,28999,NA,7450,NA,NA,"Alabama Department of Revenue. Standard Deduction/Optional Standard Deduction Tables and Dependent Exemption Table for the 2023 Tax Year. Published January 2024. Accessed June 9, 2025. https://www.revenue.alabama.gov/wp-content/uploads/2024/01/23stddeduction40.pdf.",https://www.revenue.alabama.gov/wp-content/uploads/2024/01/23stddeduction40.pdf.,Aku,06/24/2025
2026,AL,married,standard_deduction,taxable_income_subtraction,flat,29000,29499,NA,7275,NA,NA,"Alabama Department of Revenue. Standard Deduction/Optional Standard Deduction Tables and Dependent Exemption Table for the 2023 Tax Year. Published January 2024. Accessed June 9, 2025. https://www.revenue.alabama.gov/wp-content/uploads/2024/01/23stddeduction40.pdf.",https://www.revenue.alabama.gov/wp-content/uploads/2024/01/23stddeduction40.pdf.,Aku,06/24/2025
2026,AL,married,standard_deduction,taxable_income_subtraction,flat,29500,29999,NA,7100,NA,NA,"Alabama Department of Revenue. Standard Deduction/Optional Standard Deduction Tables and Dependent Exemption Table for the 2023 Tax Year. Published January 2024. Accessed June 9, 2025. https://www.revenue.alabama.gov/wp-content/uploads/2024/01/23stddeduction40.pdf.",https://www.revenue.alabama.gov/wp-content/uploads/2024/01/23stddeduction40.pdf.,Aku,06/24/2025
2026,AL,married,standard_deduction,taxable_income_subtraction,flat,30000,30499,NA,6925,NA,NA,"Alabama Department of Revenue. Standard Deduction/Optional Standard Deduction Tables and Dependent Exemption Table for the 2023 Tax Year. Published January 2024. Accessed June 9, 2025. https://www.revenue.alabama.gov/wp-content/uploads/2024/01/23stddeduction40.pdf.",https://www.revenue.alabama.gov/wp-content/uploads/2024/01/23stddeduction40.pdf.,Aku,06/24/2025
2026,AL,married,standard_deduction,taxable_income_subtraction,flat,30500,30999,NA,6750,NA,NA,"Alabama Department of Revenue. Standard Deduction/Optional Standard Deduction Tables and Dependent Exemption Table for the 2023 Tax Year. Published January 2024. Accessed June 9, 2025. https://www.revenue.alabama.gov/wp-content/uploads/2024/01/23stddeduction40.pdf.",https://www.revenue.alabama.gov/wp-content/uploads/2024/01/23stddeduction40.pdf.,Aku,06/24/2025
2026,AL,married,standard_deduction,taxable_income_subtraction,flat,31000,31499,NA,6575,NA,NA,"Alabama Department of Revenue. Standard Deduction/Optional Standard Deduction Tables and Dependent Exemption Table for the 2023 Tax Year. Published January 2024. Accessed June 9, 2025. https://www.revenue.alabama.gov/wp-content/uploads/2024/01/23stddeduction40.pdf.",https://www.revenue.alabama.gov/wp-content/uploads/2024/01/23stddeduction40.pdf.,Aku,06/24/2025
2026,AL,married,standard_deduction,taxable_income_subtraction,flat,31500,31999,NA,6400,NA,NA,"Alabama Department of Revenue. Standard Deduction/Optional Standard Deduction Tables and Dependent Exemption Table for the 2023 Tax Year. Published January 2024. Accessed June 9, 2025. https://www.revenue.alabama.gov/wp-content/uploads/2024/01/23stddeduction40.pdf.",https://www.revenue.alabama.gov/wp-content/uploads/2024/01/23stddeduction40.pdf.,Aku,06/24/2025
2026,AL,married,standard_deduction,taxable_income_subtraction,flat,32000,32499,NA,6225,NA,NA,"Alabama Department of Revenue. Standard Deduction/Optional Standard Deduction Tables and Dependent Exemption Table for the 2023 Tax Year. Published January 2024. Accessed June 9, 2025. https://www.revenue.alabama.gov/wp-content/uploads/2024/01/23stddeduction40.pdf.",https://www.revenue.alabama.gov/wp-content/uploads/2024/01/23stddeduction40.pdf.,Aku,06/24/2025
2026,AL,married,standard_deduction,taxable_income_subtraction,flat,32500,32999,NA,6050,NA,NA,"Alabama Department of Revenue. Standard Deduction/Optional Standard Deduction Tables and Dependent Exemption Table for the 2023 Tax Year. Published January 2024. Accessed June 9, 2025. https://www.revenue.alabama.gov/wp-content/uploads/2024/01/23stddeduction40.pdf.",https://www.revenue.alabama.gov/wp-content/uploads/2024/01/23stddeduction40.pdf.,Aku,06/24/2025
2026,AL,married,standard_deduction,taxable_income_subtraction,flat,33000,33499,NA,5875,NA,NA,"Alabama Department of Revenue. Standard Deduction/Optional Standard Deduction Tables and Dependent Exemption Table for the 2023 Tax Year. Published January 2024. Accessed June 9, 2025. https://www.revenue.alabama.gov/wp-content/uploads/2024/01/23stddeduction40.pdf.",https://www.revenue.alabama.gov/wp-content/uploads/2024/01/23stddeduction40.pdf.,Aku,06/24/2025
2026,AL,married,standard_deduction,taxable_income_subtraction,flat,33500,33999,NA,5700,NA,NA,"Alabama Department of Revenue. Standard Deduction/Optional Standard Deduction Tables and Dependent Exemption Table for the 2023 Tax Year. Published January 2024. Accessed June 9, 2025. https://www.revenue.alabama.gov/wp-content/uploads/2024/01/23stddeduction40.pdf.",https://www.revenue.alabama.gov/wp-content/uploads/2024/01/23stddeduction40.pdf.,Aku,06/24/2025
2026,AL,married,standard_deduction,taxable_income_subtraction,flat,34000,34499,NA,5525,NA,NA,"Alabama Department of Revenue. Standard Deduction/Optional Standard Deduction Tables and Dependent Exemption Table for the 2023 Tax Year. Published January 2024. Accessed June 9, 2025. https://www.revenue.alabama.gov/wp-content/uploads/2024/01/23stddeduction40.pdf.",https://www.revenue.alabama.gov/wp-content/uploads/2024/01/23stddeduction40.pdf.,Aku,06/24/2025
2026,AL,married,standard_deduction,taxable_income_subtraction,flat,34500,34999,NA,5350,NA,NA,"Alabama Department of Revenue. Standard Deduction/Optional Standard Deduction Tables and Dependent Exemption Table for the 2023 Tax Year. Published January 2024. Accessed June 9, 2025. https://www.revenue.alabama.gov/wp-content/uploads/2024/01/23stddeduction40.pdf.",https://www.revenue.alabama.gov/wp-content/uploads/2024/01/23stddeduction40.pdf.,Aku,06/24/2025
2026,AL,married,standard_deduction,taxable_income_subtraction,flat,35000,35499,NA,5175,NA,NA,"Alabama Department of Revenue. Standard Deduction/Optional Standard Deduction Tables and Dependent Exemption Table for the 2023 Tax Year. Published January 2024. Accessed June 9, 2025. https://www.revenue.alabama.gov/wp-content/uploads/2024/01/23stddeduction40.pdf.",https://www.revenue.alabama.gov/wp-content/uploads/2024/01/23stddeduction40.pdf.,Aku,06/24/2025
2026,AL,married,standard_deduction,taxable_income_subtraction,flat,35500,Inf,NA,5000,NA,NA,"Alabama Department of Revenue. Standard Deduction/Optional Standard Deduction Tables and Dependent Exemption Table for the 2023 Tax Year. Published January 2024. Accessed June 9, 2025. https://www.revenue.alabama.gov/wp-content/uploads/2024/01/23stddeduction40.pdf.",https://www.revenue.alabama.gov/wp-content/uploads/2024/01/23stddeduction40.pdf.,Aku,06/24/2025
2026,AL,single_parent,standard_deduction,taxable_income_subtraction,flat,0,25999,NA,5200,NA,NA,"Alabama Department of Revenue. Standard Deduction/Optional Standard Deduction Tables and Dependent Exemption Table for the 2023 Tax Year. Published January 2024. Accessed June 9, 2025. https://www.revenue.alabama.gov/wp-content/uploads/2024/01/23stddeduction40.pdf.",https://www.revenue.alabama.gov/wp-content/uploads/2024/01/23stddeduction40.pdf.,Aku,06/24/2025
2026,AL,single_parent,standard_deduction,taxable_income_subtraction,flat,26000,26499,NA,5065,NA,NA,"Alabama Department of Revenue. Standard Deduction/Optional Standard Deduction Tables and Dependent Exemption Table for the 2023 Tax Year. Published January 2024. Accessed June 9, 2025. https://www.revenue.alabama.gov/wp-content/uploads/2024/01/23stddeduction40.pdf.",https://www.revenue.alabama.gov/wp-content/uploads/2024/01/23stddeduction40.pdf.,Aku,06/24/2025
2026,AL,single_parent,standard_deduction,taxable_income_subtraction,flat,26500,26999,NA,4930,NA,NA,"Alabama Department of Revenue. Standard Deduction/Optional Standard Deduction Tables and Dependent Exemption Table for the 2023 Tax Year. Published January 2024. Accessed June 9, 2025. https://www.revenue.alabama.gov/wp-content/uploads/2024/01/23stddeduction40.pdf.",https://www.revenue.alabama.gov/wp-content/uploads/2024/01/23stddeduction40.pdf.,Aku,06/24/2025
2026,AL,single_parent,standard_deduction,taxable_income_subtraction,flat,27000,27499,NA,4795,NA,NA,"Alabama Department of Revenue. Standard Deduction/Optional Standard Deduction Tables and Dependent Exemption Table for the 2023 Tax Year. Published January 2024. Accessed June 9, 2025. https://www.revenue.alabama.gov/wp-content/uploads/2024/01/23stddeduction40.pdf.",https://www.revenue.alabama.gov/wp-content/uploads/2024/01/23stddeduction40.pdf.,Aku,06/24/2025
2026,AL,single_parent,standard_deduction,taxable_income_subtraction,flat,27500,27999,NA,4660,NA,NA,"Alabama Department of Revenue. Standard Deduction/Optional Standard Deduction Tables and Dependent Exemption Table for the 2023 Tax Year. Published January 2024. Accessed June 9, 2025. https://www.revenue.alabama.gov/wp-content/uploads/2024/01/23stddeduction40.pdf.",https://www.revenue.alabama.gov/wp-content/uploads/2024/01/23stddeduction40.pdf.,Aku,06/24/2025
2026,AL,single_parent,standard_deduction,taxable_income_subtraction,flat,28000,28499,NA,4525,NA,NA,"Alabama Department of Revenue. Standard Deduction/Optional Standard Deduction Tables and Dependent Exemption Table for the 2023 Tax Year. Published January 2024. Accessed June 9, 2025. https://www.revenue.alabama.gov/wp-content/uploads/2024/01/23stddeduction40.pdf.",https://www.revenue.alabama.gov/wp-content/uploads/2024/01/23stddeduction40.pdf.,Aku,06/24/2025
2026,AL,single_parent,standard_deduction,taxable_income_subtraction,flat,28500,28999,NA,4390,NA,NA,"Alabama Department of Revenue. Standard Deduction/Optional Standard Deduction Tables and Dependent Exemption Table for the 2023 Tax Year. Published January 2024. Accessed June 9, 2025. https://www.revenue.alabama.gov/wp-content/uploads/2024/01/23stddeduction40.pdf.",https://www.revenue.alabama.gov/wp-content/uploads/2024/01/23stddeduction40.pdf.,Aku,06/24/2025
2026,AL,single_parent,standard_deduction,taxable_income_subtraction,flat,29000,29499,NA,4255,NA,NA,"Alabama Department of Revenue. Standard Deduction/Optional Standard Deduction Tables and Dependent Exemption Table for the 2023 Tax Year. Published January 2024. Accessed June 9, 2025. https://www.revenue.alabama.gov/wp-content/uploads/2024/01/23stddeduction40.pdf.",https://www.revenue.alabama.gov/wp-content/uploads/2024/01/23stddeduction40.pdf.,Aku,06/24/2025
2026,AL,single_parent,standard_deduction,taxable_income_subtraction,flat,29500,29999,NA,4120,NA,NA,"Alabama Department of Revenue. Standard Deduction/Optional Standard Deduction Tables and Dependent Exemption Table for the 2023 Tax Year. Published January 2024. Accessed June 9, 2025. https://www.revenue.alabama.gov/wp-content/uploads/2024/01/23stddeduction40.pdf.",https://www.revenue.alabama.gov/wp-content/uploads/2024/01/23stddeduction40.pdf.,Aku,06/24/2025
2026,AL,single_parent,standard_deduction,taxable_income_subtraction,flat,30000,30499,NA,3985,NA,NA,"Alabama Department of Revenue. Standard Deduction/Optional Standard Deduction Tables and Dependent Exemption Table for the 2023 Tax Year. Published January 2024. Accessed June 9, 2025. https://www.revenue.alabama.gov/wp-content/uploads/2024/01/23stddeduction40.pdf.",https://www.revenue.alabama.gov/wp-content/uploads/2024/01/23stddeduction40.pdf.,Aku,06/24/2025
2026,AL,single_parent,standard_deduction,taxable_income_subtraction,flat,30500,30999,NA,3850,NA,NA,"Alabama Department of Revenue. Standard Deduction/Optional Standard Deduction Tables and Dependent Exemption Table for the 2023 Tax Year. Published January 2024. Accessed June 9, 2025. https://www.revenue.alabama.gov/wp-content/uploads/2024/01/23stddeduction40.pdf.",https://www.revenue.alabama.gov/wp-content/uploads/2024/01/23stddeduction40.pdf.,Aku,06/24/2025
2026,AL,single_parent,standard_deduction,taxable_income_subtraction,flat,31000,31499,NA,3715,NA,NA,"Alabama Department of Revenue. Standard Deduction/Optional Standard Deduction Tables and Dependent Exemption Table for the 2023 Tax Year. Published January 2024. Accessed June 9, 2025. https://www.revenue.alabama.gov/wp-content/uploads/2024/01/23stddeduction40.pdf.",https://www.revenue.alabama.gov/wp-content/uploads/2024/01/23stddeduction40.pdf.,Aku,06/24/2025
2026,AL,single_parent,standard_deduction,taxable_income_subtraction,flat,31500,31999,NA,3580,NA,NA,"Alabama Department of Revenue. Standard Deduction/Optional Standard Deduction Tables and Dependent Exemption Table for the 2023 Tax Year. Published January 2024. Accessed June 9, 2025. https://www.revenue.alabama.gov/wp-content/uploads/2024/01/23stddeduction40.pdf.",https://www.revenue.alabama.gov/wp-content/uploads/2024/01/23stddeduction40.pdf.,Aku,06/24/2025
2026,AL,single_parent,standard_deduction,taxable_income_subtraction,flat,32000,32499,NA,3445,NA,NA,"Alabama Department of Revenue. Standard Deduction/Optional Standard Deduction Tables and Dependent Exemption Table for the 2023 Tax Year. Published January 2024. Accessed June 9, 2025. https://www.revenue.alabama.gov/wp-content/uploads/2024/01/23stddeduction40.pdf.",https://www.revenue.alabama.gov/wp-content/uploads/2024/01/23stddeduction40.pdf.,Aku,06/24/2025
2026,AL,single_parent,standard_deduction,taxable_income_subtraction,flat,32500,32999,NA,3310,NA,NA,"Alabama Department of Revenue. Standard Deduction/Optional Standard Deduction Tables and Dependent Exemption Table for the 2023 Tax Year. Published January 2024. Accessed June 9, 2025. https://www.revenue.alabama.gov/wp-content/uploads/2024/01/23stddeduction40.pdf.",https://www.revenue.alabama.gov/wp-content/uploads/2024/01/23stddeduction40.pdf.,Aku,06/24/2025
2026,AL,single_parent,standard_deduction,taxable_income_subtraction,flat,33000,33499,NA,3175,NA,NA,"Alabama Department of Revenue. Standard Deduction/Optional Standard Deduction Tables and Dependent Exemption Table for the 2023 Tax Year. Published January 2024. Accessed June 9, 2025. https://www.revenue.alabama.gov/wp-content/uploads/2024/01/23stddeduction40.pdf.",https://www.revenue.alabama.gov/wp-content/uploads/2024/01/23stddeduction40.pdf.,Aku,06/24/2025
2026,AL,single_parent,standard_deduction,taxable_income_subtraction,flat,33500,33999,NA,3040,NA,NA,"Alabama Department of Revenue. Standard Deduction/Optional Standard Deduction Tables and Dependent Exemption Table for the 2023 Tax Year. Published January 2024. Accessed June 9, 2025. https://www.revenue.alabama.gov/wp-content/uploads/2024/01/23stddeduction40.pdf.",https://www.revenue.alabama.gov/wp-content/uploads/2024/01/23stddeduction40.pdf.,Aku,06/24/2025
2026,AL,single_parent,standard_deduction,taxable_income_subtraction,flat,34000,34499,NA,2905,NA,NA,"Alabama Department of Revenue. Standard Deduction/Optional Standard Deduction Tables and Dependent Exemption Table for the 2023 Tax Year. Published January 2024. Accessed June 9, 2025. https://www.revenue.alabama.gov/wp-content/uploads/2024/01/23stddeduction40.pdf.",https://www.revenue.alabama.gov/wp-content/uploads/2024/01/23stddeduction40.pdf.,Aku,06/24/2025
2026,AL,single_parent,standard_deduction,taxable_income_subtraction,flat,34500,34999,NA,2770,NA,NA,"Alabama Department of Revenue. Standard Deduction/Optional Standard Deduction Tables and Dependent Exemption Table for the 2023 Tax Year. Published January 2024. Accessed June 9, 2025. https://www.revenue.alabama.gov/wp-content/uploads/2024/01/23stddeduction40.pdf.",https://www.revenue.alabama.gov/wp-content/uploads/2024/01/23stddeduction40.pdf.,Aku,06/24/2025
2026,AL,single_parent,standard_deduction,taxable_income_subtraction,flat,35000,35499,NA,2635,NA,NA,"Alabama Department of Revenue. Standard Deduction/Optional Standard Deduction Tables and Dependent Exemption Table for the 2023 Tax Year. Published January 2024. Accessed June 9, 2025. https://www.revenue.alabama.gov/wp-content/uploads/2024/01/23stddeduction40.pdf.",https://www.revenue.alabama.gov/wp-content/uploads/2024/01/23stddeduction40.pdf.,Aku,06/24/2025
2026,AL,single_parent,standard_deduction,taxable_income_subtraction,flat,35500,Inf,NA,2500,NA,NA,"Alabama Department of Revenue. Standard Deduction/Optional Standard Deduction Tables and Dependent Exemption Table for the 2023 Tax Year. Published January 2024. Accessed June 9, 2025. https://www.revenue.alabama.gov/wp-content/uploads/2024/01/23stddeduction40.pdf.",https://www.revenue.alabama.gov/wp-content/uploads/2024/01/23stddeduction40.pdf.,Aku,06/24/2025
2026,AL,single_adult,standard_deduction,taxable_income_subtraction,flat,0,25999,NA,3000,NA,NA,"Alabama Department of Revenue. Standard Deduction/Optional Standard Deduction Tables and Dependent Exemption Table for the 2023 Tax Year. Published January 2024. Accessed June 9, 2025. https://www.revenue.alabama.gov/wp-content/uploads/2024/01/23stddeduction40.pdf.",https://www.revenue.alabama.gov/wp-content/uploads/2024/01/23stddeduction40.pdf.,Aku,06/24/2025
2026,AL,single_adult,standard_deduction,taxable_income_subtraction,flat,26000,26499,NA,2975,NA,NA,"Alabama Department of Revenue. Standard Deduction/Optional Standard Deduction Tables and Dependent Exemption Table for the 2023 Tax Year. Published January 2024. Accessed June 9, 2025. https://www.revenue.alabama.gov/wp-content/uploads/2024/01/23stddeduction40.pdf.",https://www.revenue.alabama.gov/wp-content/uploads/2024/01/23stddeduction40.pdf.,Aku,06/24/2025
2026,AL,single_adult,standard_deduction,taxable_income_subtraction,flat,26500,26999,NA,2950,NA,NA,"Alabama Department of Revenue. Standard Deduction/Optional Standard Deduction Tables and Dependent Exemption Table for the 2023 Tax Year. Published January 2024. Accessed June 9, 2025. https://www.revenue.alabama.gov/wp-content/uploads/2024/01/23stddeduction40.pdf.",https://www.revenue.alabama.gov/wp-content/uploads/2024/01/23stddeduction40.pdf.,Aku,06/24/2025
2026,AL,single_adult,standard_deduction,taxable_income_subtraction,flat,27000,27499,NA,2925,NA,NA,"Alabama Department of Revenue. Standard Deduction/Optional Standard Deduction Tables and Dependent Exemption Table for the 2023 Tax Year. Published January 2024. Accessed June 9, 2025. https://www.revenue.alabama.gov/wp-content/uploads/2024/01/23stddeduction40.pdf.",https://www.revenue.alabama.gov/wp-content/uploads/2024/01/23stddeduction40.pdf.,Aku,06/24/2025
2026,AL,single_adult,standard_deduction,taxable_income_subtraction,flat,27500,27999,NA,2900,NA,NA,"Alabama Department of Revenue. Standard Deduction/Optional Standard Deduction Tables and Dependent Exemption Table for the 2023 Tax Year. Published January 2024. Accessed June 9, 2025. https://www.revenue.alabama.gov/wp-content/uploads/2024/01/23stddeduction40.pdf.",https://www.revenue.alabama.gov/wp-content/uploads/2024/01/23stddeduction40.pdf.,Aku,06/24/2025
2026,AL,single_adult,standard_deduction,taxable_income_subtraction,flat,28000,28499,NA,2875,NA,NA,"Alabama Department of Revenue. Standard Deduction/Optional Standard Deduction Tables and Dependent Exemption Table for the 2023 Tax Year. Published January 2024. Accessed June 9, 2025. https://www.revenue.alabama.gov/wp-content/uploads/2024/01/23stddeduction40.pdf.",https://www.revenue.alabama.gov/wp-content/uploads/2024/01/23stddeduction40.pdf.,Aku,06/24/2025
2026,AL,single_adult,standard_deduction,taxable_income_subtraction,flat,28500,28999,NA,2850,NA,NA,"Alabama Department of Revenue. Standard Deduction/Optional Standard Deduction Tables and Dependent Exemption Table for the 2023 Tax Year. Published January 2024. Accessed June 9, 2025. https://www.revenue.alabama.gov/wp-content/uploads/2024/01/23stddeduction40.pdf.",https://www.revenue.alabama.gov/wp-content/uploads/2024/01/23stddeduction40.pdf.,Aku,06/24/2025
2026,AL,single_adult,standard_deduction,taxable_income_subtraction,flat,29000,29499,NA,2825,NA,NA,"Alabama Department of Revenue. Standard Deduction/Optional Standard Deduction Tables and Dependent Exemption Table for the 2023 Tax Year. Published January 2024. Accessed June 9, 2025. https://www.revenue.alabama.gov/wp-content/uploads/2024/01/23stddeduction40.pdf.",https://www.revenue.alabama.gov/wp-content/uploads/2024/01/23stddeduction40.pdf.,Aku,06/24/2025
2026,AL,single_adult,standard_deduction,taxable_income_subtraction,flat,29500,29999,NA,2800,NA,NA,"Alabama Department of Revenue. Standard Deduction/Optional Standard Deduction Tables and Dependent Exemption Table for the 2023 Tax Year. Published January 2024. Accessed June 9, 2025. https://www.revenue.alabama.gov/wp-content/uploads/2024/01/23stddeduction40.pdf.",https://www.revenue.alabama.gov/wp-content/uploads/2024/01/23stddeduction40.pdf.,Aku,06/24/2025
2026,AL,single_adult,standard_deduction,taxable_income_subtraction,flat,30000,30499,NA,2775,NA,NA,"Alabama Department of Revenue. Standard Deduction/Optional Standard Deduction Tables and Dependent Exemption Table for the 2023 Tax Year. Published January 2024. Accessed June 9, 2025. https://www.revenue.alabama.gov/wp-content/uploads/2024/01/23stddeduction40.pdf.",https://www.revenue.alabama.gov/wp-content/uploads/2024/01/23stddeduction40.pdf.,Aku,06/24/2025
2026,AL,single_adult,standard_deduction,taxable_income_subtraction,flat,30500,30999,NA,2750,NA,NA,"Alabama Department of Revenue. Standard Deduction/Optional Standard Deduction Tables and Dependent Exemption Table for the 2023 Tax Year. Published January 2024. Accessed June 9, 2025. https://www.revenue.alabama.gov/wp-content/uploads/2024/01/23stddeduction40.pdf.",https://www.revenue.alabama.gov/wp-content/uploads/2024/01/23stddeduction40.pdf.,Aku,06/24/2025
2026,AL,single_adult,standard_deduction,taxable_income_subtraction,flat,31000,31499,NA,2725,NA,NA,"Alabama Department of Revenue. Standard Deduction/Optional Standard Deduction Tables and Dependent Exemption Table for the 2023 Tax Year. Published January 2024. Accessed June 9, 2025. https://www.revenue.alabama.gov/wp-content/uploads/2024/01/23stddeduction40.pdf.",https://www.revenue.alabama.gov/wp-content/uploads/2024/01/23stddeduction40.pdf.,Aku,06/24/2025
2026,AL,single_adult,standard_deduction,taxable_income_subtraction,flat,31500,31999,NA,2700,NA,NA,"Alabama Department of Revenue. Standard Deduction/Optional Standard Deduction Tables and Dependent Exemption Table for the 2023 Tax Year. Published January 2024. Accessed June 9, 2025. https://www.revenue.alabama.gov/wp-content/uploads/2024/01/23stddeduction40.pdf.",https://www.revenue.alabama.gov/wp-content/uploads/2024/01/23stddeduction40.pdf.,Aku,06/24/2025
2026,AL,single_adult,standard_deduction,taxable_income_subtraction,flat,32000,32499,NA,2675,NA,NA,"Alabama Department of Revenue. Standard Deduction/Optional Standard Deduction Tables and Dependent Exemption Table for the 2023 Tax Year. Published January 2024. Accessed June 9, 2025. https://www.revenue.alabama.gov/wp-content/uploads/2024/01/23stddeduction40.pdf.",https://www.revenue.alabama.gov/wp-content/uploads/2024/01/23stddeduction40.pdf.,Aku,06/24/2025
2026,AL,single_adult,standard_deduction,taxable_income_subtraction,flat,32500,32999,NA,2650,NA,NA,"Alabama Department of Revenue. Standard Deduction/Optional Standard Deduction Tables and Dependent Exemption Table for the 2023 Tax Year. Published January 2024. Accessed June 9, 2025. https://www.revenue.alabama.gov/wp-content/uploads/2024/01/23stddeduction40.pdf.",https://www.revenue.alabama.gov/wp-content/uploads/2024/01/23stddeduction40.pdf.,Aku,06/24/2025
2026,AL,single_adult,standard_deduction,taxable_income_subtraction,flat,33000,33499,NA,2625,NA,NA,"Alabama Department of Revenue. Standard Deduction/Optional Standard Deduction Tables and Dependent Exemption Table for the 2023 Tax Year. Published January 2024. Accessed June 9, 2025. https://www.revenue.alabama.gov/wp-content/uploads/2024/01/23stddeduction40.pdf.",https://www.revenue.alabama.gov/wp-content/uploads/2024/01/23stddeduction40.pdf.,Aku,06/24/2025
2026,AL,single_adult,standard_deduction,taxable_income_subtraction,flat,33500,33999,NA,2600,NA,NA,"Alabama Department of Revenue. Standard Deduction/Optional Standard Deduction Tables and Dependent Exemption Table for the 2023 Tax Year. Published January 2024. Accessed June 9, 2025. https://www.revenue.alabama.gov/wp-content/uploads/2024/01/23stddeduction40.pdf.",https://www.revenue.alabama.gov/wp-content/uploads/2024/01/23stddeduction40.pdf.,Aku,06/24/2025
2026,AL,single_adult,standard_deduction,taxable_income_subtraction,flat,34000,34499,NA,2575,NA,NA,"Alabama Department of Revenue. Standard Deduction/Optional Standard Deduction Tables and Dependent Exemption Table for the 2023 Tax Year. Published January 2024. Accessed June 9, 2025. https://www.revenue.alabama.gov/wp-content/uploads/2024/01/23stddeduction40.pdf.",https://www.revenue.alabama.gov/wp-content/uploads/2024/01/23stddeduction40.pdf.,Aku,06/24/2025
2026,AL,single_adult,standard_deduction,taxable_income_subtraction,flat,34500,34999,NA,2550,NA,NA,"Alabama Department of Revenue. Standard Deduction/Optional Standard Deduction Tables and Dependent Exemption Table for the 2023 Tax Year. Published January 2024. Accessed June 9, 2025. https://www.revenue.alabama.gov/wp-content/uploads/2024/01/23stddeduction40.pdf.",https://www.revenue.alabama.gov/wp-content/uploads/2024/01/23stddeduction40.pdf.,Aku,06/24/2025
2026,AL,single_adult,standard_deduction,taxable_income_subtraction,flat,35000,35499,NA,2525,NA,NA,"Alabama Department of Revenue. Standard Deduction/Optional Standard Deduction Tables and Dependent Exemption Table for the 2023 Tax Year. Published January 2024. Accessed June 9, 2025. https://www.revenue.alabama.gov/wp-content/uploads/2024/01/23stddeduction40.pdf.",https://www.revenue.alabama.gov/wp-content/uploads/2024/01/23stddeduction40.pdf.,Aku,06/24/2025
2026,AL,single_adult,standard_deduction,taxable_income_subtraction,flat,35500,Inf,NA,2500,NA,NA,"Alabama Department of Revenue. Standard Deduction/Optional Standard Deduction Tables and Dependent Exemption Table for the 2023 Tax Year. Published January 2024. Accessed June 9, 2025. https://www.revenue.alabama.gov/wp-content/uploads/2024/01/23stddeduction40.pdf.",https://www.revenue.alabama.gov/wp-content/uploads/2024/01/23stddeduction40.pdf.,Aku,06/24/2025
2026,AL,single_parent,dependent_exemption,taxable_income_subtraction,per_child,0,50000,NA,1000,NA,NA,"Alabama Department of Revenue. 2024 Form 40A Booklet: Short Form Resident Individual Income Tax Return and Instructions. Montgomery, AL: Alabama Department of Revenue, 2024. https://www.revenue.alabama.gov/wp-content/uploads/2025/01/24f40abk.pdf.",https://www.revenue.alabama.gov/wp-content/uploads/2025/01/24f40abk.pdf,LMa,07/24/2025
2026,AL,single_parent,dependent_exemption,taxable_income_subtraction,per_child,50001,100000,NA,500,NA,NA,"Alabama Department of Revenue. 2024 Form 40A Booklet: Short Form Resident Individual Income Tax Return and Instructions. Montgomery, AL: Alabama Department of Revenue, 2024. https://www.revenue.alabama.gov/wp-content/uploads/2025/01/24f40abk.pdf.",https://www.revenue.alabama.gov/wp-content/uploads/2025/01/24f40abk.pdf,LMa,07/24/2025
2026,AL,single_parent,dependent_exemption,taxable_income_subtraction,per_child,100001,Inf,NA,300,NA,NA,"Alabama Department of Revenue. 2024 Form 40A Booklet: Short Form Resident Individual Income Tax Return and Instructions. Montgomery, AL: Alabama Department of Revenue, 2024. https://www.revenue.alabama.gov/wp-content/uploads/2025/01/24f40abk.pdf.",https://www.revenue.alabama.gov/wp-content/uploads/2025/01/24f40abk.pdf,LMa,07/24/2025
2026,AL,married,dependent_exemption,taxable_income_subtraction,per_child,0,50000,NA,1000,NA,NA,"Alabama Department of Revenue. 2024 Form 40A Booklet: Short Form Resident Individual Income Tax Return and Instructions. Montgomery, AL: Alabama Department of Revenue, 2024. https://www.revenue.alabama.gov/wp-content/uploads/2025/01/24f40abk.pdf.",https://www.revenue.alabama.gov/wp-content/uploads/2025/01/24f40abk.pdf,LMa,07/24/2025
2026,AL,married,dependent_exemption,taxable_income_subtraction,per_child,50001,100000,NA,500,NA,NA,"Alabama Department of Revenue. 2024 Form 40A Booklet: Short Form Resident Individual Income Tax Return and Instructions. Montgomery, AL: Alabama Department of Revenue, 2024. https://www.revenue.alabama.gov/wp-content/uploads/2025/01/24f40abk.pdf.",https://www.revenue.alabama.gov/wp-content/uploads/2025/01/24f40abk.pdf,LMa,07/24/2025
2026,AL,married,dependent_exemption,taxable_income_subtraction,per_child,100001,Inf,NA,300,NA,NA,"Alabama Department of Revenue. 2024 Form 40A Booklet: Short Form Resident Individual Income Tax Return and Instructions. Montgomery, AL: Alabama Department of Revenue, 2024. https://www.revenue.alabama.gov/wp-content/uploads/2025/01/24f40abk.pdf.",https://www.revenue.alabama.gov/wp-content/uploads/2025/01/24f40abk.pdf,LMa,07/24/2025
2026,AZ,single_parent,dependent,credit,per_child,0,200000,NA,100,2025,NA,"Arizona Department of Revenue. 2025 Arizona Individual Income Tax Filing Instructions for Form 140. Phoenix: Arizona Department of Revenue, 2025. Downloaded 1/14/2026 from https://azdor.gov/forms/individual/form-140-resident-personal-income-tax-form-fillable.",https://azdor.gov/sites/default/files/document/FORMS_INDIVIDUAL_2025_140i.pdf,KSe,1/15/2026
2026,AZ,single_parent,dependent,credit,per_child,200001,201000,NA,95,2025,Phaseout multiplier = 0.95,"Arizona Department of Revenue. 2025 Arizona Individual Income Tax Filing Instructions for Form 140. Phoenix: Arizona Department of Revenue, 2025. Downloaded 1/14/2026 from https://azdor.gov/forms/individual/form-140-resident-personal-income-tax-form-fillable.",https://azdor.gov/sites/default/files/document/FORMS_INDIVIDUAL_2025_140i.pdf,KSe,1/15/2026
2026,AZ,single_parent,dependent,credit,per_child,201001,202000,NA,90,2025,Phaseout multiplier = 0.9,"Arizona Department of Revenue. 2025 Arizona Individual Income Tax Filing Instructions for Form 140. Phoenix: Arizona Department of Revenue, 2025. Downloaded 1/14/2026 from https://azdor.gov/forms/individual/form-140-resident-personal-income-tax-form-fillable.",https://azdor.gov/sites/default/files/document/FORMS_INDIVIDUAL_2025_140i.pdf,KSe,1/15/2026
2026,AZ,single_parent,dependent,credit,per_child,202001,203000,NA,85,2025,Phaseout multiplier = 0.85,"Arizona Department of Revenue. 2025 Arizona Individual Income Tax Filing Instructions for Form 140. Phoenix: Arizona Department of Revenue, 2025. Downloaded 1/14/2026 from https://azdor.gov/forms/individual/form-140-resident-personal-income-tax-form-fillable.",https://azdor.gov/sites/default/files/document/FORMS_INDIVIDUAL_2025_140i.pdf,KSe,1/15/2026
2026,AZ,single_parent,dependent,credit,per_child,203001,204000,NA,80,2025,Phaseout multiplier = 0.8,"Arizona Department of Revenue. 2025 Arizona Individual Income Tax Filing Instructions for Form 140. Phoenix: Arizona Department of Revenue, 2025. Downloaded 1/14/2026 from https://azdor.gov/forms/individual/form-140-resident-personal-income-tax-form-fillable.",https://azdor.gov/sites/default/files/document/FORMS_INDIVIDUAL_2025_140i.pdf,KSe,1/15/2026
2026,AZ,single_parent,dependent,credit,per_child,204001,205000,NA,75,2025,Phaseout multiplier = 0.75,"Arizona Department of Revenue. 2025 Arizona Individual Income Tax Filing Instructions for Form 140. Phoenix: Arizona Department of Revenue, 2025. Downloaded 1/14/2026 from https://azdor.gov/forms/individual/form-140-resident-personal-income-tax-form-fillable.",https://azdor.gov/sites/default/files/document/FORMS_INDIVIDUAL_2025_140i.pdf,KSe,1/15/2026
2026,AZ,single_parent,dependent,credit,per_child,205001,206000,NA,70,2025,Phaseout multiplier = 0.7,"Arizona Department of Revenue. 2025 Arizona Individual Income Tax Filing Instructions for Form 140. Phoenix: Arizona Department of Revenue, 2025. Downloaded 1/14/2026 from https://azdor.gov/forms/individual/form-140-resident-personal-income-tax-form-fillable.",https://azdor.gov/sites/default/files/document/FORMS_INDIVIDUAL_2025_140i.pdf,KSe,1/15/2026
2026,AZ,single_parent,dependent,credit,per_child,206001,207000,NA,65,2025,Phaseout multiplier = 0.65,"Arizona Department of Revenue. 2025 Arizona Individual Income Tax Filing Instructions for Form 140. Phoenix: Arizona Department of Revenue, 2025. Downloaded 1/14/2026 from https://azdor.gov/forms/individual/form-140-resident-personal-income-tax-form-fillable.",https://azdor.gov/sites/default/files/document/FORMS_INDIVIDUAL_2025_140i.pdf,KSe,1/15/2026
2026,AZ,single_parent,dependent,credit,per_child,207001,208000,NA,60,2025,Phaseout multiplier = 0.6,"Arizona Department of Revenue. 2025 Arizona Individual Income Tax Filing Instructions for Form 140. Phoenix: Arizona Department of Revenue, 2025. Downloaded 1/14/2026 from https://azdor.gov/forms/individual/form-140-resident-personal-income-tax-form-fillable.",https://azdor.gov/sites/default/files/document/FORMS_INDIVIDUAL_2025_140i.pdf,KSe,1/15/2026
2026,AZ,single_parent,dependent,credit,per_child,208001,209000,NA,55,2025,Phaseout multiplier = 0.55,"Arizona Department of Revenue. 2025 Arizona Individual Income Tax Filing Instructions for Form 140. Phoenix: Arizona Department of Revenue, 2025. Downloaded 1/14/2026 from https://azdor.gov/forms/individual/form-140-resident-personal-income-tax-form-fillable.",https://azdor.gov/sites/default/files/document/FORMS_INDIVIDUAL_2025_140i.pdf,KSe,1/15/2026
2026,AZ,single_parent,dependent,credit,per_child,209001,210000,NA,50,2025,Phaseout multiplier = 0.5,"Arizona Department of Revenue. 2025 Arizona Individual Income Tax Filing Instructions for Form 140. Phoenix: Arizona Department of Revenue, 2025. Downloaded 1/14/2026 from https://azdor.gov/forms/individual/form-140-resident-personal-income-tax-form-fillable.",https://azdor.gov/sites/default/files/document/FORMS_INDIVIDUAL_2025_140i.pdf,KSe,1/15/2026
2026,AZ,single_parent,dependent,credit,per_child,210001,211000,NA,45,2025,Phaseout multiplier = 0.45,"Arizona Department of Revenue. 2025 Arizona Individual Income Tax Filing Instructions for Form 140. Phoenix: Arizona Department of Revenue, 2025. Downloaded 1/14/2026 from https://azdor.gov/forms/individual/form-140-resident-personal-income-tax-form-fillable.",https://azdor.gov/sites/default/files/document/FORMS_INDIVIDUAL_2025_140i.pdf,KSe,1/15/2026
2026,AZ,single_parent,dependent,credit,per_child,211001,212000,NA,40,2025,Phaseout multiplier = 0.4,"Arizona Department of Revenue. 2025 Arizona Individual Income Tax Filing Instructions for Form 140. Phoenix: Arizona Department of Revenue, 2025. Downloaded 1/14/2026 from https://azdor.gov/forms/individual/form-140-resident-personal-income-tax-form-fillable.",https://azdor.gov/sites/default/files/document/FORMS_INDIVIDUAL_2025_140i.pdf,KSe,1/15/2026
2026,AZ,single_parent,dependent,credit,per_child,212001,213000,NA,35,2025,Phaseout multiplier = 0.35,"Arizona Department of Revenue. 2025 Arizona Individual Income Tax Filing Instructions for Form 140. Phoenix: Arizona Department of Revenue, 2025. Downloaded 1/14/2026 from https://azdor.gov/forms/individual/form-140-resident-personal-income-tax-form-fillable.",https://azdor.gov/sites/default/files/document/FORMS_INDIVIDUAL_2025_140i.pdf,KSe,1/15/2026
2026,AZ,single_parent,dependent,credit,per_child,213001,214000,NA,30,2025,Phaseout multiplier = 0.3,"Arizona Department of Revenue. 2025 Arizona Individual Income Tax Filing Instructions for Form 140. Phoenix: Arizona Department of Revenue, 2025. Downloaded 1/14/2026 from https://azdor.gov/forms/individual/form-140-resident-personal-income-tax-form-fillable.",https://azdor.gov/sites/default/files/document/FORMS_INDIVIDUAL_2025_140i.pdf,KSe,1/15/2026
2026,AZ,single_parent,dependent,credit,per_child,214001,215000,NA,25,2025,Phaseout multiplier = 0.25,"Arizona Department of Revenue. 2025 Arizona Individual Income Tax Filing Instructions for Form 140. Phoenix: Arizona Department of Revenue, 2025. Downloaded 1/14/2026 from https://azdor.gov/forms/individual/form-140-resident-personal-income-tax-form-fillable.",https://azdor.gov/sites/default/files/document/FORMS_INDIVIDUAL_2025_140i.pdf,KSe,1/15/2026
2026,AZ,single_parent,dependent,credit,per_child,215001,216000,NA,20,2025,Phaseout multiplier = 0.2,"Arizona Department of Revenue. 2025 Arizona Individual Income Tax Filing Instructions for Form 140. Phoenix: Arizona Department of Revenue, 2025. Downloaded 1/14/2026 from https://azdor.gov/forms/individual/form-140-resident-personal-income-tax-form-fillable.",https://azdor.gov/sites/default/files/document/FORMS_INDIVIDUAL_2025_140i.pdf,KSe,1/15/2026
2026,AZ,single_parent,dependent,credit,per_child,216001,217000,NA,15,2025,Phaseout multiplier = 0.15,"Arizona Department of Revenue. 2025 Arizona Individual Income Tax Filing Instructions for Form 140. Phoenix: Arizona Department of Revenue, 2025. Downloaded 1/14/2026 from https://azdor.gov/forms/individual/form-140-resident-personal-income-tax-form-fillable.",https://azdor.gov/sites/default/files/document/FORMS_INDIVIDUAL_2025_140i.pdf,KSe,1/15/2026
2026,AZ,single_parent,dependent,credit,per_child,217001,218000,NA,10,2025,Phaseout multiplier = 0.1,"Arizona Department of Revenue. 2025 Arizona Individual Income Tax Filing Instructions for Form 140. Phoenix: Arizona Department of Revenue, 2025. Downloaded 1/14/2026 from https://azdor.gov/forms/individual/form-140-resident-personal-income-tax-form-fillable.",https://azdor.gov/sites/default/files/document/FORMS_INDIVIDUAL_2025_140i.pdf,KSe,1/15/2026
2026,AZ,single_parent,dependent,credit,per_child,218001,219000,NA,5,2025,Phaseout multiplier = 0.05,"Arizona Department of Revenue. 2025 Arizona Individual Income Tax Filing Instructions for Form 140. Phoenix: Arizona Department of Revenue, 2025. Downloaded 1/14/2026 from https://azdor.gov/forms/individual/form-140-resident-personal-income-tax-form-fillable.",https://azdor.gov/sites/default/files/document/FORMS_INDIVIDUAL_2025_140i.pdf,KSe,1/15/2026
2026,AZ,single_parent,dependent,credit,per_child,219001,Inf,NA,0,2025,Phaseout multiplier = 0.0,"Arizona Department of Revenue. 2025 Arizona Individual Income Tax Filing Instructions for Form 140. Phoenix: Arizona Department of Revenue, 2025. Downloaded 1/14/2026 from https://azdor.gov/forms/individual/form-140-resident-personal-income-tax-form-fillable.",https://azdor.gov/sites/default/files/document/FORMS_INDIVIDUAL_2025_140i.pdf,KSe,1/15/2026
2026,AZ,married,dependent,credit,per_child,0,400000,NA,100,2025,NA,"Arizona Department of Revenue. 2025 Arizona Individual Income Tax Filing Instructions for Form 140. Phoenix: Arizona Department of Revenue, 2025. Downloaded 1/14/2026 from https://azdor.gov/forms/individual/form-140-resident-personal-income-tax-form-fillable.",https://azdor.gov/sites/default/files/document/FORMS_INDIVIDUAL_2025_140i.pdf,KSe,1/15/2026
2026,AZ,married,dependent,credit,per_child,400001,401000,NA,95,2025,Phaseout multiplier = 0.95,"Arizona Department of Revenue. 2025 Arizona Individual Income Tax Filing Instructions for Form 140. Phoenix: Arizona Department of Revenue, 2025. Downloaded 1/14/2026 from https://azdor.gov/forms/individual/form-140-resident-personal-income-tax-form-fillable.",https://azdor.gov/sites/default/files/document/FORMS_INDIVIDUAL_2025_140i.pdf,KSe,1/15/2026
2026,AZ,married,dependent,credit,per_child,401001,402000,NA,90,2025,Phaseout multiplier = 0.9,"Arizona Department of Revenue. 2025 Arizona Individual Income Tax Filing Instructions for Form 140. Phoenix: Arizona Department of Revenue, 2025. Downloaded 1/14/2026 from https://azdor.gov/forms/individual/form-140-resident-personal-income-tax-form-fillable.",https://azdor.gov/sites/default/files/document/FORMS_INDIVIDUAL_2025_140i.pdf,KSe,1/15/2026
2026,AZ,married,dependent,credit,per_child,402001,403000,NA,85,2025,Phaseout multiplier = 0.85,"Arizona Department of Revenue. 2025 Arizona Individual Income Tax Filing Instructions for Form 140. Phoenix: Arizona Department of Revenue, 2025. Downloaded 1/14/2026 from https://azdor.gov/forms/individual/form-140-resident-personal-income-tax-form-fillable.",https://azdor.gov/sites/default/files/document/FORMS_INDIVIDUAL_2025_140i.pdf,KSe,1/15/2026
2026,AZ,married,dependent,credit,per_child,403001,404000,NA,80,2025,Phaseout multiplier = 0.8,"Arizona Department of Revenue. 2025 Arizona Individual Income Tax Filing Instructions for Form 140. Phoenix: Arizona Department of Revenue, 2025. Downloaded 1/14/2026 from https://azdor.gov/forms/individual/form-140-resident-personal-income-tax-form-fillable.",https://azdor.gov/sites/default/files/document/FORMS_INDIVIDUAL_2025_140i.pdf,KSe,1/15/2026
2026,AZ,married,dependent,credit,per_child,404001,405000,NA,75,2025,Phaseout multiplier = 0.75,"Arizona Department of Revenue. 2025 Arizona Individual Income Tax Filing Instructions for Form 140. Phoenix: Arizona Department of Revenue, 2025. Downloaded 1/14/2026 from https://azdor.gov/forms/individual/form-140-resident-personal-income-tax-form-fillable.",https://azdor.gov/sites/default/files/document/FORMS_INDIVIDUAL_2025_140i.pdf,KSe,1/15/2026
2026,AZ,married,dependent,credit,per_child,405001,406000,NA,70,2025,Phaseout multiplier = 0.7,"Arizona Department of Revenue. 2025 Arizona Individual Income Tax Filing Instructions for Form 140. Phoenix: Arizona Department of Revenue, 2025. Downloaded 1/14/2026 from https://azdor.gov/forms/individual/form-140-resident-personal-income-tax-form-fillable.",https://azdor.gov/sites/default/files/document/FORMS_INDIVIDUAL_2025_140i.pdf,KSe,1/15/2026
2026,AZ,married,dependent,credit,per_child,406001,407000,NA,65,2025,Phaseout multiplier = 0.65,"Arizona Department of Revenue. 2025 Arizona Individual Income Tax Filing Instructions for Form 140. Phoenix: Arizona Department of Revenue, 2025. Downloaded 1/14/2026 from https://azdor.gov/forms/individual/form-140-resident-personal-income-tax-form-fillable.",https://azdor.gov/sites/default/files/document/FORMS_INDIVIDUAL_2025_140i.pdf,KSe,1/15/2026
2026,AZ,married,dependent,credit,per_child,407001,408000,NA,60,2025,Phaseout multiplier = 0.6,"Arizona Department of Revenue. 2025 Arizona Individual Income Tax Filing Instructions for Form 140. Phoenix: Arizona Department of Revenue, 2025. Downloaded 1/14/2026 from https://azdor.gov/forms/individual/form-140-resident-personal-income-tax-form-fillable.",https://azdor.gov/sites/default/files/document/FORMS_INDIVIDUAL_2025_140i.pdf,KSe,1/15/2026
2026,AZ,married,dependent,credit,per_child,408001,409000,NA,55,2025,Phaseout multiplier = 0.55,"Arizona Department of Revenue. 2025 Arizona Individual Income Tax Filing Instructions for Form 140. Phoenix: Arizona Department of Revenue, 2025. Downloaded 1/14/2026 from https://azdor.gov/forms/individual/form-140-resident-personal-income-tax-form-fillable.",https://azdor.gov/sites/default/files/document/FORMS_INDIVIDUAL_2025_140i.pdf,KSe,1/15/2026
2026,AZ,married,dependent,credit,per_child,409001,410000,NA,50,2025,Phaseout multiplier = 0.5,"Arizona Department of Revenue. 2025 Arizona Individual Income Tax Filing Instructions for Form 140. Phoenix: Arizona Department of Revenue, 2025. Downloaded 1/14/2026 from https://azdor.gov/forms/individual/form-140-resident-personal-income-tax-form-fillable.",https://azdor.gov/sites/default/files/document/FORMS_INDIVIDUAL_2025_140i.pdf,KSe,1/15/2026
2026,AZ,married,dependent,credit,per_child,410001,411000,NA,45,2025,Phaseout multiplier = 0.45,"Arizona Department of Revenue. 2025 Arizona Individual Income Tax Filing Instructions for Form 140. Phoenix: Arizona Department of Revenue, 2025. Downloaded 1/14/2026 from https://azdor.gov/forms/individual/form-140-resident-personal-income-tax-form-fillable.",https://azdor.gov/sites/default/files/document/FORMS_INDIVIDUAL_2025_140i.pdf,KSe,1/15/2026
2026,AZ,married,dependent,credit,per_child,411001,412000,NA,40,2025,Phaseout multiplier = 0.4,"Arizona Department of Revenue. 2025 Arizona Individual Income Tax Filing Instructions for Form 140. Phoenix: Arizona Department of Revenue, 2025. Downloaded 1/14/2026 from https://azdor.gov/forms/individual/form-140-resident-personal-income-tax-form-fillable.",https://azdor.gov/sites/default/files/document/FORMS_INDIVIDUAL_2025_140i.pdf,KSe,1/15/2026
2026,AZ,married,dependent,credit,per_child,412001,413000,NA,35,2025,Phaseout multiplier = 0.35,"Arizona Department of Revenue. 2025 Arizona Individual Income Tax Filing Instructions for Form 140. Phoenix: Arizona Department of Revenue, 2025. Downloaded 1/14/2026 from https://azdor.gov/forms/individual/form-140-resident-personal-income-tax-form-fillable.",https://azdor.gov/sites/default/files/document/FORMS_INDIVIDUAL_2025_140i.pdf,KSe,1/15/2026
2026,AZ,married,dependent,credit,per_child,413001,414000,NA,30,2025,Phaseout multiplier = 0.3,"Arizona Department of Revenue. 2025 Arizona Individual Income Tax Filing Instructions for Form 140. Phoenix: Arizona Department of Revenue, 2025. Downloaded 1/14/2026 from https://azdor.gov/forms/individual/form-140-resident-personal-income-tax-form-fillable.",https://azdor.gov/sites/default/files/document/FORMS_INDIVIDUAL_2025_140i.pdf,KSe,1/15/2026
2026,AZ,married,dependent,credit,per_child,414001,415000,NA,25,2025,Phaseout multiplier = 0.25,"Arizona Department of Revenue. 2025 Arizona Individual Income Tax Filing Instructions for Form 140. Phoenix: Arizona Department of Revenue, 2025. Downloaded 1/14/2026 from https://azdor.gov/forms/individual/form-140-resident-personal-income-tax-form-fillable.",https://azdor.gov/sites/default/files/document/FORMS_INDIVIDUAL_2025_140i.pdf,KSe,1/15/2026
2026,AZ,married,dependent,credit,per_child,415001,416000,NA,20,2025,Phaseout multiplier = 0.2,"Arizona Department of Revenue. 2025 Arizona Individual Income Tax Filing Instructions for Form 140. Phoenix: Arizona Department of Revenue, 2025. Downloaded 1/14/2026 from https://azdor.gov/forms/individual/form-140-resident-personal-income-tax-form-fillable.",https://azdor.gov/sites/default/files/document/FORMS_INDIVIDUAL_2025_140i.pdf,KSe,1/15/2026
2026,AZ,married,dependent,credit,per_child,416001,417000,NA,15,2025,Phaseout multiplier = 0.15,"Arizona Department of Revenue. 2025 Arizona Individual Income Tax Filing Instructions for Form 140. Phoenix: Arizona Department of Revenue, 2025. Downloaded 1/14/2026 from https://azdor.gov/forms/individual/form-140-resident-personal-income-tax-form-fillable.",https://azdor.gov/sites/default/files/document/FORMS_INDIVIDUAL_2025_140i.pdf,KSe,1/15/2026
2026,AZ,married,dependent,credit,per_child,417001,418000,NA,10,2025,Phaseout multiplier = 0.1,"Arizona Department of Revenue. 2025 Arizona Individual Income Tax Filing Instructions for Form 140. Phoenix: Arizona Department of Revenue, 2025. Downloaded 1/14/2026 from https://azdor.gov/forms/individual/form-140-resident-personal-income-tax-form-fillable.",https://azdor.gov/sites/default/files/document/FORMS_INDIVIDUAL_2025_140i.pdf,KSe,1/15/2026
2026,AZ,married,dependent,credit,per_child,418001,419000,NA,5,2025,Phaseout multiplier = 0.05,"Arizona Department of Revenue. 2025 Arizona Individual Income Tax Filing Instructions for Form 140. Phoenix: Arizona Department of Revenue, 2025. Downloaded 1/14/2026 from https://azdor.gov/forms/individual/form-140-resident-personal-income-tax-form-fillable.",https://azdor.gov/sites/default/files/document/FORMS_INDIVIDUAL_2025_140i.pdf,KSe,1/15/2026
2026,AZ,married,dependent,credit,per_child,419001,Inf,NA,0,2025,Phaseout multiplier = 0.0,"Arizona Department of Revenue. 2025 Arizona Individual Income Tax Filing Instructions for Form 140. Phoenix: Arizona Department of Revenue, 2025. Downloaded 1/14/2026 from https://azdor.gov/forms/individual/form-140-resident-personal-income-tax-form-fillable.",https://azdor.gov/sites/default/files/document/FORMS_INDIVIDUAL_2025_140i.pdf,KSe,1/15/2026
2026,CA,single_parent,child_dependent_care,credit,percent_of_fed_cdctc,0,40000,NA,0.5,2025,percentage of federal cdctc,"California Franchise Tax Board. Child and Dependent Care Expenses Credit. Sacramento: California Franchise Tax Board. Accessed January 21, 2026, last updated December 22, 2025. https://www.ftb.ca.gov/file/personal/credits/child-and-dependent-care-expenses-credit.html.",https://www.ftb.ca.gov/forms/2025/2025-3506-instructions.html,KSe,01/21/2026
2026,CA,single_parent,child_dependent_care,credit,percent_of_fed_cdctc,40001,70000,NA,0.43,2025,percentage of federal cdctc,"California Franchise Tax Board. Child and Dependent Care Expenses Credit. Sacramento: California Franchise Tax Board. Accessed January 21, 2026, last updated December 22, 2025. https://www.ftb.ca.gov/file/personal/credits/child-and-dependent-care-expenses-credit.html.",https://www.ftb.ca.gov/forms/2025/2025-3506-instructions.html,KSe,01/21/2026
2026,CA,single_parent,child_dependent_care,credit,percent_of_fed_cdctc,70001,100000,NA,0.34,2025,percentage of federal cdctc,"California Franchise Tax Board. Child and Dependent Care Expenses Credit. Sacramento: California Franchise Tax Board. Accessed January 21, 2026, last updated December 22, 2025. https://www.ftb.ca.gov/file/personal/credits/child-and-dependent-care-expenses-credit.html.",https://www.ftb.ca.gov/forms/2025/2025-3506-instructions.html,KSe,01/21/2026
2026,CA,married,child_dependent_care,credit,percent_of_fed_cdctc,0,40000,NA,0.5,2025,percentage of federal cdctc,"California Franchise Tax Board. Child and Dependent Care Expenses Credit. Sacramento: California Franchise Tax Board. Accessed January 21, 2026, last updated December 22, 2025. https://www.ftb.ca.gov/file/personal/credits/child-and-dependent-care-expenses-credit.html.",https://www.ftb.ca.gov/forms/2025/2025-3506-instructions.html,KSe,01/21/2026
2026,CA,married,child_dependent_care,credit,percent_of_fed_cdctc,40001,70000,NA,0.43,2025,percentage of federal cdctc,"California Franchise Tax Board. Child and Dependent Care Expenses Credit. Sacramento: California Franchise Tax Board. Accessed January 21, 2026, last updated December 22, 2025. https://www.ftb.ca.gov/file/personal/credits/child-and-dependent-care-expenses-credit.html.",https://www.ftb.ca.gov/forms/2025/2025-3506-instructions.html,KSe,01/21/2026
2026,CA,married,child_dependent_care,credit,percent_of_fed_cdctc,70001,100000,NA,0.34,2025,percentage of federal cdctc,"California Franchise Tax Board. Child and Dependent Care Expenses Credit. Sacramento: California Franchise Tax Board. Accessed January 21, 2026, last updated December 22, 2025. https://www.ftb.ca.gov/file/personal/credits/child-and-dependent-care-expenses-credit.html.",https://www.ftb.ca.gov/forms/2025/2025-3506-instructions.html,KSe,01/21/2026
2026,CO,single_parent,ctc,credit,per_child,0,26000,NA,1200,2025,"IF at least one child is less than 6 and income is less than 77000, add with family_affordability_credit","Colorado Department of Revenue. 2025 Colorado Child Tax Credit. Denver, CO, 2025. Accessed January 23, 2026.",https://tax.colorado.gov/sites/tax/files/documents/DR_0104CN_2025.pdf,KSe,01/23/2026
2026,CO,single_parent,ctc,credit,per_child,26001,51000,NA,600,2025,"IF at least one child is less than 6 and income is less than 77000, add with family_affordability_credit","Colorado Department of Revenue. 2025 Colorado Child Tax Credit. Denver, CO, 2025. Accessed January 23, 2026.",https://tax.colorado.gov/sites/tax/files/documents/DR_0104CN_2025.pdf,KSe,01/23/2026
2026,CO,single_parent,ctc,credit,per_child,51001,77000,NA,200,2025,"IF at least one child is less than 6 and income is less than 77000, add with family_affordability_credit","Colorado Department of Revenue. 2025 Colorado Child Tax Credit. Denver, CO, 2025. Accessed January 23, 2026.",https://tax.colorado.gov/sites/tax/files/documents/DR_0104CN_2025.pdf,KSe,01/23/2026
2026,CO,married,ctc,credit,per_child,0,36000,NA,1200,2025,"IF at least one child is less than 6 and income is less than 87000, add with family_affordability_credit","Colorado Department of Revenue. 2025 Colorado Child Tax Credit. Denver, CO, 2025. Accessed January 23, 2026.",https://tax.colorado.gov/sites/tax/files/documents/DR_0104CN_2025.pdf,KSe,01/23/2026
2026,CO,married,ctc,credit,per_child,36001,61000,NA,600,2025,"IF at least one child is less than 6 and income is less than 87000, add with family_affordability_credit","Colorado Department of Revenue. 2025 Colorado Child Tax Credit. Denver, CO, 2025. Accessed January 23, 2026.",https://tax.colorado.gov/sites/tax/files/documents/DR_0104CN_2025.pdf,KSe,01/23/2026
2026,CO,married,ctc,credit,per_child,61001,87000,NA,200,2025,"IF at least one child is less than 6 and income is less than 87000, add with family_affordability_credit","Colorado Department of Revenue. 2025 Colorado Child Tax Credit. Denver, CO, 2025. Accessed January 23, 2026.",https://tax.colorado.gov/sites/tax/files/documents/DR_0104CN_2025.pdf,KSe,01/23/2026
2026,CO,single_parent,family_affordability_credit,credit,per_child_under6,0,15000,NA,3273,2025,"If child is LESS than 6, also eligible for family_affordability_credit","Colorado Department of Revenue. 2025 Colorado Child Tax Credit. Denver, CO, 2025. Accessed January 23, 2026.",https://tax.colorado.gov/sites/tax/files/documents/DR_0104CN_2025.pdf,KSe,01/23/2026
2026,CO,single_parent,family_affordability_credit,credit,per_child_under6,15001,20000,NA,3048,2025,"If child is LESS than 6, also eligible for family_affordability_credit","Colorado Department of Revenue. 2025 Colorado Child Tax Credit. Denver, CO, 2025. Accessed January 23, 2026.",https://tax.colorado.gov/sites/tax/files/documents/DR_0104CN_2025.pdf,KSe,01/23/2026
2026,CO,single_parent,family_affordability_credit,credit,per_child_under6,20001,25000,NA,2823,2025,"If child is LESS than 6, also eligible for family_affordability_credit","Colorado Department of Revenue. 2025 Colorado Child Tax Credit. Denver, CO, 2025. Accessed January 23, 2026.",https://tax.colorado.gov/sites/tax/files/documents/DR_0104CN_2025.pdf,KSe,01/23/2026
2026,CO,single_parent,family_affordability_credit,credit,per_child_under6,25001,30000,NA,2598,2025,"If child is LESS than 6, also eligible for family_affordability_credit","Colorado Department of Revenue. 2025 Colorado Child Tax Credit. Denver, CO, 2025. Accessed January 23, 2026.",https://tax.colorado.gov/sites/tax/files/documents/DR_0104CN_2025.pdf,KSe,01/23/2026
2026,CO,single_parent,family_affordability_credit,credit,per_child_under6,30001,35000,NA,2373,2025,"If child is LESS than 6, also eligible for family_affordability_credit","Colorado Department of Revenue. 2025 Colorado Child Tax Credit. Denver, CO, 2025. Accessed January 23, 2026.",https://tax.colorado.gov/sites/tax/files/documents/DR_0104CN_2025.pdf,KSe,01/23/2026
2026,CO,single_parent,family_affordability_credit,credit,per_child_under6,35001,40000,NA,2148,2025,"If child is LESS than 6, also eligible for family_affordability_credit","Colorado Department of Revenue. 2025 Colorado Child Tax Credit. Denver, CO, 2025. Accessed January 23, 2026.",https://tax.colorado.gov/sites/tax/files/documents/DR_0104CN_2025.pdf,KSe,01/23/2026
2026,CO,single_parent,family_affordability_credit,credit,per_child_under6,40001,45000,NA,1923,2025,"If child is LESS than 6, also eligible for family_affordability_credit","Colorado Department of Revenue. 2025 Colorado Child Tax Credit. Denver, CO, 2025. Accessed January 23, 2026.",https://tax.colorado.gov/sites/tax/files/documents/DR_0104CN_2025.pdf,KSe,01/23/2026
2026,CO,single_parent,family_affordability_credit,credit,per_child_under6,45001,50000,NA,1698,2025,"If child is LESS than 6, also eligible for family_affordability_credit","Colorado Department of Revenue. 2025 Colorado Child Tax Credit. Denver, CO, 2025. Accessed January 23, 2026.",https://tax.colorado.gov/sites/tax/files/documents/DR_0104CN_2025.pdf,KSe,01/23/2026
2026,CO,single_parent,family_affordability_credit,credit,per_child_under6,50001,55000,NA,1473,2025,"If child is LESS than 6, also eligible for family_affordability_credit","Colorado Department of Revenue. 2025 Colorado Child Tax Credit. Denver, CO, 2025. Accessed January 23, 2026.",https://tax.colorado.gov/sites/tax/files/documents/DR_0104CN_2025.pdf,KSe,01/23/2026
2026,CO,single_parent,family_affordability_credit,credit,per_child_under6,55001,60000,NA,1248,2025,"If child is LESS than 6, also eligible for family_affordability_credit","Colorado Department of Revenue. 2025 Colorado Child Tax Credit. Denver, CO, 2025. Accessed January 23, 2026.",https://tax.colorado.gov/sites/tax/files/documents/DR_0104CN_2025.pdf,KSe,01/23/2026
2026,CO,single_parent,family_affordability_credit,credit,per_child_under6,60001,65000,NA,1023,2025,"If child is LESS than 6, also eligible for family_affordability_credit","Colorado Department of Revenue. 2025 Colorado Child Tax Credit. Denver, CO, 2025. Accessed January 23, 2026.",https://tax.colorado.gov/sites/tax/files/documents/DR_0104CN_2025.pdf,KSe,01/23/2026
2026,CO,single_parent,family_affordability_credit,credit,per_child_under6,65001,70000,NA,798,2025,"If child is LESS than 6, also eligible for family_affordability_credit","Colorado Department of Revenue. 2025 Colorado Child Tax Credit. Denver, CO, 2025. Accessed January 23, 2026.",https://tax.colorado.gov/sites/tax/files/documents/DR_0104CN_2025.pdf,KSe,01/23/2026
2026,CO,single_parent,family_affordability_credit,credit,per_child_under6,70001,75000,NA,573,2025,"If child is LESS than 6, also eligible for family_affordability_credit","Colorado Department of Revenue. 2025 Colorado Child Tax Credit. Denver, CO, 2025. Accessed January 23, 2026.",https://tax.colorado.gov/sites/tax/files/documents/DR_0104CN_2025.pdf,KSe,01/23/2026
2026,CO,single_parent,family_affordability_credit,credit,per_child_under6,75001,80000,NA,348,2025,"If child is LESS than 6, also eligible for family_affordability_credit","Colorado Department of Revenue. 2025 Colorado Child Tax Credit. Denver, CO, 2025. Accessed January 23, 2026.",https://tax.colorado.gov/sites/tax/files/documents/DR_0104CN_2025.pdf,KSe,01/23/2026
2026,CO,single_parent,family_affordability_credit,credit,per_child_under6,80001,85000,NA,123,2025,"If child is LESS than 6, also eligible for family_affordability_credit","Colorado Department of Revenue. 2025 Colorado Child Tax Credit. Denver, CO, 2025. Accessed January 23, 2026.",https://tax.colorado.gov/sites/tax/files/documents/DR_0104CN_2025.pdf,KSe,01/23/2026
2026,CO,single_parent,family_affordability_credit,credit,per_child_under6,85001,Inf,NA,0,2025,"If child is LESS than 6, also eligible for family_affordability_credit","Colorado Department of Revenue. 2025 Colorado Child Tax Credit. Denver, CO, 2025. Accessed January 23, 2026.",https://tax.colorado.gov/sites/tax/files/documents/DR_0104CN_2025.pdf,KSe,01/23/2026
2026,CO,married,family_affordability_credit,credit,per_child_under6,0,26000,NA,3273,2025,"If child is LESS than 6, also eligible for family_affordability_credit","Colorado Department of Revenue. 2025 Colorado Child Tax Credit. Denver, CO, 2025. Accessed January 23, 2026.",https://tax.colorado.gov/sites/tax/files/documents/DR_0104CN_2025.pdf,KSe,01/23/2026
2026,CO,married,family_affordability_credit,credit,per_child_under6,26001,31000,NA,3048,2025,"If child is LESS than 6, also eligible for family_affordability_credit","Colorado Department of Revenue. 2025 Colorado Child Tax Credit. Denver, CO, 2025. Accessed January 23, 2026.",https://tax.colorado.gov/sites/tax/files/documents/DR_0104CN_2025.pdf,KSe,01/23/2026
2026,CO,married,family_affordability_credit,credit,per_child_under6,31001,36000,NA,2823,2025,"If child is LESS than 6, also eligible for family_affordability_credit","Colorado Department of Revenue. 2025 Colorado Child Tax Credit. Denver, CO, 2025. Accessed January 23, 2026.",https://tax.colorado.gov/sites/tax/files/documents/DR_0104CN_2025.pdf,KSe,01/23/2026
2026,CO,married,family_affordability_credit,credit,per_child_under6,36001,41000,NA,2598,2025,"If child is LESS than 6, also eligible for family_affordability_credit","Colorado Department of Revenue. 2025 Colorado Child Tax Credit. Denver, CO, 2025. Accessed January 23, 2026.",https://tax.colorado.gov/sites/tax/files/documents/DR_0104CN_2025.pdf,KSe,01/23/2026
2026,CO,married,family_affordability_credit,credit,per_child_under6,41001,46000,NA,2373,2025,"If child is LESS than 6, also eligible for family_affordability_credit","Colorado Department of Revenue. 2025 Colorado Child Tax Credit. Denver, CO, 2025. Accessed January 23, 2026.",https://tax.colorado.gov/sites/tax/files/documents/DR_0104CN_2025.pdf,KSe,01/23/2026
2026,CO,married,family_affordability_credit,credit,per_child_under6,46001,51000,NA,2148,2025,"If child is LESS than 6, also eligible for family_affordability_credit","Colorado Department of Revenue. 2025 Colorado Child Tax Credit. Denver, CO, 2025. Accessed January 23, 2026.",https://tax.colorado.gov/sites/tax/files/documents/DR_0104CN_2025.pdf,KSe,01/23/2026
2026,CO,married,family_affordability_credit,credit,per_child_under6,51001,56000,NA,1923,2025,"If child is LESS than 6, also eligible for family_affordability_credit","Colorado Department of Revenue. 2025 Colorado Child Tax Credit. Denver, CO, 2025. Accessed January 23, 2026.",https://tax.colorado.gov/sites/tax/files/documents/DR_0104CN_2025.pdf,KSe,01/23/2026
2026,CO,married,family_affordability_credit,credit,per_child_under6,56001,61000,NA,1698,2025,"If child is LESS than 6, also eligible for family_affordability_credit","Colorado Department of Revenue. 2025 Colorado Child Tax Credit. Denver, CO, 2025. Accessed January 23, 2026.",https://tax.colorado.gov/sites/tax/files/documents/DR_0104CN_2025.pdf,KSe,01/23/2026
2026,CO,married,family_affordability_credit,credit,per_child_under6,61001,66000,NA,1473,2025,"If child is LESS than 6, also eligible for family_affordability_credit","Colorado Department of Revenue. 2025 Colorado Child Tax Credit. Denver, CO, 2025. Accessed January 23, 2026.",https://tax.colorado.gov/sites/tax/files/documents/DR_0104CN_2025.pdf,KSe,01/23/2026
2026,CO,married,family_affordability_credit,credit,per_child_under6,66001,71000,NA,1248,2025,"If child is LESS than 6, also eligible for family_affordability_credit","Colorado Department of Revenue. 2025 Colorado Child Tax Credit. Denver, CO, 2025. Accessed January 23, 2026.",https://tax.colorado.gov/sites/tax/files/documents/DR_0104CN_2025.pdf,KSe,01/23/2026
2026,CO,married,family_affordability_credit,credit,per_child_under6,71001,76000,NA,1023,2025,"If child is LESS than 6, also eligible for family_affordability_credit","Colorado Department of Revenue. 2025 Colorado Child Tax Credit. Denver, CO, 2025. Accessed January 23, 2026.",https://tax.colorado.gov/sites/tax/files/documents/DR_0104CN_2025.pdf,KSe,01/23/2026
2026,CO,married,family_affordability_credit,credit,per_child_under6,76001,81000,NA,798,2025,"If child is LESS than 6, also eligible for family_affordability_credit","Colorado Department of Revenue. 2025 Colorado Child Tax Credit. Denver, CO, 2025. Accessed January 23, 2026.",https://tax.colorado.gov/sites/tax/files/documents/DR_0104CN_2025.pdf,KSe,01/23/2026
2026,CO,married,family_affordability_credit,credit,per_child_under6,81001,86000,NA,573,2025,"If child is LESS than 6, also eligible for family_affordability_credit","Colorado Department of Revenue. 2025 Colorado Child Tax Credit. Denver, CO, 2025. Accessed January 23, 2026.",https://tax.colorado.gov/sites/tax/files/documents/DR_0104CN_2025.pdf,KSe,01/23/2026
2026,CO,married,family_affordability_credit,credit,per_child_under6,86001,91000,NA,348,2025,"If child is LESS than 6, also eligible for family_affordability_credit","Colorado Department of Revenue. 2025 Colorado Child Tax Credit. Denver, CO, 2025. Accessed January 23, 2026.",https://tax.colorado.gov/sites/tax/files/documents/DR_0104CN_2025.pdf,KSe,01/23/2026
2026,CO,married,family_affordability_credit,credit,per_child_under6,91001,96000,NA,123,2025,"If child is LESS than 6, also eligible for family_affordability_credit","Colorado Department of Revenue. 2025 Colorado Child Tax Credit. Denver, CO, 2025. Accessed January 23, 2026.",https://tax.colorado.gov/sites/tax/files/documents/DR_0104CN_2025.pdf,KSe,01/23/2026
2026,CO,married,family_affordability_credit,credit,per_child_under6,96001,Inf,NA,0,2025,"If child is LESS than 6, also eligible for family_affordability_credit","Colorado Department of Revenue. 2025 Colorado Child Tax Credit. Denver, CO, 2025. Accessed January 23, 2026.",https://tax.colorado.gov/sites/tax/files/documents/DR_0104CN_2025.pdf,KSe,01/23/2026
2026,CO,single_parent,family_affordability_credit,credit,per_child_6plus,0,15000,NA,2455,2025,"If child is MORE than 6 and less than 17, eligible for family_affordability_credit","Colorado Department of Revenue. 2025 Colorado Child Tax Credit. Denver, CO, 2025. Accessed January 23, 2026.",https://tax.colorado.gov/sites/tax/files/documents/DR_0104CN_2025.pdf,KSe,01/23/2026
2026,CO,single_parent,family_affordability_credit,credit,per_child_6plus,15001,20000,NA,2286,2025,"If child is MORE than 6 and less than 17, eligible for family_affordability_credit","Colorado Department of Revenue. 2025 Colorado Child Tax Credit. Denver, CO, 2025. Accessed January 23, 2026.",https://tax.colorado.gov/sites/tax/files/documents/DR_0104CN_2025.pdf,KSe,01/23/2026
2026,CO,single_parent,family_affordability_credit,credit,per_child_6plus,20001,25000,NA,2117,2025,"If child is MORE than 6 and less than 17, eligible for family_affordability_credit","Colorado Department of Revenue. 2025 Colorado Child Tax Credit. Denver, CO, 2025. Accessed January 23, 2026.",https://tax.colorado.gov/sites/tax/files/documents/DR_0104CN_2025.pdf,KSe,01/23/2026
2026,CO,single_parent,family_affordability_credit,credit,per_child_6plus,25001,30000,NA,1949,2025,"If child is MORE than 6 and less than 17, eligible for family_affordability_credit","Colorado Department of Revenue. 2025 Colorado Child Tax Credit. Denver, CO, 2025. Accessed January 23, 2026.",https://tax.colorado.gov/sites/tax/files/documents/DR_0104CN_2025.pdf,KSe,01/23/2026
2026,CO,single_parent,family_affordability_credit,credit,per_child_6plus,30001,35000,NA,1780,2025,"If child is MORE than 6 and less than 17, eligible for family_affordability_credit","Colorado Department of Revenue. 2025 Colorado Child Tax Credit. Denver, CO, 2025. Accessed January 23, 2026.",https://tax.colorado.gov/sites/tax/files/documents/DR_0104CN_2025.pdf,KSe,01/23/2026
2026,CO,single_parent,family_affordability_credit,credit,per_child_6plus,35001,40000,NA,1611,2025,"If child is MORE than 6 and less than 17, eligible for family_affordability_credit","Colorado Department of Revenue. 2025 Colorado Child Tax Credit. Denver, CO, 2025. Accessed January 23, 2026.",https://tax.colorado.gov/sites/tax/files/documents/DR_0104CN_2025.pdf,KSe,01/23/2026
2026,CO,single_parent,family_affordability_credit,credit,per_child_6plus,40001,45000,NA,1442,2025,"If child is MORE than 6 and less than 17, eligible for family_affordability_credit","Colorado Department of Revenue. 2025 Colorado Child Tax Credit. Denver, CO, 2025. Accessed January 23, 2026.",https://tax.colorado.gov/sites/tax/files/documents/DR_0104CN_2025.pdf,KSe,01/23/2026
2026,CO,single_parent,family_affordability_credit,credit,per_child_6plus,45001,50000,NA,1274,2025,"If child is MORE than 6 and less than 17, eligible for family_affordability_credit","Colorado Department of Revenue. 2025 Colorado Child Tax Credit. Denver, CO, 2025. Accessed January 23, 2026.",https://tax.colorado.gov/sites/tax/files/documents/DR_0104CN_2025.pdf,KSe,01/23/2026
2026,CO,single_parent,family_affordability_credit,credit,per_child_6plus,50001,55000,NA,1105,2025,"If child is MORE than 6 and less than 17, eligible for family_affordability_credit","Colorado Department of Revenue. 2025 Colorado Child Tax Credit. Denver, CO, 2025. Accessed January 23, 2026.",https://tax.colorado.gov/sites/tax/files/documents/DR_0104CN_2025.pdf,KSe,01/23/2026
2026,CO,single_parent,family_affordability_credit,credit,per_child_6plus,55001,60000,NA,936,2025,"If child is MORE than 6 and less than 17, eligible for family_affordability_credit","Colorado Department of Revenue. 2025 Colorado Child Tax Credit. Denver, CO, 2025. Accessed January 23, 2026.",https://tax.colorado.gov/sites/tax/files/documents/DR_0104CN_2025.pdf,KSe,01/23/2026
2026,CO,single_parent,family_affordability_credit,credit,per_child_6plus,60001,65000,NA,767,2025,"If child is MORE than 6 and less than 17, eligible for family_affordability_credit","Colorado Department of Revenue. 2025 Colorado Child Tax Credit. Denver, CO, 2025. Accessed January 23, 2026.",https://tax.colorado.gov/sites/tax/files/documents/DR_0104CN_2025.pdf,KSe,01/23/2026
2026,CO,single_parent,family_affordability_credit,credit,per_child_6plus,65001,70000,NA,598,2025,"If child is MORE than 6 and less than 17, eligible for family_affordability_credit","Colorado Department of Revenue. 2025 Colorado Child Tax Credit. Denver, CO, 2025. Accessed January 23, 2026.",https://tax.colorado.gov/sites/tax/files/documents/DR_0104CN_2025.pdf,KSe,01/23/2026
2026,CO,single_parent,family_affordability_credit,credit,per_child_6plus,70001,75000,NA,430,2025,"If child is MORE than 6 and less than 17, eligible for family_affordability_credit","Colorado Department of Revenue. 2025 Colorado Child Tax Credit. Denver, CO, 2025. Accessed January 23, 2026.",https://tax.colorado.gov/sites/tax/files/documents/DR_0104CN_2025.pdf,KSe,01/23/2026
2026,CO,single_parent,family_affordability_credit,credit,per_child_6plus,75001,80000,NA,261,2025,"If child is MORE than 6 and less than 17, eligible for family_affordability_credit","Colorado Department of Revenue. 2025 Colorado Child Tax Credit. Denver, CO, 2025. Accessed January 23, 2026.",https://tax.colorado.gov/sites/tax/files/documents/DR_0104CN_2025.pdf,KSe,01/23/2026
2026,CO,single_parent,family_affordability_credit,credit,per_child_6plus,80001,85000,NA,92,2025,"If child is MORE than 6 and less than 17, eligible for family_affordability_credit","Colorado Department of Revenue. 2025 Colorado Child Tax Credit. Denver, CO, 2025. Accessed January 23, 2026.",https://tax.colorado.gov/sites/tax/files/documents/DR_0104CN_2025.pdf,KSe,01/23/2026
2026,CO,single_parent,family_affordability_credit,credit,per_child_6plus,85001,Inf,NA,0,2025,"If child is MORE than 6 and less than 17, eligible for family_affordability_credit","Colorado Department of Revenue. 2025 Colorado Child Tax Credit. Denver, CO, 2025. Accessed January 23, 2026.",https://tax.colorado.gov/sites/tax/files/documents/DR_0104CN_2025.pdf,KSe,01/23/2026
2026,CO,married,family_affordability_credit,credit,per_child_6plus,0,26000,NA,2400,2025,"If child is MORE than 6 and less than 17, eligible for family_affordability_credit","Colorado Department of Revenue. 2025 Colorado Child Tax Credit. Denver, CO, 2025. Accessed January 23, 2026.",https://tax.colorado.gov/sites/tax/files/documents/DR_0104CN_2025.pdf,KSe,01/23/2026
2026,CO,married,family_affordability_credit,credit,per_child_6plus,26001,31000,NA,2235,2025,"If child is MORE than 6 and less than 17, eligible for family_affordability_credit","Colorado Department of Revenue. 2025 Colorado Child Tax Credit. Denver, CO, 2025. Accessed January 23, 2026.",https://tax.colorado.gov/sites/tax/files/documents/DR_0104CN_2025.pdf,KSe,01/23/2026
2026,CO,married,family_affordability_credit,credit,per_child_6plus,31001,36000,NA,2070,2025,"If child is MORE than 6 and less than 17, eligible for family_affordability_credit","Colorado Department of Revenue. 2025 Colorado Child Tax Credit. Denver, CO, 2025. Accessed January 23, 2026.",https://tax.colorado.gov/sites/tax/files/documents/DR_0104CN_2025.pdf,KSe,01/23/2026
2026,CO,married,family_affordability_credit,credit,per_child_6plus,36001,41000,NA,1905,2025,"If child is MORE than 6 and less than 17, eligible for family_affordability_credit","Colorado Department of Revenue. 2025 Colorado Child Tax Credit. Denver, CO, 2025. Accessed January 23, 2026.",https://tax.colorado.gov/sites/tax/files/documents/DR_0104CN_2025.pdf,KSe,01/23/2026
2026,CO,married,family_affordability_credit,credit,per_child_6plus,41001,46000,NA,1740,2025,"If child is MORE than 6 and less than 17, eligible for family_affordability_credit","Colorado Department of Revenue. 2025 Colorado Child Tax Credit. Denver, CO, 2025. Accessed January 23, 2026.",https://tax.colorado.gov/sites/tax/files/documents/DR_0104CN_2025.pdf,KSe,01/23/2026
2026,CO,married,family_affordability_credit,credit,per_child_6plus,46001,51000,NA,1575,2025,"If child is MORE than 6 and less than 17, eligible for family_affordability_credit","Colorado Department of Revenue. 2025 Colorado Child Tax Credit. Denver, CO, 2025. Accessed January 23, 2026.",https://tax.colorado.gov/sites/tax/files/documents/DR_0104CN_2025.pdf,KSe,01/23/2026
2026,CO,married,family_affordability_credit,credit,per_child_6plus,51001,56000,NA,1410,2025,"If child is MORE than 6 and less than 17, eligible for family_affordability_credit","Colorado Department of Revenue. 2025 Colorado Child Tax Credit. Denver, CO, 2025. Accessed January 23, 2026.",https://tax.colorado.gov/sites/tax/files/documents/DR_0104CN_2025.pdf,KSe,01/23/2026
2026,CO,married,family_affordability_credit,credit,per_child_6plus,56001,61000,NA,1245,2025,"If child is MORE than 6 and less than 17, eligible for family_affordability_credit","Colorado Department of Revenue. 2025 Colorado Child Tax Credit. Denver, CO, 2025. Accessed January 23, 2026.",https://tax.colorado.gov/sites/tax/files/documents/DR_0104CN_2025.pdf,KSe,01/23/2026
2026,CO,married,family_affordability_credit,credit,per_child_6plus,61001,66000,NA,1080,2025,"If child is MORE than 6 and less than 17, eligible for family_affordability_credit","Colorado Department of Revenue. 2025 Colorado Child Tax Credit. Denver, CO, 2025. Accessed January 23, 2026.",https://tax.colorado.gov/sites/tax/files/documents/DR_0104CN_2025.pdf,KSe,01/23/2026
2026,CO,married,family_affordability_credit,credit,per_child_6plus,66001,71000,NA,915,2025,"If child is MORE than 6 and less than 17, eligible for family_affordability_credit","Colorado Department of Revenue. 2025 Colorado Child Tax Credit. Denver, CO, 2025. Accessed January 23, 2026.",https://tax.colorado.gov/sites/tax/files/documents/DR_0104CN_2025.pdf,KSe,01/23/2026
2026,CO,married,family_affordability_credit,credit,per_child_6plus,71001,76000,NA,750,2025,"If child is MORE than 6 and less than 17, eligible for family_affordability_credit","Colorado Department of Revenue. 2025 Colorado Child Tax Credit. Denver, CO, 2025. Accessed January 23, 2026.",https://tax.colorado.gov/sites/tax/files/documents/DR_0104CN_2025.pdf,KSe,01/23/2026
2026,CO,married,family_affordability_credit,credit,per_child_6plus,76001,81000,NA,585,2025,"If child is MORE than 6 and less than 17, eligible for family_affordability_credit","Colorado Department of Revenue. 2025 Colorado Child Tax Credit. Denver, CO, 2025. Accessed January 23, 2026.",https://tax.colorado.gov/sites/tax/files/documents/DR_0104CN_2025.pdf,KSe,01/23/2026
2026,CO,married,family_affordability_credit,credit,per_child_6plus,81001,86000,NA,420,2025,"If child is MORE than 6 and less than 17, eligible for family_affordability_credit","Colorado Department of Revenue. 2025 Colorado Child Tax Credit. Denver, CO, 2025. Accessed January 23, 2026.",https://tax.colorado.gov/sites/tax/files/documents/DR_0104CN_2025.pdf,KSe,01/23/2026
2026,CO,married,family_affordability_credit,credit,per_child_6plus,86001,91000,NA,255,2025,"If child is MORE than 6 and less than 17, eligible for family_affordability_credit","Colorado Department of Revenue. 2025 Colorado Child Tax Credit. Denver, CO, 2025. Accessed January 23, 2026.",https://tax.colorado.gov/sites/tax/files/documents/DR_0104CN_2025.pdf,KSe,01/23/2026
2026,CO,married,family_affordability_credit,credit,per_child_6plus,91001,96000,NA,90,2025,"If child is MORE than 6 and less than 17, eligible for family_affordability_credit","Colorado Department of Revenue. 2025 Colorado Child Tax Credit. Denver, CO, 2025. Accessed January 23, 2026.",https://tax.colorado.gov/sites/tax/files/documents/DR_0104CN_2025.pdf,KSe,01/23/2026
2026,CO,married,family_affordability_credit,credit,per_child_6plus,96001,Inf,NA,0,2025,"If child is MORE than 6 and less than 17, eligible for family_affordability_credit","Colorado Department of Revenue. 2025 Colorado Child Tax Credit. Denver, CO, 2025. Accessed January 23, 2026.",https://tax.colorado.gov/sites/tax/files/documents/DR_0104CN_2025.pdf,KSe,01/23/2026
2026,CT,single_adult,exemption_per_person,taxable_income_subtraction,per_person,0,30000,NA,15000,NA,NA,"Connecticut Department of Revenue Services. IP 2025(7):Income Tax Guide. Revised 2025. Accessed June 9, 2025. https://portal.ct.gov/-/media/drs/publications/pubsip/2025/ip-2025-7.pdf.",https://portal.ct.gov/-/media/drs/publications/pubsip/2025/ip-2025-7.pdf?rev=c402d250ea71458aa5c7772babdb6ec2&hash=B8B0372E46BF096A8D00B4227EC02CA0,Aku,06/24/2025
2026,CT,single_adult,exemption_per_person,taxable_income_subtraction,per_person,30000,31000,NA,14000,NA,NA,"Connecticut Department of Revenue Services. IP 2025(7):Income Tax Guide. Revised 2025. Accessed June 9, 2025. https://portal.ct.gov/-/media/drs/publications/pubsip/2025/ip-2025-7.pdf.",https://portal.ct.gov/-/media/drs/publications/pubsip/2025/ip-2025-7.pdf?rev=c402d250ea71458aa5c7772babdb6ec2&hash=B8B0372E46BF096A8D00B4227EC02CA0,Aku,06/24/2025
2026,CT,single_adult,exemption_per_person,taxable_income_subtraction,per_person,31000,32000,NA,13000,NA,NA,"Connecticut Department of Revenue Services. IP 2025(7):Income Tax Guide. Revised 2025. Accessed June 9, 2025. https://portal.ct.gov/-/media/drs/publications/pubsip/2025/ip-2025-7.pdf.",https://portal.ct.gov/-/media/drs/publications/pubsip/2025/ip-2025-7.pdf?rev=c402d250ea71458aa5c7772babdb6ec2&hash=B8B0372E46BF096A8D00B4227EC02CA0,Aku,06/24/2025
2026,CT,single_adult,exemption_per_person,taxable_income_subtraction,per_person,32000,33000,NA,12000,NA,NA,"Connecticut Department of Revenue Services. IP 2025(7):Income Tax Guide. Revised 2025. Accessed June 9, 2025. https://portal.ct.gov/-/media/drs/publications/pubsip/2025/ip-2025-7.pdf.",https://portal.ct.gov/-/media/drs/publications/pubsip/2025/ip-2025-7.pdf?rev=c402d250ea71458aa5c7772babdb6ec2&hash=B8B0372E46BF096A8D00B4227EC02CA0,Aku,06/24/2025
2026,CT,single_adult,exemption_per_person,taxable_income_subtraction,per_person,33000,34000,NA,11000,NA,NA,"Connecticut Department of Revenue Services. IP 2025(7):Income Tax Guide. Revised 2025. Accessed June 9, 2025. https://portal.ct.gov/-/media/drs/publications/pubsip/2025/ip-2025-7.pdf.",https://portal.ct.gov/-/media/drs/publications/pubsip/2025/ip-2025-7.pdf?rev=c402d250ea71458aa5c7772babdb6ec2&hash=B8B0372E46BF096A8D00B4227EC02CA1,Aku,06/24/2025
2026,CT,single_adult,exemption_per_person,taxable_income_subtraction,per_person,34000,35000,NA,10000,NA,NA,"Connecticut Department of Revenue Services. IP 2025(7):Income Tax Guide. Revised 2025. Accessed June 9, 2025. https://portal.ct.gov/-/media/drs/publications/pubsip/2025/ip-2025-7.pdf.",https://portal.ct.gov/-/media/drs/publications/pubsip/2025/ip-2025-7.pdf?rev=c402d250ea71458aa5c7772babdb6ec2&hash=B8B0372E46BF096A8D00B4227EC02CA2,Aku,06/24/2025
2026,CT,single_adult,exemption_per_person,taxable_income_subtraction,per_person,35000,36000,NA,9000,NA,NA,"Connecticut Department of Revenue Services. IP 2025(7):Income Tax Guide. Revised 2025. Accessed June 9, 2025. https://portal.ct.gov/-/media/drs/publications/pubsip/2025/ip-2025-7.pdf.",https://portal.ct.gov/-/media/drs/publications/pubsip/2025/ip-2025-7.pdf?rev=c402d250ea71458aa5c7772babdb6ec2&hash=B8B0372E46BF096A8D00B4227EC02CA3,Aku,06/24/2025
2026,CT,single_adult,exemption_per_person,taxable_income_subtraction,per_person,36000,37000,NA,8000,NA,NA,"Connecticut Department of Revenue Services. IP 2025(7):Income Tax Guide. Revised 2025. Accessed June 9, 2025. https://portal.ct.gov/-/media/drs/publications/pubsip/2025/ip-2025-7.pdf.",https://portal.ct.gov/-/media/drs/publications/pubsip/2025/ip-2025-7.pdf?rev=c402d250ea71458aa5c7772babdb6ec2&hash=B8B0372E46BF096A8D00B4227EC02CA4,Aku,06/24/2025
2026,CT,single_adult,exemption_per_person,taxable_income_subtraction,per_person,37000,38000,NA,7000,NA,NA,"Connecticut Department of Revenue Services. IP 2025(7):Income Tax Guide. Revised 2025. Accessed June 9, 2025. https://portal.ct.gov/-/media/drs/publications/pubsip/2025/ip-2025-7.pdf.",https://portal.ct.gov/-/media/drs/publications/pubsip/2025/ip-2025-7.pdf?rev=c402d250ea71458aa5c7772babdb6ec2&hash=B8B0372E46BF096A8D00B4227EC02CA5,Aku,06/24/2025
2026,CT,single_adult,exemption_per_person,taxable_income_subtraction,per_person,38000,39000,NA,6000,NA,NA,"Connecticut Department of Revenue Services. IP 2025(7):Income Tax Guide. Revised 2025. Accessed June 9, 2025. https://portal.ct.gov/-/media/drs/publications/pubsip/2025/ip-2025-7.pdf.",https://portal.ct.gov/-/media/drs/publications/pubsip/2025/ip-2025-7.pdf?rev=c402d250ea71458aa5c7772babdb6ec2&hash=B8B0372E46BF096A8D00B4227EC02CA6,Aku,06/24/2025
2026,CT,single_adult,exemption_per_person,taxable_income_subtraction,per_person,39000,40000,NA,5000,NA,NA,"Connecticut Department of Revenue Services. IP 2025(7):Income Tax Guide. Revised 2025. Accessed June 9, 2025. https://portal.ct.gov/-/media/drs/publications/pubsip/2025/ip-2025-7.pdf.",https://portal.ct.gov/-/media/drs/publications/pubsip/2025/ip-2025-7.pdf?rev=c402d250ea71458aa5c7772babdb6ec2&hash=B8B0372E46BF096A8D00B4227EC02CA7,Aku,06/24/2025
2026,CT,single_adult,exemption_per_person,taxable_income_subtraction,per_person,40000,41000,NA,4000,NA,NA,"Connecticut Department of Revenue Services. IP 2025(7):Income Tax Guide. Revised 2025. Accessed June 9, 2025. https://portal.ct.gov/-/media/drs/publications/pubsip/2025/ip-2025-7.pdf.",https://portal.ct.gov/-/media/drs/publications/pubsip/2025/ip-2025-7.pdf?rev=c402d250ea71458aa5c7772babdb6ec2&hash=B8B0372E46BF096A8D00B4227EC02CA8,Aku,06/24/2025
2026,CT,single_adult,exemption_per_person,taxable_income_subtraction,per_person,41000,42000,NA,3000,NA,NA,"Connecticut Department of Revenue Services. IP 2025(7):Income Tax Guide. Revised 2025. Accessed June 9, 2025. https://portal.ct.gov/-/media/drs/publications/pubsip/2025/ip-2025-7.pdf.",https://portal.ct.gov/-/media/drs/publications/pubsip/2025/ip-2025-7.pdf?rev=c402d250ea71458aa5c7772babdb6ec2&hash=B8B0372E46BF096A8D00B4227EC02CA9,Aku,06/24/2025
2026,CT,single_adult,exemption_per_person,taxable_income_subtraction,per_person,42000,43000,NA,2000,NA,NA,"Connecticut Department of Revenue Services. IP 2025(7):Income Tax Guide. Revised 2025. Accessed June 9, 2025. https://portal.ct.gov/-/media/drs/publications/pubsip/2025/ip-2025-7.pdf.",https://portal.ct.gov/-/media/drs/publications/pubsip/2025/ip-2025-7.pdf?rev=c402d250ea71458aa5c7772babdb6ec2&hash=B8B0372E46BF096A8D00B4227EC02CA10,Aku,06/24/2025
2026,CT,single_adult,exemption_per_person,taxable_income_subtraction,per_person,43000,44000,NA,1000,NA,NA,"Connecticut Department of Revenue Services. IP 2025(7):Income Tax Guide. Revised 2025. Accessed June 9, 2025. https://portal.ct.gov/-/media/drs/publications/pubsip/2025/ip-2025-7.pdf.",https://portal.ct.gov/-/media/drs/publications/pubsip/2025/ip-2025-7.pdf?rev=c402d250ea71458aa5c7772babdb6ec2&hash=B8B0372E46BF096A8D00B4227EC02CA11,Aku,06/24/2025
2026,CT,single_adult,exemption_per_person,taxable_income_subtraction,per_person,44000,Inf,NA,0,NA,NA,"Connecticut Department of Revenue Services. IP 2025(7):Income Tax Guide. Revised 2025. Accessed June 9, 2025. https://portal.ct.gov/-/media/drs/publications/pubsip/2025/ip-2025-7.pdf.",https://portal.ct.gov/-/media/drs/publications/pubsip/2025/ip-2025-7.pdf?rev=c402d250ea71458aa5c7772babdb6ec2&hash=B8B0372E46BF096A8D00B4227EC02CA12,Aku,06/24/2025
2026,CT,married,exemption_per_person,taxable_income_subtraction,per_person,0,48000,NA,24000,NA,NA,"Connecticut Department of Revenue Services. IP 2025(7):Income Tax Guide. Revised 2025. Accessed June 9, 2025. https://portal.ct.gov/-/media/drs/publications/pubsip/2025/ip-2025-7.pdf.",https://portal.ct.gov/-/media/drs/publications/pubsip/2025/ip-2025-7.pdf?rev=c402d250ea71458aa5c7772babdb6ec2&hash=B8B0372E46BF096A8D00B4227EC02CA13,Aku,06/24/2025
2026,CT,married,exemption_per_person,taxable_income_subtraction,per_person,48000,49000,NA,23000,NA,NA,"Connecticut Department of Revenue Services. IP 2025(7):Income Tax Guide. Revised 2025. Accessed June 9, 2025. https://portal.ct.gov/-/media/drs/publications/pubsip/2025/ip-2025-7.pdf.",https://portal.ct.gov/-/media/drs/publications/pubsip/2025/ip-2025-7.pdf?rev=c402d250ea71458aa5c7772babdb6ec2&hash=B8B0372E46BF096A8D00B4227EC02CA14,Aku,06/24/2025
2026,CT,married,exemption_per_person,taxable_income_subtraction,per_person,49000,50000,NA,22000,NA,NA,"Connecticut Department of Revenue Services. IP 2025(7):Income Tax Guide. Revised 2025. Accessed June 9, 2025. https://portal.ct.gov/-/media/drs/publications/pubsip/2025/ip-2025-7.pdf.",https://portal.ct.gov/-/media/drs/publications/pubsip/2025/ip-2025-7.pdf?rev=c402d250ea71458aa5c7772babdb6ec2&hash=B8B0372E46BF096A8D00B4227EC02CA15,Aku,06/24/2025
2026,CT,married,exemption_per_person,taxable_income_subtraction,per_person,50000,51000,NA,21000,NA,NA,"Connecticut Department of Revenue Services. IP 2025(7):Income Tax Guide. Revised 2025. Accessed June 9, 2025. https://portal.ct.gov/-/media/drs/publications/pubsip/2025/ip-2025-7.pdf.",https://portal.ct.gov/-/media/drs/publications/pubsip/2025/ip-2025-7.pdf?rev=c402d250ea71458aa5c7772babdb6ec2&hash=B8B0372E46BF096A8D00B4227EC02CA16,Aku,06/24/2025
2026,CT,married,exemption_per_person,taxable_income_subtraction,per_person,51000,52000,NA,20000,NA,NA,"Connecticut Department of Revenue Services. IP 2025(7):Income Tax Guide. Revised 2025. Accessed June 9, 2025. https://portal.ct.gov/-/media/drs/publications/pubsip/2025/ip-2025-7.pdf.",https://portal.ct.gov/-/media/drs/publications/pubsip/2025/ip-2025-7.pdf?rev=c402d250ea71458aa5c7772babdb6ec2&hash=B8B0372E46BF096A8D00B4227EC02CA17,Aku,06/24/2025
2026,CT,married,exemption_per_person,taxable_income_subtraction,per_person,52000,53000,NA,19000,NA,NA,"Connecticut Department of Revenue Services. IP 2025(7):Income Tax Guide. Revised 2025. Accessed June 9, 2025. https://portal.ct.gov/-/media/drs/publications/pubsip/2025/ip-2025-7.pdf.",https://portal.ct.gov/-/media/drs/publications/pubsip/2025/ip-2025-7.pdf?rev=c402d250ea71458aa5c7772babdb6ec2&hash=B8B0372E46BF096A8D00B4227EC02CA18,Aku,06/24/2025
2026,CT,married,exemption_per_person,taxable_income_subtraction,per_person,53000,54000,NA,18000,NA,NA,"Connecticut Department of Revenue Services. IP 2025(7):Income Tax Guide. Revised 2025. Accessed June 9, 2025. https://portal.ct.gov/-/media/drs/publications/pubsip/2025/ip-2025-7.pdf.",https://portal.ct.gov/-/media/drs/publications/pubsip/2025/ip-2025-7.pdf?rev=c402d250ea71458aa5c7772babdb6ec2&hash=B8B0372E46BF096A8D00B4227EC02CA19,Aku,06/24/2025
2026,CT,married,exemption_per_person,taxable_income_subtraction,per_person,54000,55000,NA,17000,NA,NA,"Connecticut Department of Revenue Services. IP 2025(7):Income Tax Guide. Revised 2025. Accessed June 9, 2025. https://portal.ct.gov/-/media/drs/publications/pubsip/2025/ip-2025-7.pdf.",https://portal.ct.gov/-/media/drs/publications/pubsip/2025/ip-2025-7.pdf?rev=c402d250ea71458aa5c7772babdb6ec2&hash=B8B0372E46BF096A8D00B4227EC02CA20,Aku,06/24/2025
2026,CT,married,exemption_per_person,taxable_income_subtraction,per_person,55000,56000,NA,16000,NA,NA,"Connecticut Department of Revenue Services. IP 2025(7):Income Tax Guide. Revised 2025. Accessed June 9, 2025. https://portal.ct.gov/-/media/drs/publications/pubsip/2025/ip-2025-7.pdf.",https://portal.ct.gov/-/media/drs/publications/pubsip/2025/ip-2025-7.pdf?rev=c402d250ea71458aa5c7772babdb6ec2&hash=B8B0372E46BF096A8D00B4227EC02CA21,Aku,06/24/2025
2026,CT,married,exemption_per_person,taxable_income_subtraction,per_person,56000,57000,NA,15000,NA,NA,"Connecticut Department of Revenue Services. IP 2025(7):Income Tax Guide. Revised 2025. Accessed June 9, 2025. https://portal.ct.gov/-/media/drs/publications/pubsip/2025/ip-2025-7.pdf.",https://portal.ct.gov/-/media/drs/publications/pubsip/2025/ip-2025-7.pdf?rev=c402d250ea71458aa5c7772babdb6ec2&hash=B8B0372E46BF096A8D00B4227EC02CA22,Aku,06/24/2025
2026,CT,married,exemption_per_person,taxable_income_subtraction,per_person,57000,58000,NA,14000,NA,NA,"Connecticut Department of Revenue Services. IP 2025(7):Income Tax Guide. Revised 2025. Accessed June 9, 2025. https://portal.ct.gov/-/media/drs/publications/pubsip/2025/ip-2025-7.pdf.",https://portal.ct.gov/-/media/drs/publications/pubsip/2025/ip-2025-7.pdf?rev=c402d250ea71458aa5c7772babdb6ec2&hash=B8B0372E46BF096A8D00B4227EC02CA23,Aku,06/24/2025
2026,CT,married,exemption_per_person,taxable_income_subtraction,per_person,58000,59000,NA,13000,NA,NA,"Connecticut Department of Revenue Services. IP 2025(7):Income Tax Guide. Revised 2025. Accessed June 9, 2025. https://portal.ct.gov/-/media/drs/publications/pubsip/2025/ip-2025-7.pdf.",https://portal.ct.gov/-/media/drs/publications/pubsip/2025/ip-2025-7.pdf?rev=c402d250ea71458aa5c7772babdb6ec2&hash=B8B0372E46BF096A8D00B4227EC02CA24,Aku,06/24/2025
2026,CT,married,exemption_per_person,taxable_income_subtraction,per_person,59000,60000,NA,12000,NA,NA,"Connecticut Department of Revenue Services. IP 2025(7):Income Tax Guide. Revised 2025. Accessed June 9, 2025. https://portal.ct.gov/-/media/drs/publications/pubsip/2025/ip-2025-7.pdf.",https://portal.ct.gov/-/media/drs/publications/pubsip/2025/ip-2025-7.pdf?rev=c402d250ea71458aa5c7772babdb6ec2&hash=B8B0372E46BF096A8D00B4227EC02CA25,Aku,06/24/2025
2026,CT,married,exemption_per_person,taxable_income_subtraction,per_person,60000,61000,NA,11000,NA,NA,"Connecticut Department of Revenue Services. IP 2025(7):Income Tax Guide. Revised 2025. Accessed June 9, 2025. https://portal.ct.gov/-/media/drs/publications/pubsip/2025/ip-2025-7.pdf.",https://portal.ct.gov/-/media/drs/publications/pubsip/2025/ip-2025-7.pdf?rev=c402d250ea71458aa5c7772babdb6ec2&hash=B8B0372E46BF096A8D00B4227EC02CA26,Aku,06/24/2025
2026,CT,married,exemption_per_person,taxable_income_subtraction,per_person,61000,62000,NA,10000,NA,NA,"Connecticut Department of Revenue Services. IP 2025(7):Income Tax Guide. Revised 2025. Accessed June 9, 2025. https://portal.ct.gov/-/media/drs/publications/pubsip/2025/ip-2025-7.pdf.",https://portal.ct.gov/-/media/drs/publications/pubsip/2025/ip-2025-7.pdf?rev=c402d250ea71458aa5c7772babdb6ec2&hash=B8B0372E46BF096A8D00B4227EC02CA27,Aku,06/24/2025
2026,CT,married,exemption_per_person,taxable_income_subtraction,per_person,62000,63000,NA,9000,NA,NA,"Connecticut Department of Revenue Services. IP 2025(7):Income Tax Guide. Revised 2025. Accessed June 9, 2025. https://portal.ct.gov/-/media/drs/publications/pubsip/2025/ip-2025-7.pdf.",https://portal.ct.gov/-/media/drs/publications/pubsip/2025/ip-2025-7.pdf?rev=c402d250ea71458aa5c7772babdb6ec2&hash=B8B0372E46BF096A8D00B4227EC02CA28,Aku,06/24/2025
2026,CT,married,exemption_per_person,taxable_income_subtraction,per_person,63000,64000,NA,8000,NA,NA,"Connecticut Department of Revenue Services. IP 2025(7):Income Tax Guide. Revised 2025. Accessed June 9, 2025. https://portal.ct.gov/-/media/drs/publications/pubsip/2025/ip-2025-7.pdf.",https://portal.ct.gov/-/media/drs/publications/pubsip/2025/ip-2025-7.pdf?rev=c402d250ea71458aa5c7772babdb6ec2&hash=B8B0372E46BF096A8D00B4227EC02CA29,Aku,06/24/2025
2026,CT,married,exemption_per_person,taxable_income_subtraction,per_person,64000,65000,NA,7000,NA,NA,"Connecticut Department of Revenue Services. IP 2025(7):Income Tax Guide. Revised 2025. Accessed June 9, 2025. https://portal.ct.gov/-/media/drs/publications/pubsip/2025/ip-2025-7.pdf.",https://portal.ct.gov/-/media/drs/publications/pubsip/2025/ip-2025-7.pdf?rev=c402d250ea71458aa5c7772babdb6ec2&hash=B8B0372E46BF096A8D00B4227EC02CA30,Aku,06/24/2025
2026,CT,married,exemption_per_person,taxable_income_subtraction,per_person,65000,66000,NA,6000,NA,NA,"Connecticut Department of Revenue Services. IP 2025(7):Income Tax Guide. Revised 2025. Accessed June 9, 2025. https://portal.ct.gov/-/media/drs/publications/pubsip/2025/ip-2025-7.pdf.",https://portal.ct.gov/-/media/drs/publications/pubsip/2025/ip-2025-7.pdf?rev=c402d250ea71458aa5c7772babdb6ec2&hash=B8B0372E46BF096A8D00B4227EC02CA31,Aku,06/24/2025
2026,CT,married,exemption_per_person,taxable_income_subtraction,per_person,66000,67000,NA,5000,NA,NA,"Connecticut Department of Revenue Services. IP 2025(7):Income Tax Guide. Revised 2025. Accessed June 9, 2025. https://portal.ct.gov/-/media/drs/publications/pubsip/2025/ip-2025-7.pdf.",https://portal.ct.gov/-/media/drs/publications/pubsip/2025/ip-2025-7.pdf?rev=c402d250ea71458aa5c7772babdb6ec2&hash=B8B0372E46BF096A8D00B4227EC02CA32,Aku,06/24/2025
2026,CT,married,exemption_per_person,taxable_income_subtraction,per_person,67000,68000,NA,4000,NA,NA,"Connecticut Department of Revenue Services. IP 2025(7):Income Tax Guide. Revised 2025. Accessed June 9, 2025. https://portal.ct.gov/-/media/drs/publications/pubsip/2025/ip-2025-7.pdf.",https://portal.ct.gov/-/media/drs/publications/pubsip/2025/ip-2025-7.pdf?rev=c402d250ea71458aa5c7772babdb6ec2&hash=B8B0372E46BF096A8D00B4227EC02CA33,Aku,06/24/2025
2026,CT,married,exemption_per_person,taxable_income_subtraction,per_person,68000,69000,NA,3000,NA,NA,"Connecticut Department of Revenue Services. IP 2025(7):Income Tax Guide. Revised 2025. Accessed June 9, 2025. https://portal.ct.gov/-/media/drs/publications/pubsip/2025/ip-2025-7.pdf.",https://portal.ct.gov/-/media/drs/publications/pubsip/2025/ip-2025-7.pdf?rev=c402d250ea71458aa5c7772babdb6ec2&hash=B8B0372E46BF096A8D00B4227EC02CA34,Aku,06/24/2025
2026,CT,married,exemption_per_person,taxable_income_subtraction,per_person,69000,70000,NA,2000,NA,NA,"Connecticut Department of Revenue Services. IP 2025(7):Income Tax Guide. Revised 2025. Accessed June 9, 2025. https://portal.ct.gov/-/media/drs/publications/pubsip/2025/ip-2025-7.pdf.",https://portal.ct.gov/-/media/drs/publications/pubsip/2025/ip-2025-7.pdf?rev=c402d250ea71458aa5c7772babdb6ec2&hash=B8B0372E46BF096A8D00B4227EC02CA35,Aku,06/24/2025
2026,CT,married,exemption_per_person,taxable_income_subtraction,per_person,70000,71000,NA,1000,NA,NA,"Connecticut Department of Revenue Services. IP 2025(7):Income Tax Guide. Revised 2025. Accessed June 9, 2025. https://portal.ct.gov/-/media/drs/publications/pubsip/2025/ip-2025-7.pdf.",https://portal.ct.gov/-/media/drs/publications/pubsip/2025/ip-2025-7.pdf?rev=c402d250ea71458aa5c7772babdb6ec2&hash=B8B0372E46BF096A8D00B4227EC02CA36,Aku,06/24/2025
2026,CT,married,exemption_per_person,taxable_income_subtraction,per_person,71000,Inf,NA,0,NA,NA,"Connecticut Department of Revenue Services. IP 2025(7):Income Tax Guide. Revised 2025. Accessed June 9, 2025. https://portal.ct.gov/-/media/drs/publications/pubsip/2025/ip-2025-7.pdf.",https://portal.ct.gov/-/media/drs/publications/pubsip/2025/ip-2025-7.pdf?rev=c402d250ea71458aa5c7772babdb6ec2&hash=B8B0372E46BF096A8D00B4227EC02CA37,Aku,06/24/2025
2026,CT,single_parent,exemption_per_person,taxable_income_subtraction,per_person,0,38000,NA,19000,NA,NA,"Connecticut Department of Revenue Services. IP 2025(7):Income Tax Guide. Revised 2025. Accessed June 9, 2025. https://portal.ct.gov/-/media/drs/publications/pubsip/2025/ip-2025-7.pdf.",https://portal.ct.gov/-/media/drs/publications/pubsip/2025/ip-2025-7.pdf?rev=c402d250ea71458aa5c7772babdb6ec2&hash=B8B0372E46BF096A8D00B4227EC02CA38,Aku,06/24/2025
2026,CT,single_parent,exemption_per_person,taxable_income_subtraction,per_person,38000,39000,NA,18000,NA,NA,"Connecticut Department of Revenue Services. IP 2025(7):Income Tax Guide. Revised 2025. Accessed June 9, 2025. https://portal.ct.gov/-/media/drs/publications/pubsip/2025/ip-2025-7.pdf.",https://portal.ct.gov/-/media/drs/publications/pubsip/2025/ip-2025-7.pdf?rev=c402d250ea71458aa5c7772babdb6ec2&hash=B8B0372E46BF096A8D00B4227EC02CA39,Aku,06/24/2025
2026,CT,single_parent,exemption_per_person,taxable_income_subtraction,per_person,39000,40000,NA,17000,NA,NA,"Connecticut Department of Revenue Services. IP 2025(7):Income Tax Guide. Revised 2025. Accessed June 9, 2025. https://portal.ct.gov/-/media/drs/publications/pubsip/2025/ip-2025-7.pdf.",https://portal.ct.gov/-/media/drs/publications/pubsip/2025/ip-2025-7.pdf?rev=c402d250ea71458aa5c7772babdb6ec2&hash=B8B0372E46BF096A8D00B4227EC02CA40,Aku,06/24/2025
2026,CT,single_parent,exemption_per_person,taxable_income_subtraction,per_person,40000,41000,NA,16000,NA,NA,"Connecticut Department of Revenue Services. IP 2025(7):Income Tax Guide. Revised 2025. Accessed June 9, 2025. https://portal.ct.gov/-/media/drs/publications/pubsip/2025/ip-2025-7.pdf.",https://portal.ct.gov/-/media/drs/publications/pubsip/2025/ip-2025-7.pdf?rev=c402d250ea71458aa5c7772babdb6ec2&hash=B8B0372E46BF096A8D00B4227EC02CA41,Aku,06/24/2025
2026,CT,single_parent,exemption_per_person,taxable_income_subtraction,per_person,41000,42000,NA,15000,NA,NA,"Connecticut Department of Revenue Services. IP 2025(7):Income Tax Guide. Revised 2025. Accessed June 9, 2025. https://portal.ct.gov/-/media/drs/publications/pubsip/2025/ip-2025-7.pdf.",https://portal.ct.gov/-/media/drs/publications/pubsip/2025/ip-2025-7.pdf?rev=c402d250ea71458aa5c7772babdb6ec2&hash=B8B0372E46BF096A8D00B4227EC02CA42,Aku,06/24/2025
2026,CT,single_parent,exemption_per_person,taxable_income_subtraction,per_person,42000,43000,NA,14000,NA,NA,"Connecticut Department of Revenue Services. IP 2025(7):Income Tax Guide. Revised 2025. Accessed June 9, 2025. https://portal.ct.gov/-/media/drs/publications/pubsip/2025/ip-2025-7.pdf.",https://portal.ct.gov/-/media/drs/publications/pubsip/2025/ip-2025-7.pdf?rev=c402d250ea71458aa5c7772babdb6ec2&hash=B8B0372E46BF096A8D00B4227EC02CA43,Aku,06/24/2025
2026,CT,single_parent,exemption_per_person,taxable_income_subtraction,per_person,43000,44000,NA,13000,NA,NA,"Connecticut Department of Revenue Services. IP 2025(7):Income Tax Guide. Revised 2025. Accessed June 9, 2025. https://portal.ct.gov/-/media/drs/publications/pubsip/2025/ip-2025-7.pdf.",https://portal.ct.gov/-/media/drs/publications/pubsip/2025/ip-2025-7.pdf?rev=c402d250ea71458aa5c7772babdb6ec2&hash=B8B0372E46BF096A8D00B4227EC02CA44,Aku,06/24/2025
2026,CT,single_parent,exemption_per_person,taxable_income_subtraction,per_person,44000,45000,NA,12000,NA,NA,"Connecticut Department of Revenue Services. IP 2025(7):Income Tax Guide. Revised 2025. Accessed June 9, 2025. https://portal.ct.gov/-/media/drs/publications/pubsip/2025/ip-2025-7.pdf.",https://portal.ct.gov/-/media/drs/publications/pubsip/2025/ip-2025-7.pdf?rev=c402d250ea71458aa5c7772babdb6ec2&hash=B8B0372E46BF096A8D00B4227EC02CA45,Aku,06/24/2025
2026,CT,single_parent,exemption_per_person,taxable_income_subtraction,per_person,45000,46000,NA,11000,NA,NA,"Connecticut Department of Revenue Services. IP 2025(7):Income Tax Guide. Revised 2025. Accessed June 9, 2025. https://portal.ct.gov/-/media/drs/publications/pubsip/2025/ip-2025-7.pdf.",https://portal.ct.gov/-/media/drs/publications/pubsip/2025/ip-2025-7.pdf?rev=c402d250ea71458aa5c7772babdb6ec2&hash=B8B0372E46BF096A8D00B4227EC02CA46,Aku,06/24/2025
2026,CT,single_parent,exemption_per_person,taxable_income_subtraction,per_person,46000,47000,NA,10000,NA,NA,"Connecticut Department of Revenue Services. IP 2025(7):Income Tax Guide. Revised 2025. Accessed June 9, 2025. https://portal.ct.gov/-/media/drs/publications/pubsip/2025/ip-2025-7.pdf.",https://portal.ct.gov/-/media/drs/publications/pubsip/2025/ip-2025-7.pdf?rev=c402d250ea71458aa5c7772babdb6ec2&hash=B8B0372E46BF096A8D00B4227EC02CA47,Aku,06/24/2025
2026,CT,single_parent,exemption_per_person,taxable_income_subtraction,per_person,47000,48000,NA,9000,NA,NA,"Connecticut Department of Revenue Services. IP 2025(7):Income Tax Guide. Revised 2025. Accessed June 9, 2025. https://portal.ct.gov/-/media/drs/publications/pubsip/2025/ip-2025-7.pdf.",https://portal.ct.gov/-/media/drs/publications/pubsip/2025/ip-2025-7.pdf?rev=c402d250ea71458aa5c7772babdb6ec2&hash=B8B0372E46BF096A8D00B4227EC02CA48,Aku,06/24/2025
2026,CT,single_parent,exemption_per_person,taxable_income_subtraction,per_person,48000,49000,NA,8000,NA,NA,"Connecticut Department of Revenue Services. IP 2025(7):Income Tax Guide. Revised 2025. Accessed June 9, 2025. https://portal.ct.gov/-/media/drs/publications/pubsip/2025/ip-2025-7.pdf.",https://portal.ct.gov/-/media/drs/publications/pubsip/2025/ip-2025-7.pdf?rev=c402d250ea71458aa5c7772babdb6ec2&hash=B8B0372E46BF096A8D00B4227EC02CA49,Aku,06/24/2025
2026,CT,single_parent,exemption_per_person,taxable_income_subtraction,per_person,49000,50000,NA,7000,NA,NA,"Connecticut Department of Revenue Services. IP 2025(7):Income Tax Guide. Revised 2025. Accessed June 9, 2025. https://portal.ct.gov/-/media/drs/publications/pubsip/2025/ip-2025-7.pdf.",https://portal.ct.gov/-/media/drs/publications/pubsip/2025/ip-2025-7.pdf?rev=c402d250ea71458aa5c7772babdb6ec2&hash=B8B0372E46BF096A8D00B4227EC02CA50,Aku,06/24/2025
2026,CT,single_parent,exemption_per_person,taxable_income_subtraction,per_person,50000,51000,NA,6000,NA,NA,"Connecticut Department of Revenue Services. IP 2025(7):Income Tax Guide. Revised 2025. Accessed June 9, 2025. https://portal.ct.gov/-/media/drs/publications/pubsip/2025/ip-2025-7.pdf.",https://portal.ct.gov/-/media/drs/publications/pubsip/2025/ip-2025-7.pdf?rev=c402d250ea71458aa5c7772babdb6ec2&hash=B8B0372E46BF096A8D00B4227EC02CA51,Aku,06/24/2025
2026,CT,single_parent,exemption_per_person,taxable_income_subtraction,per_person,51000,52000,NA,5000,NA,NA,"Connecticut Department of Revenue Services. IP 2025(7):Income Tax Guide. Revised 2025. Accessed June 9, 2025. https://portal.ct.gov/-/media/drs/publications/pubsip/2025/ip-2025-7.pdf.",https://portal.ct.gov/-/media/drs/publications/pubsip/2025/ip-2025-7.pdf?rev=c402d250ea71458aa5c7772babdb6ec2&hash=B8B0372E46BF096A8D00B4227EC02CA52,Aku,06/24/2025
2026,CT,single_parent,exemption_per_person,taxable_income_subtraction,per_person,52000,53000,NA,4000,NA,NA,"Connecticut Department of Revenue Services. IP 2025(7):Income Tax Guide. Revised 2025. Accessed June 9, 2025. https://portal.ct.gov/-/media/drs/publications/pubsip/2025/ip-2025-7.pdf.",https://portal.ct.gov/-/media/drs/publications/pubsip/2025/ip-2025-7.pdf?rev=c402d250ea71458aa5c7772babdb6ec2&hash=B8B0372E46BF096A8D00B4227EC02CA53,Aku,06/24/2025
2026,CT,single_parent,exemption_per_person,taxable_income_subtraction,per_person,53000,54000,NA,3000,NA,NA,"Connecticut Department of Revenue Services. IP 2025(7):Income Tax Guide. Revised 2025. Accessed June 9, 2025. https://portal.ct.gov/-/media/drs/publications/pubsip/2025/ip-2025-7.pdf.",https://portal.ct.gov/-/media/drs/publications/pubsip/2025/ip-2025-7.pdf?rev=c402d250ea71458aa5c7772babdb6ec2&hash=B8B0372E46BF096A8D00B4227EC02CA54,Aku,06/24/2025
2026,CT,single_parent,exemption_per_person,taxable_income_subtraction,per_person,54000,55000,NA,2000,NA,NA,"Connecticut Department of Revenue Services. IP 2025(7):Income Tax Guide. Revised 2025. Accessed June 9, 2025. https://portal.ct.gov/-/media/drs/publications/pubsip/2025/ip-2025-7.pdf.",https://portal.ct.gov/-/media/drs/publications/pubsip/2025/ip-2025-7.pdf?rev=c402d250ea71458aa5c7772babdb6ec2&hash=B8B0372E46BF096A8D00B4227EC02CA55,Aku,06/24/2025
2026,CT,single_parent,exemption_per_person,taxable_income_subtraction,per_person,55000,56000,NA,1000,NA,NA,"Connecticut Department of Revenue Services. IP 2025(7):Income Tax Guide. Revised 2025. Accessed June 9, 2025. https://portal.ct.gov/-/media/drs/publications/pubsip/2025/ip-2025-7.pdf.",https://portal.ct.gov/-/media/drs/publications/pubsip/2025/ip-2025-7.pdf?rev=c402d250ea71458aa5c7772babdb6ec2&hash=B8B0372E46BF096A8D00B4227EC02CA56,Aku,06/24/2025
2026,CT,single_parent,exemption_per_person,taxable_income_subtraction,per_person,56000,Inf,NA,0,NA,NA,"Connecticut Department of Revenue Services. IP 2025(7):Income Tax Guide. Revised 2025. Accessed June 9, 2025. https://portal.ct.gov/-/media/drs/publications/pubsip/2025/ip-2025-7.pdf.",https://portal.ct.gov/-/media/drs/publications/pubsip/2025/ip-2025-7.pdf?rev=c402d250ea71458aa5c7772babdb6ec2&hash=B8B0372E46BF096A8D00B4227EC02CA57,Aku,06/24/2025
2026,HI,single_adult,food_excise_tax_credit,credit,per_person,0,14999,NA,220,2025,per exemption,"State of Hawaii Department of Taxation. Refundable Food/Excise Tax Credit, 2025. PDF. Accessed January 22, 2026.",https://files.hawaii.gov/tax/forms/current/n311_i.pdf,KSe,01/22/2026
2026,HI,single_adult,food_excise_tax_credit,credit,per_person,15000,19999,NA,200,2025,per exemption,"State of Hawaii Department of Taxation. Refundable Food/Excise Tax Credit, 2025. PDF. Accessed January 22, 2026.",https://files.hawaii.gov/tax/forms/current/n311_i.pdf,KSe,01/22/2026
2026,HI,single_adult,food_excise_tax_credit,credit,per_person,20000,24999,NA,170,2025,per exemption,"State of Hawaii Department of Taxation. Refundable Food/Excise Tax Credit, 2025. PDF. Accessed January 22, 2026.",https://files.hawaii.gov/tax/forms/current/n311_i.pdf,KSe,01/22/2026
2026,HI,single_adult,food_excise_tax_credit,credit,per_person,25000,29999,NA,140,2025,per exemption,"State of Hawaii Department of Taxation. Refundable Food/Excise Tax Credit, 2025. PDF. Accessed January 22, 2026.",https://files.hawaii.gov/tax/forms/current/n311_i.pdf,KSe,01/22/2026
2026,HI,single_adult,food_excise_tax_credit,credit,per_person,30000,39999,NA,110,2025,per exemption,"State of Hawaii Department of Taxation. Refundable Food/Excise Tax Credit, 2025. PDF. Accessed January 22, 2026.",https://files.hawaii.gov/tax/forms/current/n311_i.pdf,KSe,01/22/2026
2026,HI,single_adult,food_excise_tax_credit,credit,per_person,40000,Inf,NA,0,2025,per exemption,"State of Hawaii Department of Taxation. Refundable Food/Excise Tax Credit, 2025. PDF. Accessed January 22, 2026.",https://files.hawaii.gov/tax/forms/current/n311_i.pdf,KSe,01/22/2026
2026,HI,single_parent,food_excise_tax_credit,credit,per_person,0,14999,NA,220,2025,per exemption,"State of Hawaii Department of Taxation. Refundable Food/Excise Tax Credit, 2025. PDF. Accessed January 22, 2026.",https://files.hawaii.gov/tax/forms/current/n311_i.pdf,KSe,01/22/2026
2026,HI,single_parent,food_excise_tax_credit,credit,per_person,15000,19999,NA,200,2025,per exemption,"State of Hawaii Department of Taxation. Refundable Food/Excise Tax Credit, 2025. PDF. Accessed January 22, 2026.",https://files.hawaii.gov/tax/forms/current/n311_i.pdf,KSe,01/22/2026
2026,HI,single_parent,food_excise_tax_credit,credit,per_person,20000,24999,NA,170,2025,per exemption,"State of Hawaii Department of Taxation. Refundable Food/Excise Tax Credit, 2025. PDF. Accessed January 22, 2026.",https://files.hawaii.gov/tax/forms/current/n311_i.pdf,KSe,01/22/2026
2026,HI,single_parent,food_excise_tax_credit,credit,per_person,25000,29999,NA,140,2025,per exemption,"State of Hawaii Department of Taxation. Refundable Food/Excise Tax Credit, 2025. PDF. Accessed January 22, 2026.",https://files.hawaii.gov/tax/forms/current/n311_i.pdf,KSe,01/22/2026
2026,HI,single_parent,food_excise_tax_credit,credit,per_person,30000,39999,NA,110,2025,per exemption,"State of Hawaii Department of Taxation. Refundable Food/Excise Tax Credit, 2025. PDF. Accessed January 22, 2026.",https://files.hawaii.gov/tax/forms/current/n311_i.pdf,KSe,01/22/2026
2026,HI,single_parent,food_excise_tax_credit,credit,per_person,40000,49999,NA,90,2025,per exemption,"State of Hawaii Department of Taxation. Refundable Food/Excise Tax Credit, 2025. PDF. Accessed January 22, 2026.",https://files.hawaii.gov/tax/forms/current/n311_i.pdf,KSe,01/22/2026
2026,HI,single_parent,food_excise_tax_credit,credit,per_person,50000,59999,NA,70,2025,per exemption,"State of Hawaii Department of Taxation. Refundable Food/Excise Tax Credit, 2025. PDF. Accessed January 22, 2026.",https://files.hawaii.gov/tax/forms/current/n311_i.pdf,KSe,01/22/2026
2026,HI,single_parent,food_excise_tax_credit,credit,per_person,60000,Inf,NA,0,2025,per exemption,"State of Hawaii Department of Taxation. Refundable Food/Excise Tax Credit, 2025. PDF. Accessed January 22, 2026.",https://files.hawaii.gov/tax/forms/current/n311_i.pdf,KSe,01/22/2026
2026,HI,married,food_excise_tax_credit,credit,per_person,0,14999,NA,220,2025,per exemption,"State of Hawaii Department of Taxation. Refundable Food/Excise Tax Credit, 2025. PDF. Accessed January 22, 2026.",https://files.hawaii.gov/tax/forms/current/n311_i.pdf,KSe,01/22/2026
2026,HI,married,food_excise_tax_credit,credit,per_person,15000,19999,NA,200,2025,per exemption,"State of Hawaii Department of Taxation. Refundable Food/Excise Tax Credit, 2025. PDF. Accessed January 22, 2026.",https://files.hawaii.gov/tax/forms/current/n311_i.pdf,KSe,01/22/2026
2026,HI,married,food_excise_tax_credit,credit,per_person,20000,24999,NA,170,2025,per exemption,"State of Hawaii Department of Taxation. Refundable Food/Excise Tax Credit, 2025. PDF. Accessed January 22, 2026.",https://files.hawaii.gov/tax/forms/current/n311_i.pdf,KSe,01/22/2026
2026,HI,married,food_excise_tax_credit,credit,per_person,25000,29999,NA,140,2025,per exemption,"State of Hawaii Department of Taxation. Refundable Food/Excise Tax Credit, 2025. PDF. Accessed January 22, 2026.",https://files.hawaii.gov/tax/forms/current/n311_i.pdf,KSe,01/22/2026
2026,HI,married,food_excise_tax_credit,credit,per_person,30000,39999,NA,110,2025,per exemption,"State of Hawaii Department of Taxation. Refundable Food/Excise Tax Credit, 2025. PDF. Accessed January 22, 2026.",https://files.hawaii.gov/tax/forms/current/n311_i.pdf,KSe,01/22/2026
2026,HI,married,food_excise_tax_credit,credit,per_person,40000,49999,NA,90,2025,per exemption,"State of Hawaii Department of Taxation. Refundable Food/Excise Tax Credit, 2025. PDF. Accessed January 22, 2026.",https://files.hawaii.gov/tax/forms/current/n311_i.pdf,KSe,01/22/2026
2026,HI,married,food_excise_tax_credit,credit,per_person,50000,59999,NA,70,2025,per exemption,"State of Hawaii Department of Taxation. Refundable Food/Excise Tax Credit, 2025. PDF. Accessed January 22, 2026.",https://files.hawaii.gov/tax/forms/current/n311_i.pdf,KSe,01/22/2026
2026,HI,married,food_excise_tax_credit,credit,per_person,60000,Inf,NA,0,2025,per exemption,"State of Hawaii Department of Taxation. Refundable Food/Excise Tax Credit, 2025. PDF. Accessed January 22, 2026.",https://files.hawaii.gov/tax/forms/current/n311_i.pdf,KSe,01/22/2026
2026,HI,single_parent,child_dependent_care,credit,percent_of_child_care_cost,0,25000,NA,0.25,2025,"Refundable, with a max of $10,000 for one child and $20,000 for two or more children. Multiply value by child care expenses.","State of Hawaii Department of Taxation. Tax Credits for Hawaii Residents, Schedule X, 2025. PDF. Accessed January 22, 2026.",https://files.hawaii.gov/tax/forms/current/schx_i.pdf,KSe,01/22/2026
2026,HI,single_parent,child_dependent_care,credit,percent_of_child_care_cost,25001,30000,NA,0.24,2025,"Refundable, with a max of $10,000 for one child and $20,000 for two or more children. Multiply value by child care expenses.","State of Hawaii Department of Taxation. Tax Credits for Hawaii Residents, Schedule X, 2025. PDF. Accessed January 22, 2026.",https://files.hawaii.gov/tax/forms/current/schx_i.pdf,KSe,01/22/2026
2026,HI,single_parent,child_dependent_care,credit,percent_of_child_care_cost,30001,35000,NA,0.23,2025,"Refundable, with a max of $10,000 for one child and $20,000 for two or more children. Multiply value by child care expenses.","State of Hawaii Department of Taxation. Tax Credits for Hawaii Residents, Schedule X, 2025. PDF. Accessed January 22, 2026.",https://files.hawaii.gov/tax/forms/current/schx_i.pdf,KSe,01/22/2026
2026,HI,single_parent,child_dependent_care,credit,percent_of_child_care_cost,35001,40000,NA,0.22,2025,"Refundable, with a max of $10,000 for one child and $20,000 for two or more children. Multiply value by child care expenses.","State of Hawaii Department of Taxation. Tax Credits for Hawaii Residents, Schedule X, 2025. PDF. Accessed January 22, 2026.",https://files.hawaii.gov/tax/forms/current/schx_i.pdf,KSe,01/22/2026
2026,HI,single_parent,child_dependent_care,credit,percent_of_child_care_cost,40001,45000,NA,0.21,2025,"Refundable, with a max of $10,000 for one child and $20,000 for two or more children. Multiply value by child care expenses.","State of Hawaii Department of Taxation. Tax Credits for Hawaii Residents, Schedule X, 2025. PDF. Accessed January 22, 2026.",https://files.hawaii.gov/tax/forms/current/schx_i.pdf,KSe,01/22/2026
2026,HI,single_parent,child_dependent_care,credit,percent_of_child_care_cost,45001,50000,NA,0.2,2025,"Refundable, with a max of $10,000 for one child and $20,000 for two or more children. Multiply value by child care expenses.","State of Hawaii Department of Taxation. Tax Credits for Hawaii Residents, Schedule X, 2025. PDF. Accessed January 22, 2026.",https://files.hawaii.gov/tax/forms/current/schx_i.pdf,KSe,01/22/2026
2026,HI,single_parent,child_dependent_care,credit,percent_of_child_care_cost,50001,Inf,NA,0.15,2025,"Refundable, with a max of $10,000 for one child and $20,000 for two or more children. Multiply value by child care expenses.","State of Hawaii Department of Taxation. Tax Credits for Hawaii Residents, Schedule X, 2025. PDF. Accessed January 22, 2026.",https://files.hawaii.gov/tax/forms/current/schx_i.pdf,KSe,01/22/2026
2026,HI,married,child_dependent_care,credit,percent_of_child_care_cost,0,25000,NA,0.25,2025,"Refundable, with a max of $10,000 for one child and $20,000 for two or more children. Multiply value by child care expenses.","State of Hawaii Department of Taxation. Tax Credits for Hawaii Residents, Schedule X, 2025. PDF. Accessed January 22, 2026.",https://files.hawaii.gov/tax/forms/current/schx_i.pdf,KSe,01/22/2026
2026,HI,married,child_dependent_care,credit,percent_of_child_care_cost,25001,30000,NA,0.24,2025,"Refundable, with a max of $10,000 for one child and $20,000 for two or more children. Multiply value by child care expenses.","State of Hawaii Department of Taxation. Tax Credits for Hawaii Residents, Schedule X, 2025. PDF. Accessed January 22, 2026.",https://files.hawaii.gov/tax/forms/current/schx_i.pdf,KSe,01/22/2026
2026,HI,married,child_dependent_care,credit,percent_of_child_care_cost,30001,35000,NA,0.23,2025,"Refundable, with a max of $10,000 for one child and $20,000 for two or more children. Multiply value by child care expenses.","State of Hawaii Department of Taxation. Tax Credits for Hawaii Residents, Schedule X, 2025. PDF. Accessed January 22, 2026.",https://files.hawaii.gov/tax/forms/current/schx_i.pdf,KSe,01/22/2026
2026,HI,married,child_dependent_care,credit,percent_of_child_care_cost,35001,40000,NA,0.22,2025,"Refundable, with a max of $10,000 for one child and $20,000 for two or more children. Multiply value by child care expenses.","State of Hawaii Department of Taxation. Tax Credits for Hawaii Residents, Schedule X, 2025. PDF. Accessed January 22, 2026.",https://files.hawaii.gov/tax/forms/current/schx_i.pdf,KSe,01/22/2026
2026,HI,married,child_dependent_care,credit,percent_of_child_care_cost,40001,45000,NA,0.21,2025,"Refundable, with a max of $10,000 for one child and $20,000 for two or more children. Multiply value by child care expenses.","State of Hawaii Department of Taxation. Tax Credits for Hawaii Residents, Schedule X, 2025. PDF. Accessed January 22, 2026.",https://files.hawaii.gov/tax/forms/current/schx_i.pdf,KSe,01/22/2026
2026,HI,married,child_dependent_care,credit,percent_of_child_care_cost,45001,50000,NA,0.2,2025,"Refundable, with a max of $10,000 for one child and $20,000 for two or more children. Multiply value by child care expenses.","State of Hawaii Department of Taxation. Tax Credits for Hawaii Residents, Schedule X, 2025. PDF. Accessed January 22, 2026.",https://files.hawaii.gov/tax/forms/current/schx_i.pdf,KSe,01/22/2026
2026,HI,married,child_dependent_care,credit,percent_of_child_care_cost,50001,Inf,NA,0.15,2025,"Refundable, with a max of $10,000 for one child and $20,000 for two or more children. Multiply value by child care expenses.","State of Hawaii Department of Taxation. Tax Credits for Hawaii Residents, Schedule X, 2025. PDF. Accessed January 22, 2026.",https://files.hawaii.gov/tax/forms/current/schx_i.pdf,KSe,01/22/2026
2026,IA,all,cdcc,credit,percent_of_fed_cdctc_estimate,0,9999,NA,0.75,2024,Based on taxable income bracket %,"Iowa Department of Revenue. IA 1040 Income Tax Return, 2024. Downloaded 1/14/2026.",https://revenue.iowa.gov/media/4152/download?inline,KSe,1/14/2026
2026,IA,all,cdcc,credit,percent_of_fed_cdctc_estimate,10000,19999,NA,0.65,2024,Based on taxable income bracket %,"Iowa Department of Revenue. IA 1040 Income Tax Return, 2024. Downloaded 1/14/2026.",https://revenue.iowa.gov/media/4152/download?inline,KSe,1/14/2026
2026,IA,all,cdcc,credit,percent_of_fed_cdctc_estimate,20000,24999,NA,0.55,2024,Based on taxable income bracket %,"Iowa Department of Revenue. IA 1040 Income Tax Return, 2024. Downloaded 1/14/2026.",https://revenue.iowa.gov/media/4152/download?inline,KSe,1/14/2026
2026,IA,all,cdcc,credit,percent_of_fed_cdctc_estimate,25000,34999,NA,0.5,2024,Based on taxable income bracket %,"Iowa Department of Revenue. IA 1040 Income Tax Return, 2024. Downloaded 1/14/2026.",https://revenue.iowa.gov/media/4152/download?inline,KSe,1/14/2026
2026,IA,all,cdcc,credit,percent_of_fed_cdctc_estimate,35000,39999,NA,0.4,2024,Based on taxable income bracket %,"Iowa Department of Revenue. IA 1040 Income Tax Return, 2024. Downloaded 1/14/2026.",https://revenue.iowa.gov/media/4152/download?inline,KSe,1/14/2026
2026,IA,all,cdcc,credit,percent_of_fed_cdctc_estimate,40000,89999,NA,0.3,2024,Based on taxable income bracket %,"Iowa Department of Revenue. IA 1040 Income Tax Return, 2024. Downloaded 1/14/2026.",https://revenue.iowa.gov/media/4152/download?inline,KSe,1/14/2026
2026,IA,all,cdcc,credit,percent_of_fed_cdctc_estimate,90000,Inf,NA,0,2024,Based on taxable income bracket %,"Iowa Department of Revenue. IA 1040 Income Tax Return, 2024. Downloaded 1/14/2026.",https://revenue.iowa.gov/media/4152/download?inline,KSe,1/14/2026
2026,KY,single_adult,family_size,credit,percent_of_state_tax,0,15650,0,1,2025,"If family size = ONE, multiply value by Kentucky state tax liability to determine tax credit amount","Commonwealth of Kentucky Department of Revenue. Schedule ITC, 2025. Frankfort, KY: Kentucky Department of Revenue, 2025. Accessed January 23, 2026.",https://revenue.ky.gov/Forms/Schedule%20ITC%20(2025).pdf,KSe,01/23/2026
2026,KY,single_adult,family_size,credit,percent_of_state_tax,15651,16276,0,0.9,2025,"If family size = ONE, multiply value by Kentucky state tax liability to determine tax credit amount","Commonwealth of Kentucky Department of Revenue. Schedule ITC, 2025. Frankfort, KY: Kentucky Department of Revenue, 2025. Accessed January 23, 2026.",https://revenue.ky.gov/Forms/Schedule%20ITC%20(2025).pdf,KSe,01/23/2026
2026,KY,single_adult,family_size,credit,percent_of_state_tax,16277,16902,0,0.8,2025,"If family size = ONE, multiply value by Kentucky state tax liability to determine tax credit amount","Commonwealth of Kentucky Department of Revenue. Schedule ITC, 2025. Frankfort, KY: Kentucky Department of Revenue, 2025. Accessed January 23, 2026.",https://revenue.ky.gov/Forms/Schedule%20ITC%20(2025).pdf,KSe,01/23/2026
2026,KY,single_adult,family_size,credit,percent_of_state_tax,16903,17528,0,0.7,2025,"If family size = ONE, multiply value by Kentucky state tax liability to determine tax credit amount","Commonwealth of Kentucky Department of Revenue. Schedule ITC, 2025. Frankfort, KY: Kentucky Department of Revenue, 2025. Accessed January 23, 2026.",https://revenue.ky.gov/Forms/Schedule%20ITC%20(2025).pdf,KSe,01/23/2026
2026,KY,single_adult,family_size,credit,percent_of_state_tax,17529,18154,0,0.6,2025,"If family size = ONE, multiply value by Kentucky state tax liability to determine tax credit amount","Commonwealth of Kentucky Department of Revenue. Schedule ITC, 2025. Frankfort, KY: Kentucky Department of Revenue, 2025. Accessed January 23, 2026.",https://revenue.ky.gov/Forms/Schedule%20ITC%20(2025).pdf,KSe,01/23/2026
2026,KY,single_adult,family_size,credit,percent_of_state_tax,18155,18780,0,0.5,2025,"If family size = ONE, multiply value by Kentucky state tax liability to determine tax credit amount","Commonwealth of Kentucky Department of Revenue. Schedule ITC, 2025. Frankfort, KY: Kentucky Department of Revenue, 2025. Accessed January 23, 2026.",https://revenue.ky.gov/Forms/Schedule%20ITC%20(2025).pdf,KSe,01/23/2026
2026,KY,single_adult,family_size,credit,percent_of_state_tax,18781,19406,0,0.4,2025,"If family size = ONE, multiply value by Kentucky state tax liability to determine tax credit amount","Commonwealth of Kentucky Department of Revenue. Schedule ITC, 2025. Frankfort, KY: Kentucky Department of Revenue, 2025. Accessed January 23, 2026.",https://revenue.ky.gov/Forms/Schedule%20ITC%20(2025).pdf,KSe,01/23/2026
2026,KY,single_adult,family_size,credit,percent_of_state_tax,19407,19876,0,0.3,2025,"If family size = ONE, multiply value by Kentucky state tax liability to determine tax credit amount","Commonwealth of Kentucky Department of Revenue. Schedule ITC, 2025. Frankfort, KY: Kentucky Department of Revenue, 2025. Accessed January 23, 2026.",https://revenue.ky.gov/Forms/Schedule%20ITC%20(2025).pdf,KSe,01/23/2026
2026,KY,single_adult,family_size,credit,percent_of_state_tax,19877,20345,0,0.2,2025,"If family size = ONE, multiply value by Kentucky state tax liability to determine tax credit amount","Commonwealth of Kentucky Department of Revenue. Schedule ITC, 2025. Frankfort, KY: Kentucky Department of Revenue, 2025. Accessed January 23, 2026.",https://revenue.ky.gov/Forms/Schedule%20ITC%20(2025).pdf,KSe,01/23/2026
2026,KY,single_adult,family_size,credit,percent_of_state_tax,20346,20815,0,0.1,2025,"If family size = ONE, multiply value by Kentucky state tax liability to determine tax credit amount","Commonwealth of Kentucky Department of Revenue. Schedule ITC, 2025. Frankfort, KY: Kentucky Department of Revenue, 2025. Accessed January 23, 2026.",https://revenue.ky.gov/Forms/Schedule%20ITC%20(2025).pdf,KSe,01/23/2026
2026,KY,single_adult,family_size,credit,percent_of_state_tax,20816,Inf,0,0,2025,"If family size = ONE, multiply value by Kentucky state tax liability to determine tax credit amount","Commonwealth of Kentucky Department of Revenue. Schedule ITC, 2025. Frankfort, KY: Kentucky Department of Revenue, 2025. Accessed January 23, 2026.",https://revenue.ky.gov/Forms/Schedule%20ITC%20(2025).pdf,KSe,01/23/2026
2026,KY,single_parent,family_size,credit,percent_of_state_tax,0,21150,1,1,2025,"If parent and family size = TWO, multiply value by Kentucky state tax liability to determine tax credit amount","Commonwealth of Kentucky Department of Revenue. Schedule ITC, 2025. Frankfort, KY: Kentucky Department of Revenue, 2025. Accessed January 23, 2026.",https://revenue.ky.gov/Forms/Schedule%20ITC%20(2025).pdf,KSe,01/23/2026
2026,KY,single_parent,family_size,credit,percent_of_state_tax,21151,21996,1,0.9,2025,"If parent and family size = TWO, multiply value by Kentucky state tax liability to determine tax credit amount","Commonwealth of Kentucky Department of Revenue. Schedule ITC, 2025. Frankfort, KY: Kentucky Department of Revenue, 2025. Accessed January 23, 2026.",https://revenue.ky.gov/Forms/Schedule%20ITC%20(2025).pdf,KSe,01/23/2026
2026,KY,single_parent,family_size,credit,percent_of_state_tax,21997,22842,1,0.8,2025,"If parent and family size = TWO, multiply value by Kentucky state tax liability to determine tax credit amount","Commonwealth of Kentucky Department of Revenue. Schedule ITC, 2025. Frankfort, KY: Kentucky Department of Revenue, 2025. Accessed January 23, 2026.",https://revenue.ky.gov/Forms/Schedule%20ITC%20(2025).pdf,KSe,01/23/2026
2026,KY,single_parent,family_size,credit,percent_of_state_tax,22843,23688,1,0.7,2025,"If parent and family size = TWO, multiply value by Kentucky state tax liability to determine tax credit amount","Commonwealth of Kentucky Department of Revenue. Schedule ITC, 2025. Frankfort, KY: Kentucky Department of Revenue, 2025. Accessed January 23, 2026.",https://revenue.ky.gov/Forms/Schedule%20ITC%20(2025).pdf,KSe,01/23/2026
2026,KY,single_parent,family_size,credit,percent_of_state_tax,23689,24534,1,0.6,2025,"If parent and family size = TWO, multiply value by Kentucky state tax liability to determine tax credit amount","Commonwealth of Kentucky Department of Revenue. Schedule ITC, 2025. Frankfort, KY: Kentucky Department of Revenue, 2025. Accessed January 23, 2026.",https://revenue.ky.gov/Forms/Schedule%20ITC%20(2025).pdf,KSe,01/23/2026
2026,KY,single_parent,family_size,credit,percent_of_state_tax,24535,25380,1,0.5,2025,"If parent and family size = TWO, multiply value by Kentucky state tax liability to determine tax credit amount","Commonwealth of Kentucky Department of Revenue. Schedule ITC, 2025. Frankfort, KY: Kentucky Department of Revenue, 2025. Accessed January 23, 2026.",https://revenue.ky.gov/Forms/Schedule%20ITC%20(2025).pdf,KSe,01/23/2026
2026,KY,single_parent,family_size,credit,percent_of_state_tax,25381,26226,1,0.4,2025,"If parent and family size = TWO, multiply value by Kentucky state tax liability to determine tax credit amount","Commonwealth of Kentucky Department of Revenue. Schedule ITC, 2025. Frankfort, KY: Kentucky Department of Revenue, 2025. Accessed January 23, 2026.",https://revenue.ky.gov/Forms/Schedule%20ITC%20(2025).pdf,KSe,01/23/2026
2026,KY,single_parent,family_size,credit,percent_of_state_tax,26227,26861,1,0.3,2025,"If parent and family size = TWO, multiply value by Kentucky state tax liability to determine tax credit amount","Commonwealth of Kentucky Department of Revenue. Schedule ITC, 2025. Frankfort, KY: Kentucky Department of Revenue, 2025. Accessed January 23, 2026.",https://revenue.ky.gov/Forms/Schedule%20ITC%20(2025).pdf,KSe,01/23/2026
2026,KY,single_parent,family_size,credit,percent_of_state_tax,26862,27495,1,0.2,2025,"If parent and family size = TWO, multiply value by Kentucky state tax liability to determine tax credit amount","Commonwealth of Kentucky Department of Revenue. Schedule ITC, 2025. Frankfort, KY: Kentucky Department of Revenue, 2025. Accessed January 23, 2026.",https://revenue.ky.gov/Forms/Schedule%20ITC%20(2025).pdf,KSe,01/23/2026
2026,KY,single_parent,family_size,credit,percent_of_state_tax,27496,28130,1,0.1,2025,"If parent and family size = TWO, multiply value by Kentucky state tax liability to determine tax credit amount","Commonwealth of Kentucky Department of Revenue. Schedule ITC, 2025. Frankfort, KY: Kentucky Department of Revenue, 2025. Accessed January 23, 2026.",https://revenue.ky.gov/Forms/Schedule%20ITC%20(2025).pdf,KSe,01/23/2026
2026,KY,single_parent,family_size,credit,percent_of_state_tax,28131,Inf,1,0,2025,"If parent and family size = TWO, multiply value by Kentucky state tax liability to determine tax credit amount","Commonwealth of Kentucky Department of Revenue. Schedule ITC, 2025. Frankfort, KY: Kentucky Department of Revenue, 2025. Accessed January 23, 2026.",https://revenue.ky.gov/Forms/Schedule%20ITC%20(2025).pdf,KSe,01/23/2026
2026,KY,single_parent,family_size,credit,percent_of_state_tax,0,26650,2,1,2025,"If parent and family size = THREE, multiply value by Kentucky state tax liability to determine tax credit amount","Commonwealth of Kentucky Department of Revenue. Schedule ITC, 2025. Frankfort, KY: Kentucky Department of Revenue, 2025. Accessed January 23, 2026.",https://revenue.ky.gov/Forms/Schedule%20ITC%20(2025).pdf,KSe,01/23/2026
2026,KY,single_parent,family_size,credit,percent_of_state_tax,26651,27716,2,0.9,2025,"If parent and family size = THREE, multiply value by Kentucky state tax liability to determine tax credit amount","Commonwealth of Kentucky Department of Revenue. Schedule ITC, 2025. Frankfort, KY: Kentucky Department of Revenue, 2025. Accessed January 23, 2026.",https://revenue.ky.gov/Forms/Schedule%20ITC%20(2025).pdf,KSe,01/23/2026
2026,KY,single_parent,family_size,credit,percent_of_state_tax,27717,28782,2,0.8,2025,"If parent and family size = THREE, multiply value by Kentucky state tax liability to determine tax credit amount","Commonwealth of Kentucky Department of Revenue. Schedule ITC, 2025. Frankfort, KY: Kentucky Department of Revenue, 2025. Accessed January 23, 2026.",https://revenue.ky.gov/Forms/Schedule%20ITC%20(2025).pdf,KSe,01/23/2026
2026,KY,single_parent,family_size,credit,percent_of_state_tax,28783,29848,2,0.7,2025,"If parent and family size = THREE, multiply value by Kentucky state tax liability to determine tax credit amount","Commonwealth of Kentucky Department of Revenue. Schedule ITC, 2025. Frankfort, KY: Kentucky Department of Revenue, 2025. Accessed January 23, 2026.",https://revenue.ky.gov/Forms/Schedule%20ITC%20(2025).pdf,KSe,01/23/2026
2026,KY,single_parent,family_size,credit,percent_of_state_tax,29849,30914,2,0.6,2025,"If parent and family size = THREE, multiply value by Kentucky state tax liability to determine tax credit amount","Commonwealth of Kentucky Department of Revenue. Schedule ITC, 2025. Frankfort, KY: Kentucky Department of Revenue, 2025. Accessed January 23, 2026.",https://revenue.ky.gov/Forms/Schedule%20ITC%20(2025).pdf,KSe,01/23/2026
2026,KY,single_parent,family_size,credit,percent_of_state_tax,30915,31980,2,0.5,2025,"If parent and family size = THREE, multiply value by Kentucky state tax liability to determine tax credit amount","Commonwealth of Kentucky Department of Revenue. Schedule ITC, 2025. Frankfort, KY: Kentucky Department of Revenue, 2025. Accessed January 23, 2026.",https://revenue.ky.gov/Forms/Schedule%20ITC%20(2025).pdf,KSe,01/23/2026
2026,KY,single_parent,family_size,credit,percent_of_state_tax,31981,33046,2,0.4,2025,"If parent and family size = THREE, multiply value by Kentucky state tax liability to determine tax credit amount","Commonwealth of Kentucky Department of Revenue. Schedule ITC, 2025. Frankfort, KY: Kentucky Department of Revenue, 2025. Accessed January 23, 2026.",https://revenue.ky.gov/Forms/Schedule%20ITC%20(2025).pdf,KSe,01/23/2026
2026,KY,single_parent,family_size,credit,percent_of_state_tax,33047,33846,2,0.3,2025,"If parent and family size = THREE, multiply value by Kentucky state tax liability to determine tax credit amount","Commonwealth of Kentucky Department of Revenue. Schedule ITC, 2025. Frankfort, KY: Kentucky Department of Revenue, 2025. Accessed January 23, 2026.",https://revenue.ky.gov/Forms/Schedule%20ITC%20(2025).pdf,KSe,01/23/2026
2026,KY,single_parent,family_size,credit,percent_of_state_tax,33847,34645,2,0.2,2025,"If parent and family size = THREE, multiply value by Kentucky state tax liability to determine tax credit amount","Commonwealth of Kentucky Department of Revenue. Schedule ITC, 2025. Frankfort, KY: Kentucky Department of Revenue, 2025. Accessed January 23, 2026.",https://revenue.ky.gov/Forms/Schedule%20ITC%20(2025).pdf,KSe,01/23/2026
2026,KY,single_parent,family_size,credit,percent_of_state_tax,34646,35445,2,0.1,2025,"If parent and family size = THREE, multiply value by Kentucky state tax liability to determine tax credit amount","Commonwealth of Kentucky Department of Revenue. Schedule ITC, 2025. Frankfort, KY: Kentucky Department of Revenue, 2025. Accessed January 23, 2026.",https://revenue.ky.gov/Forms/Schedule%20ITC%20(2025).pdf,KSe,01/23/2026
2026,KY,single_parent,family_size,credit,percent_of_state_tax,35446,Inf,2,0,2025,"If parent and family size = THREE, multiply value by Kentucky state tax liability to determine tax credit amount","Commonwealth of Kentucky Department of Revenue. Schedule ITC, 2025. Frankfort, KY: Kentucky Department of Revenue, 2025. Accessed January 23, 2026.",https://revenue.ky.gov/Forms/Schedule%20ITC%20(2025).pdf,KSe,01/23/2026
2026,KY,single_parent,family_size,credit,percent_of_state_tax,0,32150,3,1,2025,"If parent and family size = FOUR or more, multiply value by Kentucky state tax liability to determine tax credit amount","Commonwealth of Kentucky Department of Revenue. Schedule ITC, 2025. Frankfort, KY: Kentucky Department of Revenue, 2025. Accessed January 23, 2026.",https://revenue.ky.gov/Forms/Schedule%20ITC%20(2025).pdf,KSe,01/23/2026
2026,KY,single_parent,family_size,credit,percent_of_state_tax,32151,33436,3,0.9,2025,"If parent and family size = FOUR or more, multiply value by Kentucky state tax liability to determine tax credit amount","Commonwealth of Kentucky Department of Revenue. Schedule ITC, 2025. Frankfort, KY: Kentucky Department of Revenue, 2025. Accessed January 23, 2026.",https://revenue.ky.gov/Forms/Schedule%20ITC%20(2025).pdf,KSe,01/23/2026
2026,KY,single_parent,family_size,credit,percent_of_state_tax,33437,34722,3,0.8,2025,"If parent and family size = FOUR or more, multiply value by Kentucky state tax liability to determine tax credit amount","Commonwealth of Kentucky Department of Revenue. Schedule ITC, 2025. Frankfort, KY: Kentucky Department of Revenue, 2025. Accessed January 23, 2026.",https://revenue.ky.gov/Forms/Schedule%20ITC%20(2025).pdf,KSe,01/23/2026
2026,KY,single_parent,family_size,credit,percent_of_state_tax,34723,36008,3,0.7,2025,"If parent and family size = FOUR or more, multiply value by Kentucky state tax liability to determine tax credit amount","Commonwealth of Kentucky Department of Revenue. Schedule ITC, 2025. Frankfort, KY: Kentucky Department of Revenue, 2025. Accessed January 23, 2026.",https://revenue.ky.gov/Forms/Schedule%20ITC%20(2025).pdf,KSe,01/23/2026
2026,KY,single_parent,family_size,credit,percent_of_state_tax,36009,37294,3,0.6,2025,"If parent and family size = FOUR or more, multiply value by Kentucky state tax liability to determine tax credit amount","Commonwealth of Kentucky Department of Revenue. Schedule ITC, 2025. Frankfort, KY: Kentucky Department of Revenue, 2025. Accessed January 23, 2026.",https://revenue.ky.gov/Forms/Schedule%20ITC%20(2025).pdf,KSe,01/23/2026
2026,KY,single_parent,family_size,credit,percent_of_state_tax,37295,38580,3,0.5,2025,"If parent and family size = FOUR or more, multiply value by Kentucky state tax liability to determine tax credit amount","Commonwealth of Kentucky Department of Revenue. Schedule ITC, 2025. Frankfort, KY: Kentucky Department of Revenue, 2025. Accessed January 23, 2026.",https://revenue.ky.gov/Forms/Schedule%20ITC%20(2025).pdf,KSe,01/23/2026
2026,KY,single_parent,family_size,credit,percent_of_state_tax,38581,39866,3,0.4,2025,"If parent and family size = FOUR or more, multiply value by Kentucky state tax liability to determine tax credit amount","Commonwealth of Kentucky Department of Revenue. Schedule ITC, 2025. Frankfort, KY: Kentucky Department of Revenue, 2025. Accessed January 23, 2026.",https://revenue.ky.gov/Forms/Schedule%20ITC%20(2025).pdf,KSe,01/23/2026
2026,KY,single_parent,family_size,credit,percent_of_state_tax,39867,40831,3,0.3,2025,"If parent and family size = FOUR or more, multiply value by Kentucky state tax liability to determine tax credit amount","Commonwealth of Kentucky Department of Revenue. Schedule ITC, 2025. Frankfort, KY: Kentucky Department of Revenue, 2025. Accessed January 23, 2026.",https://revenue.ky.gov/Forms/Schedule%20ITC%20(2025).pdf,KSe,01/23/2026
2026,KY,single_parent,family_size,credit,percent_of_state_tax,40832,41795,3,0.2,2025,"If parent and family size = FOUR or more, multiply value by Kentucky state tax liability to determine tax credit amount","Commonwealth of Kentucky Department of Revenue. Schedule ITC, 2025. Frankfort, KY: Kentucky Department of Revenue, 2025. Accessed January 23, 2026.",https://revenue.ky.gov/Forms/Schedule%20ITC%20(2025).pdf,KSe,01/23/2026
2026,KY,single_parent,family_size,credit,percent_of_state_tax,41796,42760,3,0.1,2025,"If parent and family size = FOUR or more, multiply value by Kentucky state tax liability to determine tax credit amount","Commonwealth of Kentucky Department of Revenue. Schedule ITC, 2025. Frankfort, KY: Kentucky Department of Revenue, 2025. Accessed January 23, 2026.",https://revenue.ky.gov/Forms/Schedule%20ITC%20(2025).pdf,KSe,01/23/2026
2026,KY,single_parent,family_size,credit,percent_of_state_tax,42761,Inf,3,0,2025,"If parent and family size = FOUR or more, multiply value by Kentucky state tax liability to determine tax credit amount","Commonwealth of Kentucky Department of Revenue. Schedule ITC, 2025. Frankfort, KY: Kentucky Department of Revenue, 2025. Accessed January 23, 2026.",https://revenue.ky.gov/Forms/Schedule%20ITC%20(2025).pdf,KSe,01/23/2026
2026,KY,single_parent,family_size,credit,percent_of_state_tax,0,32150,4,1,2025,"If parent and family size = FOUR or more, multiply value by Kentucky state tax liability to determine tax credit amount","Commonwealth of Kentucky Department of Revenue. Schedule ITC, 2025. Frankfort, KY: Kentucky Department of Revenue, 2025. Accessed January 23, 2026.",https://revenue.ky.gov/Forms/Schedule%20ITC%20(2025).pdf,KSe,01/23/2026
2026,KY,single_parent,family_size,credit,percent_of_state_tax,32151,33436,4,0.9,2025,"If parent and family size = FOUR or more, multiply value by Kentucky state tax liability to determine tax credit amount","Commonwealth of Kentucky Department of Revenue. Schedule ITC, 2025. Frankfort, KY: Kentucky Department of Revenue, 2025. Accessed January 23, 2026.",https://revenue.ky.gov/Forms/Schedule%20ITC%20(2025).pdf,KSe,01/23/2026
2026,KY,single_parent,family_size,credit,percent_of_state_tax,33437,34722,4,0.8,2025,"If parent and family size = FOUR or more, multiply value by Kentucky state tax liability to determine tax credit amount","Commonwealth of Kentucky Department of Revenue. Schedule ITC, 2025. Frankfort, KY: Kentucky Department of Revenue, 2025. Accessed January 23, 2026.",https://revenue.ky.gov/Forms/Schedule%20ITC%20(2025).pdf,KSe,01/23/2026
2026,KY,single_parent,family_size,credit,percent_of_state_tax,34723,36008,4,0.7,2025,"If parent and family size = FOUR or more, multiply value by Kentucky state tax liability to determine tax credit amount","Commonwealth of Kentucky Department of Revenue. Schedule ITC, 2025. Frankfort, KY: Kentucky Department of Revenue, 2025. Accessed January 23, 2026.",https://revenue.ky.gov/Forms/Schedule%20ITC%20(2025).pdf,KSe,01/23/2026
2026,KY,single_parent,family_size,credit,percent_of_state_tax,36009,37294,4,0.6,2025,"If parent and family size = FOUR or more, multiply value by Kentucky state tax liability to determine tax credit amount","Commonwealth of Kentucky Department of Revenue. Schedule ITC, 2025. Frankfort, KY: Kentucky Department of Revenue, 2025. Accessed January 23, 2026.",https://revenue.ky.gov/Forms/Schedule%20ITC%20(2025).pdf,KSe,01/23/2026
2026,KY,single_parent,family_size,credit,percent_of_state_tax,37295,38580,4,0.5,2025,"If parent and family size = FOUR or more, multiply value by Kentucky state tax liability to determine tax credit amount","Commonwealth of Kentucky Department of Revenue. Schedule ITC, 2025. Frankfort, KY: Kentucky Department of Revenue, 2025. Accessed January 23, 2026.",https://revenue.ky.gov/Forms/Schedule%20ITC%20(2025).pdf,KSe,01/23/2026
2026,KY,single_parent,family_size,credit,percent_of_state_tax,38581,39866,4,0.4,2025,"If parent and family size = FOUR or more, multiply value by Kentucky state tax liability to determine tax credit amount","Commonwealth of Kentucky Department of Revenue. Schedule ITC, 2025. Frankfort, KY: Kentucky Department of Revenue, 2025. Accessed January 23, 2026.",https://revenue.ky.gov/Forms/Schedule%20ITC%20(2025).pdf,KSe,01/23/2026
2026,KY,single_parent,family_size,credit,percent_of_state_tax,39867,40831,4,0.3,2025,"If parent and family size = FOUR or more, multiply value by Kentucky state tax liability to determine tax credit amount","Commonwealth of Kentucky Department of Revenue. Schedule ITC, 2025. Frankfort, KY: Kentucky Department of Revenue, 2025. Accessed January 23, 2026.",https://revenue.ky.gov/Forms/Schedule%20ITC%20(2025).pdf,KSe,01/23/2026
2026,KY,single_parent,family_size,credit,percent_of_state_tax,40832,41795,4,0.2,2025,"If parent and family size = FOUR or more, multiply value by Kentucky state tax liability to determine tax credit amount","Commonwealth of Kentucky Department of Revenue. Schedule ITC, 2025. Frankfort, KY: Kentucky Department of Revenue, 2025. Accessed January 23, 2026.",https://revenue.ky.gov/Forms/Schedule%20ITC%20(2025).pdf,KSe,01/23/2026
2026,KY,single_parent,family_size,credit,percent_of_state_tax,41796,42760,4,0.1,2025,"If parent and family size = FOUR or more, multiply value by Kentucky state tax liability to determine tax credit amount","Commonwealth of Kentucky Department of Revenue. Schedule ITC, 2025. Frankfort, KY: Kentucky Department of Revenue, 2025. Accessed January 23, 2026.",https://revenue.ky.gov/Forms/Schedule%20ITC%20(2025).pdf,KSe,01/23/2026
2026,KY,single_parent,family_size,credit,percent_of_state_tax,42761,Inf,4,0,2025,"If parent and family size = FOUR or more, multiply value by Kentucky state tax liability to determine tax credit amount","Commonwealth of Kentucky Department of Revenue. Schedule ITC, 2025. Frankfort, KY: Kentucky Department of Revenue, 2025. Accessed January 23, 2026.",https://revenue.ky.gov/Forms/Schedule%20ITC%20(2025).pdf,KSe,01/23/2026
2026,KY,single_parent,family_size,credit,percent_of_state_tax,0,32150,5,1,2025,"If parent and family size = FOUR or more, multiply value by Kentucky state tax liability to determine tax credit amount","Commonwealth of Kentucky Department of Revenue. Schedule ITC, 2025. Frankfort, KY: Kentucky Department of Revenue, 2025. Accessed January 23, 2026.",https://revenue.ky.gov/Forms/Schedule%20ITC%20(2025).pdf,KSe,01/23/2026
2026,KY,single_parent,family_size,credit,percent_of_state_tax,32151,33436,5,0.9,2025,"If parent and family size = FOUR or more, multiply value by Kentucky state tax liability to determine tax credit amount","Commonwealth of Kentucky Department of Revenue. Schedule ITC, 2025. Frankfort, KY: Kentucky Department of Revenue, 2025. Accessed January 23, 2026.",https://revenue.ky.gov/Forms/Schedule%20ITC%20(2025).pdf,KSe,01/23/2026
2026,KY,single_parent,family_size,credit,percent_of_state_tax,33437,34722,5,0.8,2025,"If parent and family size = FOUR or more, multiply value by Kentucky state tax liability to determine tax credit amount","Commonwealth of Kentucky Department of Revenue. Schedule ITC, 2025. Frankfort, KY: Kentucky Department of Revenue, 2025. Accessed January 23, 2026.",https://revenue.ky.gov/Forms/Schedule%20ITC%20(2025).pdf,KSe,01/23/2026
2026,KY,single_parent,family_size,credit,percent_of_state_tax,34723,36008,5,0.7,2025,"If parent and family size = FOUR or more, multiply value by Kentucky state tax liability to determine tax credit amount","Commonwealth of Kentucky Department of Revenue. Schedule ITC, 2025. Frankfort, KY: Kentucky Department of Revenue, 2025. Accessed January 23, 2026.",https://revenue.ky.gov/Forms/Schedule%20ITC%20(2025).pdf,KSe,01/23/2026
2026,KY,single_parent,family_size,credit,percent_of_state_tax,36009,37294,5,0.6,2025,"If parent and family size = FOUR or more, multiply value by Kentucky state tax liability to determine tax credit amount","Commonwealth of Kentucky Department of Revenue. Schedule ITC, 2025. Frankfort, KY: Kentucky Department of Revenue, 2025. Accessed January 23, 2026.",https://revenue.ky.gov/Forms/Schedule%20ITC%20(2025).pdf,KSe,01/23/2026
2026,KY,single_parent,family_size,credit,percent_of_state_tax,37295,38580,5,0.5,2025,"If parent and family size = FOUR or more, multiply value by Kentucky state tax liability to determine tax credit amount","Commonwealth of Kentucky Department of Revenue. Schedule ITC, 2025. Frankfort, KY: Kentucky Department of Revenue, 2025. Accessed January 23, 2026.",https://revenue.ky.gov/Forms/Schedule%20ITC%20(2025).pdf,KSe,01/23/2026
2026,KY,single_parent,family_size,credit,percent_of_state_tax,38581,39866,5,0.4,2025,"If parent and family size = FOUR or more, multiply value by Kentucky state tax liability to determine tax credit amount","Commonwealth of Kentucky Department of Revenue. Schedule ITC, 2025. Frankfort, KY: Kentucky Department of Revenue, 2025. Accessed January 23, 2026.",https://revenue.ky.gov/Forms/Schedule%20ITC%20(2025).pdf,KSe,01/23/2026
2026,KY,single_parent,family_size,credit,percent_of_state_tax,39867,40831,5,0.3,2025,"If parent and family size = FOUR or more, multiply value by Kentucky state tax liability to determine tax credit amount","Commonwealth of Kentucky Department of Revenue. Schedule ITC, 2025. Frankfort, KY: Kentucky Department of Revenue, 2025. Accessed January 23, 2026.",https://revenue.ky.gov/Forms/Schedule%20ITC%20(2025).pdf,KSe,01/23/2026
2026,KY,single_parent,family_size,credit,percent_of_state_tax,40832,41795,5,0.2,2025,"If parent and family size = FOUR or more, multiply value by Kentucky state tax liability to determine tax credit amount","Commonwealth of Kentucky Department of Revenue. Schedule ITC, 2025. Frankfort, KY: Kentucky Department of Revenue, 2025. Accessed January 23, 2026.",https://revenue.ky.gov/Forms/Schedule%20ITC%20(2025).pdf,KSe,01/23/2026
2026,KY,single_parent,family_size,credit,percent_of_state_tax,41796,42760,5,0.1,2025,"If parent and family size = FOUR or more, multiply value by Kentucky state tax liability to determine tax credit amount","Commonwealth of Kentucky Department of Revenue. Schedule ITC, 2025. Frankfort, KY: Kentucky Department of Revenue, 2025. Accessed January 23, 2026.",https://revenue.ky.gov/Forms/Schedule%20ITC%20(2025).pdf,KSe,01/23/2026
2026,KY,single_parent,family_size,credit,percent_of_state_tax,42761,Inf,5,0,2025,"If parent and family size = FOUR or more, multiply value by Kentucky state tax liability to determine tax credit amount","Commonwealth of Kentucky Department of Revenue. Schedule ITC, 2025. Frankfort, KY: Kentucky Department of Revenue, 2025. Accessed January 23, 2026.",https://revenue.ky.gov/Forms/Schedule%20ITC%20(2025).pdf,KSe,01/23/2026
2026,KY,single_parent,family_size,credit,percent_of_state_tax,0,32150,6,1,2025,"If parent and family size = FOUR or more, multiply value by Kentucky state tax liability to determine tax credit amount","Commonwealth of Kentucky Department of Revenue. Schedule ITC, 2025. Frankfort, KY: Kentucky Department of Revenue, 2025. Accessed January 23, 2026.",https://revenue.ky.gov/Forms/Schedule%20ITC%20(2025).pdf,KSe,01/23/2026
2026,KY,single_parent,family_size,credit,percent_of_state_tax,32151,33436,6,0.9,2025,"If parent and family size = FOUR or more, multiply value by Kentucky state tax liability to determine tax credit amount","Commonwealth of Kentucky Department of Revenue. Schedule ITC, 2025. Frankfort, KY: Kentucky Department of Revenue, 2025. Accessed January 23, 2026.",https://revenue.ky.gov/Forms/Schedule%20ITC%20(2025).pdf,KSe,01/23/2026
2026,KY,single_parent,family_size,credit,percent_of_state_tax,33437,34722,6,0.8,2025,"If parent and family size = FOUR or more, multiply value by Kentucky state tax liability to determine tax credit amount","Commonwealth of Kentucky Department of Revenue. Schedule ITC, 2025. Frankfort, KY: Kentucky Department of Revenue, 2025. Accessed January 23, 2026.",https://revenue.ky.gov/Forms/Schedule%20ITC%20(2025).pdf,KSe,01/23/2026
2026,KY,single_parent,family_size,credit,percent_of_state_tax,34723,36008,6,0.7,2025,"If parent and family size = FOUR or more, multiply value by Kentucky state tax liability to determine tax credit amount","Commonwealth of Kentucky Department of Revenue. Schedule ITC, 2025. Frankfort, KY: Kentucky Department of Revenue, 2025. Accessed January 23, 2026.",https://revenue.ky.gov/Forms/Schedule%20ITC%20(2025).pdf,KSe,01/23/2026
2026,KY,single_parent,family_size,credit,percent_of_state_tax,36009,37294,6,0.6,2025,"If parent and family size = FOUR or more, multiply value by Kentucky state tax liability to determine tax credit amount","Commonwealth of Kentucky Department of Revenue. Schedule ITC, 2025. Frankfort, KY: Kentucky Department of Revenue, 2025. Accessed January 23, 2026.",https://revenue.ky.gov/Forms/Schedule%20ITC%20(2025).pdf,KSe,01/23/2026
2026,KY,single_parent,family_size,credit,percent_of_state_tax,37295,38580,6,0.5,2025,"If parent and family size = FOUR or more, multiply value by Kentucky state tax liability to determine tax credit amount","Commonwealth of Kentucky Department of Revenue. Schedule ITC, 2025. Frankfort, KY: Kentucky Department of Revenue, 2025. Accessed January 23, 2026.",https://revenue.ky.gov/Forms/Schedule%20ITC%20(2025).pdf,KSe,01/23/2026
2026,KY,single_parent,family_size,credit,percent_of_state_tax,38581,39866,6,0.4,2025,"If parent and family size = FOUR or more, multiply value by Kentucky state tax liability to determine tax credit amount","Commonwealth of Kentucky Department of Revenue. Schedule ITC, 2025. Frankfort, KY: Kentucky Department of Revenue, 2025. Accessed January 23, 2026.",https://revenue.ky.gov/Forms/Schedule%20ITC%20(2025).pdf,KSe,01/23/2026
2026,KY,single_parent,family_size,credit,percent_of_state_tax,39867,40831,6,0.3,2025,"If parent and family size = FOUR or more, multiply value by Kentucky state tax liability to determine tax credit amount","Commonwealth of Kentucky Department of Revenue. Schedule ITC, 2025. Frankfort, KY: Kentucky Department of Revenue, 2025. Accessed January 23, 2026.",https://revenue.ky.gov/Forms/Schedule%20ITC%20(2025).pdf,KSe,01/23/2026
2026,KY,single_parent,family_size,credit,percent_of_state_tax,40832,41795,6,0.2,2025,"If parent and family size = FOUR or more, multiply value by Kentucky state tax liability to determine tax credit amount","Commonwealth of Kentucky Department of Revenue. Schedule ITC, 2025. Frankfort, KY: Kentucky Department of Revenue, 2025. Accessed January 23, 2026.",https://revenue.ky.gov/Forms/Schedule%20ITC%20(2025).pdf,KSe,01/23/2026
2026,KY,single_parent,family_size,credit,percent_of_state_tax,41796,42760,6,0.1,2025,"If parent and family size = FOUR or more, multiply value by Kentucky state tax liability to determine tax credit amount","Commonwealth of Kentucky Department of Revenue. Schedule ITC, 2025. Frankfort, KY: Kentucky Department of Revenue, 2025. Accessed January 23, 2026.",https://revenue.ky.gov/Forms/Schedule%20ITC%20(2025).pdf,KSe,01/23/2026
2026,KY,single_parent,family_size,credit,percent_of_state_tax,42761,Inf,6,0,2025,"If parent and family size = FOUR or more, multiply value by Kentucky state tax liability to determine tax credit amount","Commonwealth of Kentucky Department of Revenue. Schedule ITC, 2025. Frankfort, KY: Kentucky Department of Revenue, 2025. Accessed January 23, 2026.",https://revenue.ky.gov/Forms/Schedule%20ITC%20(2025).pdf,KSe,01/23/2026
2026,KY,single_parent,family_size,credit,percent_of_state_tax,0,32150,7,1,2025,"If parent and family size = FOUR or more, multiply value by Kentucky state tax liability to determine tax credit amount","Commonwealth of Kentucky Department of Revenue. Schedule ITC, 2025. Frankfort, KY: Kentucky Department of Revenue, 2025. Accessed January 23, 2026.",https://revenue.ky.gov/Forms/Schedule%20ITC%20(2025).pdf,KSe,01/23/2026
2026,KY,single_parent,family_size,credit,percent_of_state_tax,32151,33436,7,0.9,2025,"If parent and family size = FOUR or more, multiply value by Kentucky state tax liability to determine tax credit amount","Commonwealth of Kentucky Department of Revenue. Schedule ITC, 2025. Frankfort, KY: Kentucky Department of Revenue, 2025. Accessed January 23, 2026.",https://revenue.ky.gov/Forms/Schedule%20ITC%20(2025).pdf,KSe,01/23/2026
2026,KY,single_parent,family_size,credit,percent_of_state_tax,33437,34722,7,0.8,2025,"If parent and family size = FOUR or more, multiply value by Kentucky state tax liability to determine tax credit amount","Commonwealth of Kentucky Department of Revenue. Schedule ITC, 2025. Frankfort, KY: Kentucky Department of Revenue, 2025. Accessed January 23, 2026.",https://revenue.ky.gov/Forms/Schedule%20ITC%20(2025).pdf,KSe,01/23/2026
2026,KY,single_parent,family_size,credit,percent_of_state_tax,34723,36008,7,0.7,2025,"If parent and family size = FOUR or more, multiply value by Kentucky state tax liability to determine tax credit amount","Commonwealth of Kentucky Department of Revenue. Schedule ITC, 2025. Frankfort, KY: Kentucky Department of Revenue, 2025. Accessed January 23, 2026.",https://revenue.ky.gov/Forms/Schedule%20ITC%20(2025).pdf,KSe,01/23/2026
2026,KY,single_parent,family_size,credit,percent_of_state_tax,36009,37294,7,0.6,2025,"If parent and family size = FOUR or more, multiply value by Kentucky state tax liability to determine tax credit amount","Commonwealth of Kentucky Department of Revenue. Schedule ITC, 2025. Frankfort, KY: Kentucky Department of Revenue, 2025. Accessed January 23, 2026.",https://revenue.ky.gov/Forms/Schedule%20ITC%20(2025).pdf,KSe,01/23/2026
2026,KY,single_parent,family_size,credit,percent_of_state_tax,37295,38580,7,0.5,2025,"If parent and family size = FOUR or more, multiply value by Kentucky state tax liability to determine tax credit amount","Commonwealth of Kentucky Department of Revenue. Schedule ITC, 2025. Frankfort, KY: Kentucky Department of Revenue, 2025. Accessed January 23, 2026.",https://revenue.ky.gov/Forms/Schedule%20ITC%20(2025).pdf,KSe,01/23/2026
2026,KY,single_parent,family_size,credit,percent_of_state_tax,38581,39866,7,0.4,2025,"If parent and family size = FOUR or more, multiply value by Kentucky state tax liability to determine tax credit amount","Commonwealth of Kentucky Department of Revenue. Schedule ITC, 2025. Frankfort, KY: Kentucky Department of Revenue, 2025. Accessed January 23, 2026.",https://revenue.ky.gov/Forms/Schedule%20ITC%20(2025).pdf,KSe,01/23/2026
2026,KY,single_parent,family_size,credit,percent_of_state_tax,39867,40831,7,0.3,2025,"If parent and family size = FOUR or more, multiply value by Kentucky state tax liability to determine tax credit amount","Commonwealth of Kentucky Department of Revenue. Schedule ITC, 2025. Frankfort, KY: Kentucky Department of Revenue, 2025. Accessed January 23, 2026.",https://revenue.ky.gov/Forms/Schedule%20ITC%20(2025).pdf,KSe,01/23/2026
2026,KY,single_parent,family_size,credit,percent_of_state_tax,40832,41795,7,0.2,2025,"If parent and family size = FOUR or more, multiply value by Kentucky state tax liability to determine tax credit amount","Commonwealth of Kentucky Department of Revenue. Schedule ITC, 2025. Frankfort, KY: Kentucky Department of Revenue, 2025. Accessed January 23, 2026.",https://revenue.ky.gov/Forms/Schedule%20ITC%20(2025).pdf,KSe,01/23/2026
2026,KY,single_parent,family_size,credit,percent_of_state_tax,41796,42760,7,0.1,2025,"If parent and family size = FOUR or more, multiply value by Kentucky state tax liability to determine tax credit amount","Commonwealth of Kentucky Department of Revenue. Schedule ITC, 2025. Frankfort, KY: Kentucky Department of Revenue, 2025. Accessed January 23, 2026.",https://revenue.ky.gov/Forms/Schedule%20ITC%20(2025).pdf,KSe,01/23/2026
2026,KY,single_parent,family_size,credit,percent_of_state_tax,42761,Inf,7,0,2025,"If parent and family size = FOUR or more, multiply value by Kentucky state tax liability to determine tax credit amount","Commonwealth of Kentucky Department of Revenue. Schedule ITC, 2025. Frankfort, KY: Kentucky Department of Revenue, 2025. Accessed January 23, 2026.",https://revenue.ky.gov/Forms/Schedule%20ITC%20(2025).pdf,KSe,01/23/2026
2026,KY,single_parent,family_size,credit,percent_of_state_tax,0,32150,8,1,2025,"If parent and family size = FOUR or more, multiply value by Kentucky state tax liability to determine tax credit amount","Commonwealth of Kentucky Department of Revenue. Schedule ITC, 2025. Frankfort, KY: Kentucky Department of Revenue, 2025. Accessed January 23, 2026.",https://revenue.ky.gov/Forms/Schedule%20ITC%20(2025).pdf,KSe,01/23/2026
2026,KY,single_parent,family_size,credit,percent_of_state_tax,32151,33436,8,0.9,2025,"If parent and family size = FOUR or more, multiply value by Kentucky state tax liability to determine tax credit amount","Commonwealth of Kentucky Department of Revenue. Schedule ITC, 2025. Frankfort, KY: Kentucky Department of Revenue, 2025. Accessed January 23, 2026.",https://revenue.ky.gov/Forms/Schedule%20ITC%20(2025).pdf,KSe,01/23/2026
2026,KY,single_parent,family_size,credit,percent_of_state_tax,33437,34722,8,0.8,2025,"If parent and family size = FOUR or more, multiply value by Kentucky state tax liability to determine tax credit amount","Commonwealth of Kentucky Department of Revenue. Schedule ITC, 2025. Frankfort, KY: Kentucky Department of Revenue, 2025. Accessed January 23, 2026.",https://revenue.ky.gov/Forms/Schedule%20ITC%20(2025).pdf,KSe,01/23/2026
2026,KY,single_parent,family_size,credit,percent_of_state_tax,34723,36008,8,0.7,2025,"If parent and family size = FOUR or more, multiply value by Kentucky state tax liability to determine tax credit amount","Commonwealth of Kentucky Department of Revenue. Schedule ITC, 2025. Frankfort, KY: Kentucky Department of Revenue, 2025. Accessed January 23, 2026.",https://revenue.ky.gov/Forms/Schedule%20ITC%20(2025).pdf,KSe,01/23/2026
2026,KY,single_parent,family_size,credit,percent_of_state_tax,36009,37294,8,0.6,2025,"If parent and family size = FOUR or more, multiply value by Kentucky state tax liability to determine tax credit amount","Commonwealth of Kentucky Department of Revenue. Schedule ITC, 2025. Frankfort, KY: Kentucky Department of Revenue, 2025. Accessed January 23, 2026.",https://revenue.ky.gov/Forms/Schedule%20ITC%20(2025).pdf,KSe,01/23/2026
2026,KY,single_parent,family_size,credit,percent_of_state_tax,37295,38580,8,0.5,2025,"If parent and family size = FOUR or more, multiply value by Kentucky state tax liability to determine tax credit amount","Commonwealth of Kentucky Department of Revenue. Schedule ITC, 2025. Frankfort, KY: Kentucky Department of Revenue, 2025. Accessed January 23, 2026.",https://revenue.ky.gov/Forms/Schedule%20ITC%20(2025).pdf,KSe,01/23/2026
2026,KY,single_parent,family_size,credit,percent_of_state_tax,38581,39866,8,0.4,2025,"If parent and family size = FOUR or more, multiply value by Kentucky state tax liability to determine tax credit amount","Commonwealth of Kentucky Department of Revenue. Schedule ITC, 2025. Frankfort, KY: Kentucky Department of Revenue, 2025. Accessed January 23, 2026.",https://revenue.ky.gov/Forms/Schedule%20ITC%20(2025).pdf,KSe,01/23/2026
2026,KY,single_parent,family_size,credit,percent_of_state_tax,39867,40831,8,0.3,2025,"If parent and family size = FOUR or more, multiply value by Kentucky state tax liability to determine tax credit amount","Commonwealth of Kentucky Department of Revenue. Schedule ITC, 2025. Frankfort, KY: Kentucky Department of Revenue, 2025. Accessed January 23, 2026.",https://revenue.ky.gov/Forms/Schedule%20ITC%20(2025).pdf,KSe,01/23/2026
2026,KY,single_parent,family_size,credit,percent_of_state_tax,40832,41795,8,0.2,2025,"If parent and family size = FOUR or more, multiply value by Kentucky state tax liability to determine tax credit amount","Commonwealth of Kentucky Department of Revenue. Schedule ITC, 2025. Frankfort, KY: Kentucky Department of Revenue, 2025. Accessed January 23, 2026.",https://revenue.ky.gov/Forms/Schedule%20ITC%20(2025).pdf,KSe,01/23/2026
2026,KY,single_parent,family_size,credit,percent_of_state_tax,41796,42760,8,0.1,2025,"If parent and family size = FOUR or more, multiply value by Kentucky state tax liability to determine tax credit amount","Commonwealth of Kentucky Department of Revenue. Schedule ITC, 2025. Frankfort, KY: Kentucky Department of Revenue, 2025. Accessed January 23, 2026.",https://revenue.ky.gov/Forms/Schedule%20ITC%20(2025).pdf,KSe,01/23/2026
2026,KY,single_parent,family_size,credit,percent_of_state_tax,42761,Inf,8,0,2025,"If parent and family size = FOUR or more, multiply value by Kentucky state tax liability to determine tax credit amount","Commonwealth of Kentucky Department of Revenue. Schedule ITC, 2025. Frankfort, KY: Kentucky Department of Revenue, 2025. Accessed January 23, 2026.",https://revenue.ky.gov/Forms/Schedule%20ITC%20(2025).pdf,KSe,01/23/2026
2026,KY,single_parent,family_size,credit,percent_of_state_tax,0,32150,9,1,2025,"If parent and family size = FOUR or more, multiply value by Kentucky state tax liability to determine tax credit amount","Commonwealth of Kentucky Department of Revenue. Schedule ITC, 2025. Frankfort, KY: Kentucky Department of Revenue, 2025. Accessed January 23, 2026.",https://revenue.ky.gov/Forms/Schedule%20ITC%20(2025).pdf,KSe,01/23/2026
2026,KY,single_parent,family_size,credit,percent_of_state_tax,32151,33436,9,0.9,2025,"If parent and family size = FOUR or more, multiply value by Kentucky state tax liability to determine tax credit amount","Commonwealth of Kentucky Department of Revenue. Schedule ITC, 2025. Frankfort, KY: Kentucky Department of Revenue, 2025. Accessed January 23, 2026.",https://revenue.ky.gov/Forms/Schedule%20ITC%20(2025).pdf,KSe,01/23/2026
2026,KY,single_parent,family_size,credit,percent_of_state_tax,33437,34722,9,0.8,2025,"If parent and family size = FOUR or more, multiply value by Kentucky state tax liability to determine tax credit amount","Commonwealth of Kentucky Department of Revenue. Schedule ITC, 2025. Frankfort, KY: Kentucky Department of Revenue, 2025. Accessed January 23, 2026.",https://revenue.ky.gov/Forms/Schedule%20ITC%20(2025).pdf,KSe,01/23/2026
2026,KY,single_parent,family_size,credit,percent_of_state_tax,34723,36008,9,0.7,2025,"If parent and family size = FOUR or more, multiply value by Kentucky state tax liability to determine tax credit amount","Commonwealth of Kentucky Department of Revenue. Schedule ITC, 2025. Frankfort, KY: Kentucky Department of Revenue, 2025. Accessed January 23, 2026.",https://revenue.ky.gov/Forms/Schedule%20ITC%20(2025).pdf,KSe,01/23/2026
2026,KY,single_parent,family_size,credit,percent_of_state_tax,36009,37294,9,0.6,2025,"If parent and family size = FOUR or more, multiply value by Kentucky state tax liability to determine tax credit amount","Commonwealth of Kentucky Department of Revenue. Schedule ITC, 2025. Frankfort, KY: Kentucky Department of Revenue, 2025. Accessed January 23, 2026.",https://revenue.ky.gov/Forms/Schedule%20ITC%20(2025).pdf,KSe,01/23/2026
2026,KY,single_parent,family_size,credit,percent_of_state_tax,37295,38580,9,0.5,2025,"If parent and family size = FOUR or more, multiply value by Kentucky state tax liability to determine tax credit amount","Commonwealth of Kentucky Department of Revenue. Schedule ITC, 2025. Frankfort, KY: Kentucky Department of Revenue, 2025. Accessed January 23, 2026.",https://revenue.ky.gov/Forms/Schedule%20ITC%20(2025).pdf,KSe,01/23/2026
2026,KY,single_parent,family_size,credit,percent_of_state_tax,38581,39866,9,0.4,2025,"If parent and family size = FOUR or more, multiply value by Kentucky state tax liability to determine tax credit amount","Commonwealth of Kentucky Department of Revenue. Schedule ITC, 2025. Frankfort, KY: Kentucky Department of Revenue, 2025. Accessed January 23, 2026.",https://revenue.ky.gov/Forms/Schedule%20ITC%20(2025).pdf,KSe,01/23/2026
2026,KY,single_parent,family_size,credit,percent_of_state_tax,39867,40831,9,0.3,2025,"If parent and family size = FOUR or more, multiply value by Kentucky state tax liability to determine tax credit amount","Commonwealth of Kentucky Department of Revenue. Schedule ITC, 2025. Frankfort, KY: Kentucky Department of Revenue, 2025. Accessed January 23, 2026.",https://revenue.ky.gov/Forms/Schedule%20ITC%20(2025).pdf,KSe,01/23/2026
2026,KY,single_parent,family_size,credit,percent_of_state_tax,40832,41795,9,0.2,2025,"If parent and family size = FOUR or more, multiply value by Kentucky state tax liability to determine tax credit amount","Commonwealth of Kentucky Department of Revenue. Schedule ITC, 2025. Frankfort, KY: Kentucky Department of Revenue, 2025. Accessed January 23, 2026.",https://revenue.ky.gov/Forms/Schedule%20ITC%20(2025).pdf,KSe,01/23/2026
2026,KY,single_parent,family_size,credit,percent_of_state_tax,41796,42760,9,0.1,2025,"If parent and family size = FOUR or more, multiply value by Kentucky state tax liability to determine tax credit amount","Commonwealth of Kentucky Department of Revenue. Schedule ITC, 2025. Frankfort, KY: Kentucky Department of Revenue, 2025. Accessed January 23, 2026.",https://revenue.ky.gov/Forms/Schedule%20ITC%20(2025).pdf,KSe,01/23/2026
2026,KY,single_parent,family_size,credit,percent_of_state_tax,42761,Inf,9,0,2025,"If parent and family size = FOUR or more, multiply value by Kentucky state tax liability to determine tax credit amount","Commonwealth of Kentucky Department of Revenue. Schedule ITC, 2025. Frankfort, KY: Kentucky Department of Revenue, 2025. Accessed January 23, 2026.",https://revenue.ky.gov/Forms/Schedule%20ITC%20(2025).pdf,KSe,01/23/2026
2026,KY,single_parent,family_size,credit,percent_of_state_tax,0,32150,10,1,2025,"If parent and family size = FOUR or more, multiply value by Kentucky state tax liability to determine tax credit amount","Commonwealth of Kentucky Department of Revenue. Schedule ITC, 2025. Frankfort, KY: Kentucky Department of Revenue, 2025. Accessed January 23, 2026.",https://revenue.ky.gov/Forms/Schedule%20ITC%20(2025).pdf,KSe,01/23/2026
2026,KY,single_parent,family_size,credit,percent_of_state_tax,32151,33436,10,0.9,2025,"If parent and family size = FOUR or more, multiply value by Kentucky state tax liability to determine tax credit amount","Commonwealth of Kentucky Department of Revenue. Schedule ITC, 2025. Frankfort, KY: Kentucky Department of Revenue, 2025. Accessed January 23, 2026.",https://revenue.ky.gov/Forms/Schedule%20ITC%20(2025).pdf,KSe,01/23/2026
2026,KY,single_parent,family_size,credit,percent_of_state_tax,33437,34722,10,0.8,2025,"If parent and family size = FOUR or more, multiply value by Kentucky state tax liability to determine tax credit amount","Commonwealth of Kentucky Department of Revenue. Schedule ITC, 2025. Frankfort, KY: Kentucky Department of Revenue, 2025. Accessed January 23, 2026.",https://revenue.ky.gov/Forms/Schedule%20ITC%20(2025).pdf,KSe,01/23/2026
2026,KY,single_parent,family_size,credit,percent_of_state_tax,34723,36008,10,0.7,2025,"If parent and family size = FOUR or more, multiply value by Kentucky state tax liability to determine tax credit amount","Commonwealth of Kentucky Department of Revenue. Schedule ITC, 2025. Frankfort, KY: Kentucky Department of Revenue, 2025. Accessed January 23, 2026.",https://revenue.ky.gov/Forms/Schedule%20ITC%20(2025).pdf,KSe,01/23/2026
2026,KY,single_parent,family_size,credit,percent_of_state_tax,36009,37294,10,0.6,2025,"If parent and family size = FOUR or more, multiply value by Kentucky state tax liability to determine tax credit amount","Commonwealth of Kentucky Department of Revenue. Schedule ITC, 2025. Frankfort, KY: Kentucky Department of Revenue, 2025. Accessed January 23, 2026.",https://revenue.ky.gov/Forms/Schedule%20ITC%20(2025).pdf,KSe,01/23/2026
2026,KY,single_parent,family_size,credit,percent_of_state_tax,37295,38580,10,0.5,2025,"If parent and family size = FOUR or more, multiply value by Kentucky state tax liability to determine tax credit amount","Commonwealth of Kentucky Department of Revenue. Schedule ITC, 2025. Frankfort, KY: Kentucky Department of Revenue, 2025. Accessed January 23, 2026.",https://revenue.ky.gov/Forms/Schedule%20ITC%20(2025).pdf,KSe,01/23/2026
2026,KY,single_parent,family_size,credit,percent_of_state_tax,38581,39866,10,0.4,2025,"If parent and family size = FOUR or more, multiply value by Kentucky state tax liability to determine tax credit amount","Commonwealth of Kentucky Department of Revenue. Schedule ITC, 2025. Frankfort, KY: Kentucky Department of Revenue, 2025. Accessed January 23, 2026.",https://revenue.ky.gov/Forms/Schedule%20ITC%20(2025).pdf,KSe,01/23/2026
2026,KY,single_parent,family_size,credit,percent_of_state_tax,39867,40831,10,0.3,2025,"If parent and family size = FOUR or more, multiply value by Kentucky state tax liability to determine tax credit amount","Commonwealth of Kentucky Department of Revenue. Schedule ITC, 2025. Frankfort, KY: Kentucky Department of Revenue, 2025. Accessed January 23, 2026.",https://revenue.ky.gov/Forms/Schedule%20ITC%20(2025).pdf,KSe,01/23/2026
2026,KY,single_parent,family_size,credit,percent_of_state_tax,40832,41795,10,0.2,2025,"If parent and family size = FOUR or more, multiply value by Kentucky state tax liability to determine tax credit amount","Commonwealth of Kentucky Department of Revenue. Schedule ITC, 2025. Frankfort, KY: Kentucky Department of Revenue, 2025. Accessed January 23, 2026.",https://revenue.ky.gov/Forms/Schedule%20ITC%20(2025).pdf,KSe,01/23/2026
2026,KY,single_parent,family_size,credit,percent_of_state_tax,41796,42760,10,0.1,2025,"If parent and family size = FOUR or more, multiply value by Kentucky state tax liability to determine tax credit amount","Commonwealth of Kentucky Department of Revenue. Schedule ITC, 2025. Frankfort, KY: Kentucky Department of Revenue, 2025. Accessed January 23, 2026.",https://revenue.ky.gov/Forms/Schedule%20ITC%20(2025).pdf,KSe,01/23/2026
2026,KY,single_parent,family_size,credit,percent_of_state_tax,42761,Inf,10,0,2025,"If parent and family size = FOUR or more, multiply value by Kentucky state tax liability to determine tax credit amount","Commonwealth of Kentucky Department of Revenue. Schedule ITC, 2025. Frankfort, KY: Kentucky Department of Revenue, 2025. Accessed January 23, 2026.",https://revenue.ky.gov/Forms/Schedule%20ITC%20(2025).pdf,KSe,01/23/2026
2026,KY,married,family_size,credit,percent_of_state_tax,0,21150,0,1,2025,"If couple and family size = TWO, multiply value by Kentucky state tax liability to determine tax credit amount","Commonwealth of Kentucky Department of Revenue. Schedule ITC, 2025. Frankfort, KY: Kentucky Department of Revenue, 2025. Accessed January 23, 2026.",https://revenue.ky.gov/Forms/Schedule%20ITC%20(2025).pdf,KSe,01/23/2026
2026,KY,married,family_size,credit,percent_of_state_tax,21151,21996,0,0.9,2025,"If couple and family size = TWO, multiply value by Kentucky state tax liability to determine tax credit amount","Commonwealth of Kentucky Department of Revenue. Schedule ITC, 2025. Frankfort, KY: Kentucky Department of Revenue, 2025. Accessed January 23, 2026.",https://revenue.ky.gov/Forms/Schedule%20ITC%20(2025).pdf,KSe,01/23/2026
2026,KY,married,family_size,credit,percent_of_state_tax,21997,22842,0,0.8,2025,"If couple and family size = TWO, multiply value by Kentucky state tax liability to determine tax credit amount","Commonwealth of Kentucky Department of Revenue. Schedule ITC, 2025. Frankfort, KY: Kentucky Department of Revenue, 2025. Accessed January 23, 2026.",https://revenue.ky.gov/Forms/Schedule%20ITC%20(2025).pdf,KSe,01/23/2026
2026,KY,married,family_size,credit,percent_of_state_tax,22843,23688,0,0.7,2025,"If couple and family size = TWO, multiply value by Kentucky state tax liability to determine tax credit amount","Commonwealth of Kentucky Department of Revenue. Schedule ITC, 2025. Frankfort, KY: Kentucky Department of Revenue, 2025. Accessed January 23, 2026.",https://revenue.ky.gov/Forms/Schedule%20ITC%20(2025).pdf,KSe,01/23/2026
2026,KY,married,family_size,credit,percent_of_state_tax,23689,24534,0,0.6,2025,"If couple and family size = TWO, multiply value by Kentucky state tax liability to determine tax credit amount","Commonwealth of Kentucky Department of Revenue. Schedule ITC, 2025. Frankfort, KY: Kentucky Department of Revenue, 2025. Accessed January 23, 2026.",https://revenue.ky.gov/Forms/Schedule%20ITC%20(2025).pdf,KSe,01/23/2026
2026,KY,married,family_size,credit,percent_of_state_tax,24535,25380,0,0.5,2025,"If couple and family size = TWO, multiply value by Kentucky state tax liability to determine tax credit amount","Commonwealth of Kentucky Department of Revenue. Schedule ITC, 2025. Frankfort, KY: Kentucky Department of Revenue, 2025. Accessed January 23, 2026.",https://revenue.ky.gov/Forms/Schedule%20ITC%20(2025).pdf,KSe,01/23/2026
2026,KY,married,family_size,credit,percent_of_state_tax,25381,26226,0,0.4,2025,"If couple and family size = TWO, multiply value by Kentucky state tax liability to determine tax credit amount","Commonwealth of Kentucky Department of Revenue. Schedule ITC, 2025. Frankfort, KY: Kentucky Department of Revenue, 2025. Accessed January 23, 2026.",https://revenue.ky.gov/Forms/Schedule%20ITC%20(2025).pdf,KSe,01/23/2026
2026,KY,married,family_size,credit,percent_of_state_tax,26227,26861,0,0.3,2025,"If couple and family size = TWO, multiply value by Kentucky state tax liability to determine tax credit amount","Commonwealth of Kentucky Department of Revenue. Schedule ITC, 2025. Frankfort, KY: Kentucky Department of Revenue, 2025. Accessed January 23, 2026.",https://revenue.ky.gov/Forms/Schedule%20ITC%20(2025).pdf,KSe,01/23/2026
2026,KY,married,family_size,credit,percent_of_state_tax,26862,27495,0,0.2,2025,"If couple and family size = TWO, multiply value by Kentucky state tax liability to determine tax credit amount","Commonwealth of Kentucky Department of Revenue. Schedule ITC, 2025. Frankfort, KY: Kentucky Department of Revenue, 2025. Accessed January 23, 2026.",https://revenue.ky.gov/Forms/Schedule%20ITC%20(2025).pdf,KSe,01/23/2026
2026,KY,married,family_size,credit,percent_of_state_tax,27496,28130,0,0.1,2025,"If couple and family size = TWO, multiply value by Kentucky state tax liability to determine tax credit amount","Commonwealth of Kentucky Department of Revenue. Schedule ITC, 2025. Frankfort, KY: Kentucky Department of Revenue, 2025. Accessed January 23, 2026.",https://revenue.ky.gov/Forms/Schedule%20ITC%20(2025).pdf,KSe,01/23/2026
2026,KY,married,family_size,credit,percent_of_state_tax,28131,Inf,0,0,2025,"If couple and family size = TWO, multiply value by Kentucky state tax liability to determine tax credit amount","Commonwealth of Kentucky Department of Revenue. Schedule ITC, 2025. Frankfort, KY: Kentucky Department of Revenue, 2025. Accessed January 23, 2026.",https://revenue.ky.gov/Forms/Schedule%20ITC%20(2025).pdf,KSe,01/23/2026
2026,KY,married,family_size,credit,percent_of_state_tax,0,26650,1,1,2025,"If parent and family size = THREE, multiply value by Kentucky state tax liability to determine tax credit amount","Commonwealth of Kentucky Department of Revenue. Schedule ITC, 2025. Frankfort, KY: Kentucky Department of Revenue, 2025. Accessed January 23, 2026.",https://revenue.ky.gov/Forms/Schedule%20ITC%20(2025).pdf,KSe,01/23/2026
2026,KY,married,family_size,credit,percent_of_state_tax,26651,27716,1,0.9,2025,"If parent and family size = THREE, multiply value by Kentucky state tax liability to determine tax credit amount","Commonwealth of Kentucky Department of Revenue. Schedule ITC, 2025. Frankfort, KY: Kentucky Department of Revenue, 2025. Accessed January 23, 2026.",https://revenue.ky.gov/Forms/Schedule%20ITC%20(2025).pdf,KSe,01/23/2026
2026,KY,married,family_size,credit,percent_of_state_tax,27717,28782,1,0.8,2025,"If parent and family size = THREE, multiply value by Kentucky state tax liability to determine tax credit amount","Commonwealth of Kentucky Department of Revenue. Schedule ITC, 2025. Frankfort, KY: Kentucky Department of Revenue, 2025. Accessed January 23, 2026.",https://revenue.ky.gov/Forms/Schedule%20ITC%20(2025).pdf,KSe,01/23/2026
2026,KY,married,family_size,credit,percent_of_state_tax,28783,29848,1,0.7,2025,"If parent and family size = THREE, multiply value by Kentucky state tax liability to determine tax credit amount","Commonwealth of Kentucky Department of Revenue. Schedule ITC, 2025. Frankfort, KY: Kentucky Department of Revenue, 2025. Accessed January 23, 2026.",https://revenue.ky.gov/Forms/Schedule%20ITC%20(2025).pdf,KSe,01/23/2026
2026,KY,married,family_size,credit,percent_of_state_tax,29849,30914,1,0.6,2025,"If parent and family size = THREE, multiply value by Kentucky state tax liability to determine tax credit amount","Commonwealth of Kentucky Department of Revenue. Schedule ITC, 2025. Frankfort, KY: Kentucky Department of Revenue, 2025. Accessed January 23, 2026.",https://revenue.ky.gov/Forms/Schedule%20ITC%20(2025).pdf,KSe,01/23/2026
2026,KY,married,family_size,credit,percent_of_state_tax,30915,31980,1,0.5,2025,"If parent and family size = THREE, multiply value by Kentucky state tax liability to determine tax credit amount","Commonwealth of Kentucky Department of Revenue. Schedule ITC, 2025. Frankfort, KY: Kentucky Department of Revenue, 2025. Accessed January 23, 2026.",https://revenue.ky.gov/Forms/Schedule%20ITC%20(2025).pdf,KSe,01/23/2026
2026,KY,married,family_size,credit,percent_of_state_tax,31981,33046,1,0.4,2025,"If parent and family size = THREE, multiply value by Kentucky state tax liability to determine tax credit amount","Commonwealth of Kentucky Department of Revenue. Schedule ITC, 2025. Frankfort, KY: Kentucky Department of Revenue, 2025. Accessed January 23, 2026.",https://revenue.ky.gov/Forms/Schedule%20ITC%20(2025).pdf,KSe,01/23/2026
2026,KY,married,family_size,credit,percent_of_state_tax,33047,33846,1,0.3,2025,"If parent and family size = THREE, multiply value by Kentucky state tax liability to determine tax credit amount","Commonwealth of Kentucky Department of Revenue. Schedule ITC, 2025. Frankfort, KY: Kentucky Department of Revenue, 2025. Accessed January 23, 2026.",https://revenue.ky.gov/Forms/Schedule%20ITC%20(2025).pdf,KSe,01/23/2026
2026,KY,married,family_size,credit,percent_of_state_tax,33847,34645,1,0.2,2025,"If parent and family size = THREE, multiply value by Kentucky state tax liability to determine tax credit amount","Commonwealth of Kentucky Department of Revenue. Schedule ITC, 2025. Frankfort, KY: Kentucky Department of Revenue, 2025. Accessed January 23, 2026.",https://revenue.ky.gov/Forms/Schedule%20ITC%20(2025).pdf,KSe,01/23/2026
2026,KY,married,family_size,credit,percent_of_state_tax,34646,35445,1,0.1,2025,"If parent and family size = THREE, multiply value by Kentucky state tax liability to determine tax credit amount","Commonwealth of Kentucky Department of Revenue. Schedule ITC, 2025. Frankfort, KY: Kentucky Department of Revenue, 2025. Accessed January 23, 2026.",https://revenue.ky.gov/Forms/Schedule%20ITC%20(2025).pdf,KSe,01/23/2026
2026,KY,married,family_size,credit,percent_of_state_tax,35446,Inf,1,0,2025,"If parent and family size = THREE, multiply value by Kentucky state tax liability to determine tax credit amount","Commonwealth of Kentucky Department of Revenue. Schedule ITC, 2025. Frankfort, KY: Kentucky Department of Revenue, 2025. Accessed January 23, 2026.",https://revenue.ky.gov/Forms/Schedule%20ITC%20(2025).pdf,KSe,01/23/2026
2026,KY,married,family_size,credit,percent_of_state_tax,0,32150,2,1,2025,"If parent and family size = FOUR or more, multiply value by Kentucky state tax liability to determine tax credit amount","Commonwealth of Kentucky Department of Revenue. Schedule ITC, 2025. Frankfort, KY: Kentucky Department of Revenue, 2025. Accessed January 23, 2026.",https://revenue.ky.gov/Forms/Schedule%20ITC%20(2025).pdf,KSe,01/23/2026
2026,KY,married,family_size,credit,percent_of_state_tax,32151,33436,2,0.9,2025,"If parent and family size = FOUR or more, multiply value by Kentucky state tax liability to determine tax credit amount","Commonwealth of Kentucky Department of Revenue. Schedule ITC, 2025. Frankfort, KY: Kentucky Department of Revenue, 2025. Accessed January 23, 2026.",https://revenue.ky.gov/Forms/Schedule%20ITC%20(2025).pdf,KSe,01/23/2026
2026,KY,married,family_size,credit,percent_of_state_tax,33437,34722,2,0.8,2025,"If parent and family size = FOUR or more, multiply value by Kentucky state tax liability to determine tax credit amount","Commonwealth of Kentucky Department of Revenue. Schedule ITC, 2025. Frankfort, KY: Kentucky Department of Revenue, 2025. Accessed January 23, 2026.",https://revenue.ky.gov/Forms/Schedule%20ITC%20(2025).pdf,KSe,01/23/2026
2026,KY,married,family_size,credit,percent_of_state_tax,34723,36008,2,0.7,2025,"If parent and family size = FOUR or more, multiply value by Kentucky state tax liability to determine tax credit amount","Commonwealth of Kentucky Department of Revenue. Schedule ITC, 2025. Frankfort, KY: Kentucky Department of Revenue, 2025. Accessed January 23, 2026.",https://revenue.ky.gov/Forms/Schedule%20ITC%20(2025).pdf,KSe,01/23/2026
2026,KY,married,family_size,credit,percent_of_state_tax,36009,37294,2,0.6,2025,"If parent and family size = FOUR or more, multiply value by Kentucky state tax liability to determine tax credit amount","Commonwealth of Kentucky Department of Revenue. Schedule ITC, 2025. Frankfort, KY: Kentucky Department of Revenue, 2025. Accessed January 23, 2026.",https://revenue.ky.gov/Forms/Schedule%20ITC%20(2025).pdf,KSe,01/23/2026
2026,KY,married,family_size,credit,percent_of_state_tax,37295,38580,2,0.5,2025,"If parent and family size = FOUR or more, multiply value by Kentucky state tax liability to determine tax credit amount","Commonwealth of Kentucky Department of Revenue. Schedule ITC, 2025. Frankfort, KY: Kentucky Department of Revenue, 2025. Accessed January 23, 2026.",https://revenue.ky.gov/Forms/Schedule%20ITC%20(2025).pdf,KSe,01/23/2026
2026,KY,married,family_size,credit,percent_of_state_tax,38581,39866,2,0.4,2025,"If parent and family size = FOUR or more, multiply value by Kentucky state tax liability to determine tax credit amount","Commonwealth of Kentucky Department of Revenue. Schedule ITC, 2025. Frankfort, KY: Kentucky Department of Revenue, 2025. Accessed January 23, 2026.",https://revenue.ky.gov/Forms/Schedule%20ITC%20(2025).pdf,KSe,01/23/2026
2026,KY,married,family_size,credit,percent_of_state_tax,39867,40831,2,0.3,2025,"If parent and family size = FOUR or more, multiply value by Kentucky state tax liability to determine tax credit amount","Commonwealth of Kentucky Department of Revenue. Schedule ITC, 2025. Frankfort, KY: Kentucky Department of Revenue, 2025. Accessed January 23, 2026.",https://revenue.ky.gov/Forms/Schedule%20ITC%20(2025).pdf,KSe,01/23/2026
2026,KY,married,family_size,credit,percent_of_state_tax,40832,41795,2,0.2,2025,"If parent and family size = FOUR or more, multiply value by Kentucky state tax liability to determine tax credit amount","Commonwealth of Kentucky Department of Revenue. Schedule ITC, 2025. Frankfort, KY: Kentucky Department of Revenue, 2025. Accessed January 23, 2026.",https://revenue.ky.gov/Forms/Schedule%20ITC%20(2025).pdf,KSe,01/23/2026
2026,KY,married,family_size,credit,percent_of_state_tax,41796,42760,2,0.1,2025,"If parent and family size = FOUR or more, multiply value by Kentucky state tax liability to determine tax credit amount","Commonwealth of Kentucky Department of Revenue. Schedule ITC, 2025. Frankfort, KY: Kentucky Department of Revenue, 2025. Accessed January 23, 2026.",https://revenue.ky.gov/Forms/Schedule%20ITC%20(2025).pdf,KSe,01/23/2026
2026,KY,married,family_size,credit,percent_of_state_tax,42761,Inf,2,0,2025,"If parent and family size = FOUR or more, multiply value by Kentucky state tax liability to determine tax credit amount","Commonwealth of Kentucky Department of Revenue. Schedule ITC, 2025. Frankfort, KY: Kentucky Department of Revenue, 2025. Accessed January 23, 2026.",https://revenue.ky.gov/Forms/Schedule%20ITC%20(2025).pdf,KSe,01/23/2026
2026,KY,married,family_size,credit,percent_of_state_tax,0,32150,3,1,2025,"If parent and family size = FOUR or more, multiply value by Kentucky state tax liability to determine tax credit amount","Commonwealth of Kentucky Department of Revenue. Schedule ITC, 2025. Frankfort, KY: Kentucky Department of Revenue, 2025. Accessed January 23, 2026.",https://revenue.ky.gov/Forms/Schedule%20ITC%20(2025).pdf,KSe,01/23/2026
2026,KY,married,family_size,credit,percent_of_state_tax,32151,33436,3,0.9,2025,"If parent and family size = FOUR or more, multiply value by Kentucky state tax liability to determine tax credit amount","Commonwealth of Kentucky Department of Revenue. Schedule ITC, 2025. Frankfort, KY: Kentucky Department of Revenue, 2025. Accessed January 23, 2026.",https://revenue.ky.gov/Forms/Schedule%20ITC%20(2025).pdf,KSe,01/23/2026
2026,KY,married,family_size,credit,percent_of_state_tax,33437,34722,3,0.8,2025,"If parent and family size = FOUR or more, multiply value by Kentucky state tax liability to determine tax credit amount","Commonwealth of Kentucky Department of Revenue. Schedule ITC, 2025. Frankfort, KY: Kentucky Department of Revenue, 2025. Accessed January 23, 2026.",https://revenue.ky.gov/Forms/Schedule%20ITC%20(2025).pdf,KSe,01/23/2026
2026,KY,married,family_size,credit,percent_of_state_tax,34723,36008,3,0.7,2025,"If parent and family size = FOUR or more, multiply value by Kentucky state tax liability to determine tax credit amount","Commonwealth of Kentucky Department of Revenue. Schedule ITC, 2025. Frankfort, KY: Kentucky Department of Revenue, 2025. Accessed January 23, 2026.",https://revenue.ky.gov/Forms/Schedule%20ITC%20(2025).pdf,KSe,01/23/2026
2026,KY,married,family_size,credit,percent_of_state_tax,36009,37294,3,0.6,2025,"If parent and family size = FOUR or more, multiply value by Kentucky state tax liability to determine tax credit amount","Commonwealth of Kentucky Department of Revenue. Schedule ITC, 2025. Frankfort, KY: Kentucky Department of Revenue, 2025. Accessed January 23, 2026.",https://revenue.ky.gov/Forms/Schedule%20ITC%20(2025).pdf,KSe,01/23/2026
2026,KY,married,family_size,credit,percent_of_state_tax,37295,38580,3,0.5,2025,"If parent and family size = FOUR or more, multiply value by Kentucky state tax liability to determine tax credit amount","Commonwealth of Kentucky Department of Revenue. Schedule ITC, 2025. Frankfort, KY: Kentucky Department of Revenue, 2025. Accessed January 23, 2026.",https://revenue.ky.gov/Forms/Schedule%20ITC%20(2025).pdf,KSe,01/23/2026
2026,KY,married,family_size,credit,percent_of_state_tax,38581,39866,3,0.4,2025,"If parent and family size = FOUR or more, multiply value by Kentucky state tax liability to determine tax credit amount","Commonwealth of Kentucky Department of Revenue. Schedule ITC, 2025. Frankfort, KY: Kentucky Department of Revenue, 2025. Accessed January 23, 2026.",https://revenue.ky.gov/Forms/Schedule%20ITC%20(2025).pdf,KSe,01/23/2026
2026,KY,married,family_size,credit,percent_of_state_tax,39867,40831,3,0.3,2025,"If parent and family size = FOUR or more, multiply value by Kentucky state tax liability to determine tax credit amount","Commonwealth of Kentucky Department of Revenue. Schedule ITC, 2025. Frankfort, KY: Kentucky Department of Revenue, 2025. Accessed January 23, 2026.",https://revenue.ky.gov/Forms/Schedule%20ITC%20(2025).pdf,KSe,01/23/2026
2026,KY,married,family_size,credit,percent_of_state_tax,40832,41795,3,0.2,2025,"If parent and family size = FOUR or more, multiply value by Kentucky state tax liability to determine tax credit amount","Commonwealth of Kentucky Department of Revenue. Schedule ITC, 2025. Frankfort, KY: Kentucky Department of Revenue, 2025. Accessed January 23, 2026.",https://revenue.ky.gov/Forms/Schedule%20ITC%20(2025).pdf,KSe,01/23/2026
2026,KY,married,family_size,credit,percent_of_state_tax,41796,42760,3,0.1,2025,"If parent and family size = FOUR or more, multiply value by Kentucky state tax liability to determine tax credit amount","Commonwealth of Kentucky Department of Revenue. Schedule ITC, 2025. Frankfort, KY: Kentucky Department of Revenue, 2025. Accessed January 23, 2026.",https://revenue.ky.gov/Forms/Schedule%20ITC%20(2025).pdf,KSe,01/23/2026
2026,KY,married,family_size,credit,percent_of_state_tax,42761,Inf,3,0,2025,"If parent and family size = FOUR or more, multiply value by Kentucky state tax liability to determine tax credit amount","Commonwealth of Kentucky Department of Revenue. Schedule ITC, 2025. Frankfort, KY: Kentucky Department of Revenue, 2025. Accessed January 23, 2026.",https://revenue.ky.gov/Forms/Schedule%20ITC%20(2025).pdf,KSe,01/23/2026
2026,KY,married,family_size,credit,percent_of_state_tax,0,32150,4,1,2025,"If parent and family size = FOUR or more, multiply value by Kentucky state tax liability to determine tax credit amount","Commonwealth of Kentucky Department of Revenue. Schedule ITC, 2025. Frankfort, KY: Kentucky Department of Revenue, 2025. Accessed January 23, 2026.",https://revenue.ky.gov/Forms/Schedule%20ITC%20(2025).pdf,KSe,01/23/2026
2026,KY,married,family_size,credit,percent_of_state_tax,32151,33436,4,0.9,2025,"If parent and family size = FOUR or more, multiply value by Kentucky state tax liability to determine tax credit amount","Commonwealth of Kentucky Department of Revenue. Schedule ITC, 2025. Frankfort, KY: Kentucky Department of Revenue, 2025. Accessed January 23, 2026.",https://revenue.ky.gov/Forms/Schedule%20ITC%20(2025).pdf,KSe,01/23/2026
2026,KY,married,family_size,credit,percent_of_state_tax,33437,34722,4,0.8,2025,"If parent and family size = FOUR or more, multiply value by Kentucky state tax liability to determine tax credit amount","Commonwealth of Kentucky Department of Revenue. Schedule ITC, 2025. Frankfort, KY: Kentucky Department of Revenue, 2025. Accessed January 23, 2026.",https://revenue.ky.gov/Forms/Schedule%20ITC%20(2025).pdf,KSe,01/23/2026
2026,KY,married,family_size,credit,percent_of_state_tax,34723,36008,4,0.7,2025,"If parent and family size = FOUR or more, multiply value by Kentucky state tax liability to determine tax credit amount","Commonwealth of Kentucky Department of Revenue. Schedule ITC, 2025. Frankfort, KY: Kentucky Department of Revenue, 2025. Accessed January 23, 2026.",https://revenue.ky.gov/Forms/Schedule%20ITC%20(2025).pdf,KSe,01/23/2026
2026,KY,married,family_size,credit,percent_of_state_tax,36009,37294,4,0.6,2025,"If parent and family size = FOUR or more, multiply value by Kentucky state tax liability to determine tax credit amount","Commonwealth of Kentucky Department of Revenue. Schedule ITC, 2025. Frankfort, KY: Kentucky Department of Revenue, 2025. Accessed January 23, 2026.",https://revenue.ky.gov/Forms/Schedule%20ITC%20(2025).pdf,KSe,01/23/2026
2026,KY,married,family_size,credit,percent_of_state_tax,37295,38580,4,0.5,2025,"If parent and family size = FOUR or more, multiply value by Kentucky state tax liability to determine tax credit amount","Commonwealth of Kentucky Department of Revenue. Schedule ITC, 2025. Frankfort, KY: Kentucky Department of Revenue, 2025. Accessed January 23, 2026.",https://revenue.ky.gov/Forms/Schedule%20ITC%20(2025).pdf,KSe,01/23/2026
2026,KY,married,family_size,credit,percent_of_state_tax,38581,39866,4,0.4,2025,"If parent and family size = FOUR or more, multiply value by Kentucky state tax liability to determine tax credit amount","Commonwealth of Kentucky Department of Revenue. Schedule ITC, 2025. Frankfort, KY: Kentucky Department of Revenue, 2025. Accessed January 23, 2026.",https://revenue.ky.gov/Forms/Schedule%20ITC%20(2025).pdf,KSe,01/23/2026
2026,KY,married,family_size,credit,percent_of_state_tax,39867,40831,4,0.3,2025,"If parent and family size = FOUR or more, multiply value by Kentucky state tax liability to determine tax credit amount","Commonwealth of Kentucky Department of Revenue. Schedule ITC, 2025. Frankfort, KY: Kentucky Department of Revenue, 2025. Accessed January 23, 2026.",https://revenue.ky.gov/Forms/Schedule%20ITC%20(2025).pdf,KSe,01/23/2026
2026,KY,married,family_size,credit,percent_of_state_tax,40832,41795,4,0.2,2025,"If parent and family size = FOUR or more, multiply value by Kentucky state tax liability to determine tax credit amount","Commonwealth of Kentucky Department of Revenue. Schedule ITC, 2025. Frankfort, KY: Kentucky Department of Revenue, 2025. Accessed January 23, 2026.",https://revenue.ky.gov/Forms/Schedule%20ITC%20(2025).pdf,KSe,01/23/2026
2026,KY,married,family_size,credit,percent_of_state_tax,41796,42760,4,0.1,2025,"If parent and family size = FOUR or more, multiply value by Kentucky state tax liability to determine tax credit amount","Commonwealth of Kentucky Department of Revenue. Schedule ITC, 2025. Frankfort, KY: Kentucky Department of Revenue, 2025. Accessed January 23, 2026.",https://revenue.ky.gov/Forms/Schedule%20ITC%20(2025).pdf,KSe,01/23/2026
2026,KY,married,family_size,credit,percent_of_state_tax,42761,Inf,4,0,2025,"If parent and family size = FOUR or more, multiply value by Kentucky state tax liability to determine tax credit amount","Commonwealth of Kentucky Department of Revenue. Schedule ITC, 2025. Frankfort, KY: Kentucky Department of Revenue, 2025. Accessed January 23, 2026.",https://revenue.ky.gov/Forms/Schedule%20ITC%20(2025).pdf,KSe,01/23/2026
2026,KY,married,family_size,credit,percent_of_state_tax,0,32150,5,1,2025,"If parent and family size = FOUR or more, multiply value by Kentucky state tax liability to determine tax credit amount","Commonwealth of Kentucky Department of Revenue. Schedule ITC, 2025. Frankfort, KY: Kentucky Department of Revenue, 2025. Accessed January 23, 2026.",https://revenue.ky.gov/Forms/Schedule%20ITC%20(2025).pdf,KSe,01/23/2026
2026,KY,married,family_size,credit,percent_of_state_tax,32151,33436,5,0.9,2025,"If parent and family size = FOUR or more, multiply value by Kentucky state tax liability to determine tax credit amount","Commonwealth of Kentucky Department of Revenue. Schedule ITC, 2025. Frankfort, KY: Kentucky Department of Revenue, 2025. Accessed January 23, 2026.",https://revenue.ky.gov/Forms/Schedule%20ITC%20(2025).pdf,KSe,01/23/2026
2026,KY,married,family_size,credit,percent_of_state_tax,33437,34722,5,0.8,2025,"If parent and family size = FOUR or more, multiply value by Kentucky state tax liability to determine tax credit amount","Commonwealth of Kentucky Department of Revenue. Schedule ITC, 2025. Frankfort, KY: Kentucky Department of Revenue, 2025. Accessed January 23, 2026.",https://revenue.ky.gov/Forms/Schedule%20ITC%20(2025).pdf,KSe,01/23/2026
2026,KY,married,family_size,credit,percent_of_state_tax,34723,36008,5,0.7,2025,"If parent and family size = FOUR or more, multiply value by Kentucky state tax liability to determine tax credit amount","Commonwealth of Kentucky Department of Revenue. Schedule ITC, 2025. Frankfort, KY: Kentucky Department of Revenue, 2025. Accessed January 23, 2026.",https://revenue.ky.gov/Forms/Schedule%20ITC%20(2025).pdf,KSe,01/23/2026
2026,KY,married,family_size,credit,percent_of_state_tax,36009,37294,5,0.6,2025,"If parent and family size = FOUR or more, multiply value by Kentucky state tax liability to determine tax credit amount","Commonwealth of Kentucky Department of Revenue. Schedule ITC, 2025. Frankfort, KY: Kentucky Department of Revenue, 2025. Accessed January 23, 2026.",https://revenue.ky.gov/Forms/Schedule%20ITC%20(2025).pdf,KSe,01/23/2026
2026,KY,married,family_size,credit,percent_of_state_tax,37295,38580,5,0.5,2025,"If parent and family size = FOUR or more, multiply value by Kentucky state tax liability to determine tax credit amount","Commonwealth of Kentucky Department of Revenue. Schedule ITC, 2025. Frankfort, KY: Kentucky Department of Revenue, 2025. Accessed January 23, 2026.",https://revenue.ky.gov/Forms/Schedule%20ITC%20(2025).pdf,KSe,01/23/2026
2026,KY,married,family_size,credit,percent_of_state_tax,38581,39866,5,0.4,2025,"If parent and family size = FOUR or more, multiply value by Kentucky state tax liability to determine tax credit amount","Commonwealth of Kentucky Department of Revenue. Schedule ITC, 2025. Frankfort, KY: Kentucky Department of Revenue, 2025. Accessed January 23, 2026.",https://revenue.ky.gov/Forms/Schedule%20ITC%20(2025).pdf,KSe,01/23/2026
2026,KY,married,family_size,credit,percent_of_state_tax,39867,40831,5,0.3,2025,"If parent and family size = FOUR or more, multiply value by Kentucky state tax liability to determine tax credit amount","Commonwealth of Kentucky Department of Revenue. Schedule ITC, 2025. Frankfort, KY: Kentucky Department of Revenue, 2025. Accessed January 23, 2026.",https://revenue.ky.gov/Forms/Schedule%20ITC%20(2025).pdf,KSe,01/23/2026
2026,KY,married,family_size,credit,percent_of_state_tax,40832,41795,5,0.2,2025,"If parent and family size = FOUR or more, multiply value by Kentucky state tax liability to determine tax credit amount","Commonwealth of Kentucky Department of Revenue. Schedule ITC, 2025. Frankfort, KY: Kentucky Department of Revenue, 2025. Accessed January 23, 2026.",https://revenue.ky.gov/Forms/Schedule%20ITC%20(2025).pdf,KSe,01/23/2026
2026,KY,married,family_size,credit,percent_of_state_tax,41796,42760,5,0.1,2025,"If parent and family size = FOUR or more, multiply value by Kentucky state tax liability to determine tax credit amount","Commonwealth of Kentucky Department of Revenue. Schedule ITC, 2025. Frankfort, KY: Kentucky Department of Revenue, 2025. Accessed January 23, 2026.",https://revenue.ky.gov/Forms/Schedule%20ITC%20(2025).pdf,KSe,01/23/2026
2026,KY,married,family_size,credit,percent_of_state_tax,42761,Inf,5,0,2025,"If parent and family size = FOUR or more, multiply value by Kentucky state tax liability to determine tax credit amount","Commonwealth of Kentucky Department of Revenue. Schedule ITC, 2025. Frankfort, KY: Kentucky Department of Revenue, 2025. Accessed January 23, 2026.",https://revenue.ky.gov/Forms/Schedule%20ITC%20(2025).pdf,KSe,01/23/2026
2026,KY,married,family_size,credit,percent_of_state_tax,0,32150,6,1,2025,"If parent and family size = FOUR or more, multiply value by Kentucky state tax liability to determine tax credit amount","Commonwealth of Kentucky Department of Revenue. Schedule ITC, 2025. Frankfort, KY: Kentucky Department of Revenue, 2025. Accessed January 23, 2026.",https://revenue.ky.gov/Forms/Schedule%20ITC%20(2025).pdf,KSe,01/23/2026
2026,KY,married,family_size,credit,percent_of_state_tax,32151,33436,6,0.9,2025,"If parent and family size = FOUR or more, multiply value by Kentucky state tax liability to determine tax credit amount","Commonwealth of Kentucky Department of Revenue. Schedule ITC, 2025. Frankfort, KY: Kentucky Department of Revenue, 2025. Accessed January 23, 2026.",https://revenue.ky.gov/Forms/Schedule%20ITC%20(2025).pdf,KSe,01/23/2026
2026,KY,married,family_size,credit,percent_of_state_tax,33437,34722,6,0.8,2025,"If parent and family size = FOUR or more, multiply value by Kentucky state tax liability to determine tax credit amount","Commonwealth of Kentucky Department of Revenue. Schedule ITC, 2025. Frankfort, KY: Kentucky Department of Revenue, 2025. Accessed January 23, 2026.",https://revenue.ky.gov/Forms/Schedule%20ITC%20(2025).pdf,KSe,01/23/2026
2026,KY,married,family_size,credit,percent_of_state_tax,34723,36008,6,0.7,2025,"If parent and family size = FOUR or more, multiply value by Kentucky state tax liability to determine tax credit amount","Commonwealth of Kentucky Department of Revenue. Schedule ITC, 2025. Frankfort, KY: Kentucky Department of Revenue, 2025. Accessed January 23, 2026.",https://revenue.ky.gov/Forms/Schedule%20ITC%20(2025).pdf,KSe,01/23/2026
2026,KY,married,family_size,credit,percent_of_state_tax,36009,37294,6,0.6,2025,"If parent and family size = FOUR or more, multiply value by Kentucky state tax liability to determine tax credit amount","Commonwealth of Kentucky Department of Revenue. Schedule ITC, 2025. Frankfort, KY: Kentucky Department of Revenue, 2025. Accessed January 23, 2026.",https://revenue.ky.gov/Forms/Schedule%20ITC%20(2025).pdf,KSe,01/23/2026
2026,KY,married,family_size,credit,percent_of_state_tax,37295,38580,6,0.5,2025,"If parent and family size = FOUR or more, multiply value by Kentucky state tax liability to determine tax credit amount","Commonwealth of Kentucky Department of Revenue. Schedule ITC, 2025. Frankfort, KY: Kentucky Department of Revenue, 2025. Accessed January 23, 2026.",https://revenue.ky.gov/Forms/Schedule%20ITC%20(2025).pdf,KSe,01/23/2026
2026,KY,married,family_size,credit,percent_of_state_tax,38581,39866,6,0.4,2025,"If parent and family size = FOUR or more, multiply value by Kentucky state tax liability to determine tax credit amount","Commonwealth of Kentucky Department of Revenue. Schedule ITC, 2025. Frankfort, KY: Kentucky Department of Revenue, 2025. Accessed January 23, 2026.",https://revenue.ky.gov/Forms/Schedule%20ITC%20(2025).pdf,KSe,01/23/2026
2026,KY,married,family_size,credit,percent_of_state_tax,39867,40831,6,0.3,2025,"If parent and family size = FOUR or more, multiply value by Kentucky state tax liability to determine tax credit amount","Commonwealth of Kentucky Department of Revenue. Schedule ITC, 2025. Frankfort, KY: Kentucky Department of Revenue, 2025. Accessed January 23, 2026.",https://revenue.ky.gov/Forms/Schedule%20ITC%20(2025).pdf,KSe,01/23/2026
2026,KY,married,family_size,credit,percent_of_state_tax,40832,41795,6,0.2,2025,"If parent and family size = FOUR or more, multiply value by Kentucky state tax liability to determine tax credit amount","Commonwealth of Kentucky Department of Revenue. Schedule ITC, 2025. Frankfort, KY: Kentucky Department of Revenue, 2025. Accessed January 23, 2026.",https://revenue.ky.gov/Forms/Schedule%20ITC%20(2025).pdf,KSe,01/23/2026
2026,KY,married,family_size,credit,percent_of_state_tax,41796,42760,6,0.1,2025,"If parent and family size = FOUR or more, multiply value by Kentucky state tax liability to determine tax credit amount","Commonwealth of Kentucky Department of Revenue. Schedule ITC, 2025. Frankfort, KY: Kentucky Department of Revenue, 2025. Accessed January 23, 2026.",https://revenue.ky.gov/Forms/Schedule%20ITC%20(2025).pdf,KSe,01/23/2026
2026,KY,married,family_size,credit,percent_of_state_tax,42761,Inf,6,0,2025,"If parent and family size = FOUR or more, multiply value by Kentucky state tax liability to determine tax credit amount","Commonwealth of Kentucky Department of Revenue. Schedule ITC, 2025. Frankfort, KY: Kentucky Department of Revenue, 2025. Accessed January 23, 2026.",https://revenue.ky.gov/Forms/Schedule%20ITC%20(2025).pdf,KSe,01/23/2026
2026,KY,married,family_size,credit,percent_of_state_tax,0,32150,7,1,2025,"If parent and family size = FOUR or more, multiply value by Kentucky state tax liability to determine tax credit amount","Commonwealth of Kentucky Department of Revenue. Schedule ITC, 2025. Frankfort, KY: Kentucky Department of Revenue, 2025. Accessed January 23, 2026.",https://revenue.ky.gov/Forms/Schedule%20ITC%20(2025).pdf,KSe,01/23/2026
2026,KY,married,family_size,credit,percent_of_state_tax,32151,33436,7,0.9,2025,"If parent and family size = FOUR or more, multiply value by Kentucky state tax liability to determine tax credit amount","Commonwealth of Kentucky Department of Revenue. Schedule ITC, 2025. Frankfort, KY: Kentucky Department of Revenue, 2025. Accessed January 23, 2026.",https://revenue.ky.gov/Forms/Schedule%20ITC%20(2025).pdf,KSe,01/23/2026
2026,KY,married,family_size,credit,percent_of_state_tax,33437,34722,7,0.8,2025,"If parent and family size = FOUR or more, multiply value by Kentucky state tax liability to determine tax credit amount","Commonwealth of Kentucky Department of Revenue. Schedule ITC, 2025. Frankfort, KY: Kentucky Department of Revenue, 2025. Accessed January 23, 2026.",https://revenue.ky.gov/Forms/Schedule%20ITC%20(2025).pdf,KSe,01/23/2026
2026,KY,married,family_size,credit,percent_of_state_tax,34723,36008,7,0.7,2025,"If parent and family size = FOUR or more, multiply value by Kentucky state tax liability to determine tax credit amount","Commonwealth of Kentucky Department of Revenue. Schedule ITC, 2025. Frankfort, KY: Kentucky Department of Revenue, 2025. Accessed January 23, 2026.",https://revenue.ky.gov/Forms/Schedule%20ITC%20(2025).pdf,KSe,01/23/2026
2026,KY,married,family_size,credit,percent_of_state_tax,36009,37294,7,0.6,2025,"If parent and family size = FOUR or more, multiply value by Kentucky state tax liability to determine tax credit amount","Commonwealth of Kentucky Department of Revenue. Schedule ITC, 2025. Frankfort, KY: Kentucky Department of Revenue, 2025. Accessed January 23, 2026.",https://revenue.ky.gov/Forms/Schedule%20ITC%20(2025).pdf,KSe,01/23/2026
2026,KY,married,family_size,credit,percent_of_state_tax,37295,38580,7,0.5,2025,"If parent and family size = FOUR or more, multiply value by Kentucky state tax liability to determine tax credit amount","Commonwealth of Kentucky Department of Revenue. Schedule ITC, 2025. Frankfort, KY: Kentucky Department of Revenue, 2025. Accessed January 23, 2026.",https://revenue.ky.gov/Forms/Schedule%20ITC%20(2025).pdf,KSe,01/23/2026
2026,KY,married,family_size,credit,percent_of_state_tax,38581,39866,7,0.4,2025,"If parent and family size = FOUR or more, multiply value by Kentucky state tax liability to determine tax credit amount","Commonwealth of Kentucky Department of Revenue. Schedule ITC, 2025. Frankfort, KY: Kentucky Department of Revenue, 2025. Accessed January 23, 2026.",https://revenue.ky.gov/Forms/Schedule%20ITC%20(2025).pdf,KSe,01/23/2026
2026,KY,married,family_size,credit,percent_of_state_tax,39867,40831,7,0.3,2025,"If parent and family size = FOUR or more, multiply value by Kentucky state tax liability to determine tax credit amount","Commonwealth of Kentucky Department of Revenue. Schedule ITC, 2025. Frankfort, KY: Kentucky Department of Revenue, 2025. Accessed January 23, 2026.",https://revenue.ky.gov/Forms/Schedule%20ITC%20(2025).pdf,KSe,01/23/2026
2026,KY,married,family_size,credit,percent_of_state_tax,40832,41795,7,0.2,2025,"If parent and family size = FOUR or more, multiply value by Kentucky state tax liability to determine tax credit amount","Commonwealth of Kentucky Department of Revenue. Schedule ITC, 2025. Frankfort, KY: Kentucky Department of Revenue, 2025. Accessed January 23, 2026.",https://revenue.ky.gov/Forms/Schedule%20ITC%20(2025).pdf,KSe,01/23/2026
2026,KY,married,family_size,credit,percent_of_state_tax,41796,42760,7,0.1,2025,"If parent and family size = FOUR or more, multiply value by Kentucky state tax liability to determine tax credit amount","Commonwealth of Kentucky Department of Revenue. Schedule ITC, 2025. Frankfort, KY: Kentucky Department of Revenue, 2025. Accessed January 23, 2026.",https://revenue.ky.gov/Forms/Schedule%20ITC%20(2025).pdf,KSe,01/23/2026
2026,KY,married,family_size,credit,percent_of_state_tax,42761,Inf,7,0,2025,"If parent and family size = FOUR or more, multiply value by Kentucky state tax liability to determine tax credit amount","Commonwealth of Kentucky Department of Revenue. Schedule ITC, 2025. Frankfort, KY: Kentucky Department of Revenue, 2025. Accessed January 23, 2026.",https://revenue.ky.gov/Forms/Schedule%20ITC%20(2025).pdf,KSe,01/23/2026
2026,KY,married,family_size,credit,percent_of_state_tax,0,32150,8,1,2025,"If parent and family size = FOUR or more, multiply value by Kentucky state tax liability to determine tax credit amount","Commonwealth of Kentucky Department of Revenue. Schedule ITC, 2025. Frankfort, KY: Kentucky Department of Revenue, 2025. Accessed January 23, 2026.",https://revenue.ky.gov/Forms/Schedule%20ITC%20(2025).pdf,KSe,01/23/2026
2026,KY,married,family_size,credit,percent_of_state_tax,32151,33436,8,0.9,2025,"If parent and family size = FOUR or more, multiply value by Kentucky state tax liability to determine tax credit amount","Commonwealth of Kentucky Department of Revenue. Schedule ITC, 2025. Frankfort, KY: Kentucky Department of Revenue, 2025. Accessed January 23, 2026.",https://revenue.ky.gov/Forms/Schedule%20ITC%20(2025).pdf,KSe,01/23/2026
2026,KY,married,family_size,credit,percent_of_state_tax,33437,34722,8,0.8,2025,"If parent and family size = FOUR or more, multiply value by Kentucky state tax liability to determine tax credit amount","Commonwealth of Kentucky Department of Revenue. Schedule ITC, 2025. Frankfort, KY: Kentucky Department of Revenue, 2025. Accessed January 23, 2026.",https://revenue.ky.gov/Forms/Schedule%20ITC%20(2025).pdf,KSe,01/23/2026
2026,KY,married,family_size,credit,percent_of_state_tax,34723,36008,8,0.7,2025,"If parent and family size = FOUR or more, multiply value by Kentucky state tax liability to determine tax credit amount","Commonwealth of Kentucky Department of Revenue. Schedule ITC, 2025. Frankfort, KY: Kentucky Department of Revenue, 2025. Accessed January 23, 2026.",https://revenue.ky.gov/Forms/Schedule%20ITC%20(2025).pdf,KSe,01/23/2026
2026,KY,married,family_size,credit,percent_of_state_tax,36009,37294,8,0.6,2025,"If parent and family size = FOUR or more, multiply value by Kentucky state tax liability to determine tax credit amount","Commonwealth of Kentucky Department of Revenue. Schedule ITC, 2025. Frankfort, KY: Kentucky Department of Revenue, 2025. Accessed January 23, 2026.",https://revenue.ky.gov/Forms/Schedule%20ITC%20(2025).pdf,KSe,01/23/2026
2026,KY,married,family_size,credit,percent_of_state_tax,37295,38580,8,0.5,2025,"If parent and family size = FOUR or more, multiply value by Kentucky state tax liability to determine tax credit amount","Commonwealth of Kentucky Department of Revenue. Schedule ITC, 2025. Frankfort, KY: Kentucky Department of Revenue, 2025. Accessed January 23, 2026.",https://revenue.ky.gov/Forms/Schedule%20ITC%20(2025).pdf,KSe,01/23/2026
2026,KY,married,family_size,credit,percent_of_state_tax,38581,39866,8,0.4,2025,"If parent and family size = FOUR or more, multiply value by Kentucky state tax liability to determine tax credit amount","Commonwealth of Kentucky Department of Revenue. Schedule ITC, 2025. Frankfort, KY: Kentucky Department of Revenue, 2025. Accessed January 23, 2026.",https://revenue.ky.gov/Forms/Schedule%20ITC%20(2025).pdf,KSe,01/23/2026
2026,KY,married,family_size,credit,percent_of_state_tax,39867,40831,8,0.3,2025,"If parent and family size = FOUR or more, multiply value by Kentucky state tax liability to determine tax credit amount","Commonwealth of Kentucky Department of Revenue. Schedule ITC, 2025. Frankfort, KY: Kentucky Department of Revenue, 2025. Accessed January 23, 2026.",https://revenue.ky.gov/Forms/Schedule%20ITC%20(2025).pdf,KSe,01/23/2026
2026,KY,married,family_size,credit,percent_of_state_tax,40832,41795,8,0.2,2025,"If parent and family size = FOUR or more, multiply value by Kentucky state tax liability to determine tax credit amount","Commonwealth of Kentucky Department of Revenue. Schedule ITC, 2025. Frankfort, KY: Kentucky Department of Revenue, 2025. Accessed January 23, 2026.",https://revenue.ky.gov/Forms/Schedule%20ITC%20(2025).pdf,KSe,01/23/2026
2026,KY,married,family_size,credit,percent_of_state_tax,41796,42760,8,0.1,2025,"If parent and family size = FOUR or more, multiply value by Kentucky state tax liability to determine tax credit amount","Commonwealth of Kentucky Department of Revenue. Schedule ITC, 2025. Frankfort, KY: Kentucky Department of Revenue, 2025. Accessed January 23, 2026.",https://revenue.ky.gov/Forms/Schedule%20ITC%20(2025).pdf,KSe,01/23/2026
2026,KY,married,family_size,credit,percent_of_state_tax,42761,Inf,8,0,2025,"If parent and family size = FOUR or more, multiply value by Kentucky state tax liability to determine tax credit amount","Commonwealth of Kentucky Department of Revenue. Schedule ITC, 2025. Frankfort, KY: Kentucky Department of Revenue, 2025. Accessed January 23, 2026.",https://revenue.ky.gov/Forms/Schedule%20ITC%20(2025).pdf,KSe,01/23/2026
2026,KY,married,family_size,credit,percent_of_state_tax,0,32150,9,1,2025,"If parent and family size = FOUR or more, multiply value by Kentucky state tax liability to determine tax credit amount","Commonwealth of Kentucky Department of Revenue. Schedule ITC, 2025. Frankfort, KY: Kentucky Department of Revenue, 2025. Accessed January 23, 2026.",https://revenue.ky.gov/Forms/Schedule%20ITC%20(2025).pdf,KSe,01/23/2026
2026,KY,married,family_size,credit,percent_of_state_tax,32151,33436,9,0.9,2025,"If parent and family size = FOUR or more, multiply value by Kentucky state tax liability to determine tax credit amount","Commonwealth of Kentucky Department of Revenue. Schedule ITC, 2025. Frankfort, KY: Kentucky Department of Revenue, 2025. Accessed January 23, 2026.",https://revenue.ky.gov/Forms/Schedule%20ITC%20(2025).pdf,KSe,01/23/2026
2026,KY,married,family_size,credit,percent_of_state_tax,33437,34722,9,0.8,2025,"If parent and family size = FOUR or more, multiply value by Kentucky state tax liability to determine tax credit amount","Commonwealth of Kentucky Department of Revenue. Schedule ITC, 2025. Frankfort, KY: Kentucky Department of Revenue, 2025. Accessed January 23, 2026.",https://revenue.ky.gov/Forms/Schedule%20ITC%20(2025).pdf,KSe,01/23/2026
2026,KY,married,family_size,credit,percent_of_state_tax,34723,36008,9,0.7,2025,"If parent and family size = FOUR or more, multiply value by Kentucky state tax liability to determine tax credit amount","Commonwealth of Kentucky Department of Revenue. Schedule ITC, 2025. Frankfort, KY: Kentucky Department of Revenue, 2025. Accessed January 23, 2026.",https://revenue.ky.gov/Forms/Schedule%20ITC%20(2025).pdf,KSe,01/23/2026
2026,KY,married,family_size,credit,percent_of_state_tax,36009,37294,9,0.6,2025,"If parent and family size = FOUR or more, multiply value by Kentucky state tax liability to determine tax credit amount","Commonwealth of Kentucky Department of Revenue. Schedule ITC, 2025. Frankfort, KY: Kentucky Department of Revenue, 2025. Accessed January 23, 2026.",https://revenue.ky.gov/Forms/Schedule%20ITC%20(2025).pdf,KSe,01/23/2026
2026,KY,married,family_size,credit,percent_of_state_tax,37295,38580,9,0.5,2025,"If parent and family size = FOUR or more, multiply value by Kentucky state tax liability to determine tax credit amount","Commonwealth of Kentucky Department of Revenue. Schedule ITC, 2025. Frankfort, KY: Kentucky Department of Revenue, 2025. Accessed January 23, 2026.",https://revenue.ky.gov/Forms/Schedule%20ITC%20(2025).pdf,KSe,01/23/2026
2026,KY,married,family_size,credit,percent_of_state_tax,38581,39866,9,0.4,2025,"If parent and family size = FOUR or more, multiply value by Kentucky state tax liability to determine tax credit amount","Commonwealth of Kentucky Department of Revenue. Schedule ITC, 2025. Frankfort, KY: Kentucky Department of Revenue, 2025. Accessed January 23, 2026.",https://revenue.ky.gov/Forms/Schedule%20ITC%20(2025).pdf,KSe,01/23/2026
2026,KY,married,family_size,credit,percent_of_state_tax,39867,40831,9,0.3,2025,"If parent and family size = FOUR or more, multiply value by Kentucky state tax liability to determine tax credit amount","Commonwealth of Kentucky Department of Revenue. Schedule ITC, 2025. Frankfort, KY: Kentucky Department of Revenue, 2025. Accessed January 23, 2026.",https://revenue.ky.gov/Forms/Schedule%20ITC%20(2025).pdf,KSe,01/23/2026
2026,KY,married,family_size,credit,percent_of_state_tax,40832,41795,9,0.2,2025,"If parent and family size = FOUR or more, multiply value by Kentucky state tax liability to determine tax credit amount","Commonwealth of Kentucky Department of Revenue. Schedule ITC, 2025. Frankfort, KY: Kentucky Department of Revenue, 2025. Accessed January 23, 2026.",https://revenue.ky.gov/Forms/Schedule%20ITC%20(2025).pdf,KSe,01/23/2026
2026,KY,married,family_size,credit,percent_of_state_tax,41796,42760,9,0.1,2025,"If parent and family size = FOUR or more, multiply value by Kentucky state tax liability to determine tax credit amount","Commonwealth of Kentucky Department of Revenue. Schedule ITC, 2025. Frankfort, KY: Kentucky Department of Revenue, 2025. Accessed January 23, 2026.",https://revenue.ky.gov/Forms/Schedule%20ITC%20(2025).pdf,KSe,01/23/2026
2026,KY,married,family_size,credit,percent_of_state_tax,42761,Inf,9,0,2025,"If parent and family size = FOUR or more, multiply value by Kentucky state tax liability to determine tax credit amount","Commonwealth of Kentucky Department of Revenue. Schedule ITC, 2025. Frankfort, KY: Kentucky Department of Revenue, 2025. Accessed January 23, 2026.",https://revenue.ky.gov/Forms/Schedule%20ITC%20(2025).pdf,KSe,01/23/2026
2026,KY,married,family_size,credit,percent_of_state_tax,0,32150,10,1,2025,"If parent and family size = FOUR or more, multiply value by Kentucky state tax liability to determine tax credit amount","Commonwealth of Kentucky Department of Revenue. Schedule ITC, 2025. Frankfort, KY: Kentucky Department of Revenue, 2025. Accessed January 23, 2026.",https://revenue.ky.gov/Forms/Schedule%20ITC%20(2025).pdf,KSe,01/23/2026
2026,KY,married,family_size,credit,percent_of_state_tax,32151,33436,10,0.9,2025,"If parent and family size = FOUR or more, multiply value by Kentucky state tax liability to determine tax credit amount","Commonwealth of Kentucky Department of Revenue. Schedule ITC, 2025. Frankfort, KY: Kentucky Department of Revenue, 2025. Accessed January 23, 2026.",https://revenue.ky.gov/Forms/Schedule%20ITC%20(2025).pdf,KSe,01/23/2026
2026,KY,married,family_size,credit,percent_of_state_tax,33437,34722,10,0.8,2025,"If parent and family size = FOUR or more, multiply value by Kentucky state tax liability to determine tax credit amount","Commonwealth of Kentucky Department of Revenue. Schedule ITC, 2025. Frankfort, KY: Kentucky Department of Revenue, 2025. Accessed January 23, 2026.",https://revenue.ky.gov/Forms/Schedule%20ITC%20(2025).pdf,KSe,01/23/2026
2026,KY,married,family_size,credit,percent_of_state_tax,34723,36008,10,0.7,2025,"If parent and family size = FOUR or more, multiply value by Kentucky state tax liability to determine tax credit amount","Commonwealth of Kentucky Department of Revenue. Schedule ITC, 2025. Frankfort, KY: Kentucky Department of Revenue, 2025. Accessed January 23, 2026.",https://revenue.ky.gov/Forms/Schedule%20ITC%20(2025).pdf,KSe,01/23/2026
2026,KY,married,family_size,credit,percent_of_state_tax,36009,37294,10,0.6,2025,"If parent and family size = FOUR or more, multiply value by Kentucky state tax liability to determine tax credit amount","Commonwealth of Kentucky Department of Revenue. Schedule ITC, 2025. Frankfort, KY: Kentucky Department of Revenue, 2025. Accessed January 23, 2026.",https://revenue.ky.gov/Forms/Schedule%20ITC%20(2025).pdf,KSe,01/23/2026
2026,KY,married,family_size,credit,percent_of_state_tax,37295,38580,10,0.5,2025,"If parent and family size = FOUR or more, multiply value by Kentucky state tax liability to determine tax credit amount","Commonwealth of Kentucky Department of Revenue. Schedule ITC, 2025. Frankfort, KY: Kentucky Department of Revenue, 2025. Accessed January 23, 2026.",https://revenue.ky.gov/Forms/Schedule%20ITC%20(2025).pdf,KSe,01/23/2026
2026,KY,married,family_size,credit,percent_of_state_tax,38581,39866,10,0.4,2025,"If parent and family size = FOUR or more, multiply value by Kentucky state tax liability to determine tax credit amount","Commonwealth of Kentucky Department of Revenue. Schedule ITC, 2025. Frankfort, KY: Kentucky Department of Revenue, 2025. Accessed January 23, 2026.",https://revenue.ky.gov/Forms/Schedule%20ITC%20(2025).pdf,KSe,01/23/2026
2026,KY,married,family_size,credit,percent_of_state_tax,39867,40831,10,0.3,2025,"If parent and family size = FOUR or more, multiply value by Kentucky state tax liability to determine tax credit amount","Commonwealth of Kentucky Department of Revenue. Schedule ITC, 2025. Frankfort, KY: Kentucky Department of Revenue, 2025. Accessed January 23, 2026.",https://revenue.ky.gov/Forms/Schedule%20ITC%20(2025).pdf,KSe,01/23/2026
2026,KY,married,family_size,credit,percent_of_state_tax,40832,41795,10,0.2,2025,"If parent and family size = FOUR or more, multiply value by Kentucky state tax liability to determine tax credit amount","Commonwealth of Kentucky Department of Revenue. Schedule ITC, 2025. Frankfort, KY: Kentucky Department of Revenue, 2025. Accessed January 23, 2026.",https://revenue.ky.gov/Forms/Schedule%20ITC%20(2025).pdf,KSe,01/23/2026
2026,KY,married,family_size,credit,percent_of_state_tax,41796,42760,10,0.1,2025,"If parent and family size = FOUR or more, multiply value by Kentucky state tax liability to determine tax credit amount","Commonwealth of Kentucky Department of Revenue. Schedule ITC, 2025. Frankfort, KY: Kentucky Department of Revenue, 2025. Accessed January 23, 2026.",https://revenue.ky.gov/Forms/Schedule%20ITC%20(2025).pdf,KSe,01/23/2026
2026,KY,married,family_size,credit,percent_of_state_tax,42761,Inf,10,0,2025,"If parent and family size = FOUR or more, multiply value by Kentucky state tax liability to determine tax credit amount","Commonwealth of Kentucky Department of Revenue. Schedule ITC, 2025. Frankfort, KY: Kentucky Department of Revenue, 2025. Accessed January 23, 2026.",https://revenue.ky.gov/Forms/Schedule%20ITC%20(2025).pdf,KSe,01/23/2026
2026,LA,married,childcare_nonrefundable,credit,percent_of_fed_cdctc,25001,35000,NA,0.3,2025,Percentage of FEDERAL CDCTC NON refundable,"Louisiana Department of Revenue. IT-540-WEB-BC 2025 Louisiana Resident. Baton Rouge, LA: Louisiana Department of Revenue, 2025. Accessed January 23, 2026.",https://dam.ldr.la.gov/taxforms/IT540WEB-BC(2025)%20F.pdf,KSe,01/23/2026
2026,LA,married,childcare_nonrefundable,credit,percent_of_fed_cdctc,35001,60000,NA,0.1,2025,Percentage of FEDERAL CDCTC NON refundable,"Louisiana Department of Revenue. IT-540-WEB-BC 2025 Louisiana Resident. Baton Rouge, LA: Louisiana Department of Revenue, 2025. Accessed January 23, 2026.",https://dam.ldr.la.gov/taxforms/IT540WEB-BC(2025)%20F.pdf,KSe,01/23/2026
2026,LA,married,childcare_nonrefundable,credit,percent_of_fed_cdctc,60001,Inf,NA,0.1,2025,Maximum $25 for this income range.Percentage of FEDERAL CDCTC NON refundable,"Louisiana Department of Revenue. IT-540-WEB-BC 2025 Louisiana Resident. Baton Rouge, LA: Louisiana Department of Revenue, 2025. Accessed January 23, 2026.",https://dam.ldr.la.gov/taxforms/IT540WEB-BC(2025)%20F.pdf,KSe,01/23/2026
2026,LA,single_parent,childcare_nonrefundable,credit,percent_of_fed_cdctc,25001,35000,NA,0.3,2025,Percentage of FEDERAL CDCTC NON refundable,"Louisiana Department of Revenue. IT-540-WEB-BC 2025 Louisiana Resident. Baton Rouge, LA: Louisiana Department of Revenue, 2025. Accessed January 23, 2026.",https://dam.ldr.la.gov/taxforms/IT540WEB-BC(2025)%20F.pdf,KSe,01/23/2026
2026,LA,single_parent,childcare_nonrefundable,credit,percent_of_fed_cdctc,35001,60000,NA,0.1,2025,Percentage of FEDERAL CDCTC NON refundable,"Louisiana Department of Revenue. IT-540-WEB-BC 2025 Louisiana Resident. Baton Rouge, LA: Louisiana Department of Revenue, 2025. Accessed January 23, 2026.",https://dam.ldr.la.gov/taxforms/IT540WEB-BC(2025)%20F.pdf,KSe,01/23/2026
2026,LA,single_parent,childcare_nonrefundable,credit,percent_of_fed_cdctc,60001,Inf,NA,0.1,2025,Maximum $25 for this income range.Percentage of FEDERAL CDCTC NON refundable,"Louisiana Department of Revenue. IT-540-WEB-BC 2025 Louisiana Resident. Baton Rouge, LA: Louisiana Department of Revenue, 2025. Accessed January 23, 2026.",https://dam.ldr.la.gov/taxforms/IT540WEB-BC(2025)%20F.pdf,KSe,01/23/2026
2026,MD,single_adult,exemption_per_person,taxable_income_subtraction,per_person,0,100000,NA,3200,NA,NA,"Comptroller of Maryland. MW‑507: Employee Withholding Exemption Certificate Instructions. Baltimore: Maryland Department of Transportation Office of Human Resources, January 2025. https://www.mdot.maryland.gov/OHR/MW‑507‑Instructions.pdf.",https://www.mdot.maryland.gov/OHR/MW‑507‑Instructions.pdf.,Aku,06/30/2025
2026,MD,single_adult,exemption_per_person,taxable_income_subtraction,per_person,10000,125000,NA,1600,NA,NA,"Comptroller of Maryland. MW‑507: Employee Withholding Exemption Certificate Instructions. Baltimore: Maryland Department of Transportation Office of Human Resources, January 2025. https://www.mdot.maryland.gov/OHR/MW‑507‑Instructions.pdf.",https://www.mdot.maryland.gov/OHR/MW‑507‑Instructions.pdf.,Aku,06/30/2025
2026,MD,single_adult,exemption_per_person,taxable_income_subtraction,per_person,125000,150000,NA,800,NA,NA,"Comptroller of Maryland. MW‑507: Employee Withholding Exemption Certificate Instructions. Baltimore: Maryland Department of Transportation Office of Human Resources, January 2025. https://www.mdot.maryland.gov/OHR/MW‑507‑Instructions.pdf.",https://www.mdot.maryland.gov/OHR/MW‑507‑Instructions.pdf.,Aku,06/30/2025
2026,MD,single_adult,exemption_per_person,taxable_income_subtraction,per_person,150000,175000,NA,0,NA,NA,"Comptroller of Maryland. MW‑507: Employee Withholding Exemption Certificate Instructions. Baltimore: Maryland Department of Transportation Office of Human Resources, January 2025. https://www.mdot.maryland.gov/OHR/MW‑507‑Instructions.pdf.",https://www.mdot.maryland.gov/OHR/MW‑507‑Instructions.pdf.,Aku,06/30/2025
2026,MD,single_adult,exemption_per_person,taxable_income_subtraction,per_person,175000,200000,NA,0,NA,NA,"Comptroller of Maryland. MW‑507: Employee Withholding Exemption Certificate Instructions. Baltimore: Maryland Department of Transportation Office of Human Resources, January 2025. https://www.mdot.maryland.gov/OHR/MW‑507‑Instructions.pdf.",https://www.mdot.maryland.gov/OHR/MW‑507‑Instructions.pdf.,Aku,06/30/2025
2026,MD,single_adult,exemption_per_person,taxable_income_subtraction,per_person,200000,Inf,NA,0,NA,NA,"Comptroller of Maryland. MW‑507: Employee Withholding Exemption Certificate Instructions. Baltimore: Maryland Department of Transportation Office of Human Resources, January 2025. https://www.mdot.maryland.gov/OHR/MW‑507‑Instructions.pdf.",https://www.mdot.maryland.gov/OHR/MW‑507‑Instructions.pdf.,Aku,06/30/2025
2026,MD,single_parent,exemption_per_person,taxable_income_subtraction,per_person,0,100000,NA,3200,NA,NA,"Comptroller of Maryland. MW‑507: Employee Withholding Exemption Certificate Instructions. Baltimore: Maryland Department of Transportation Office of Human Resources, January 2025. https://www.mdot.maryland.gov/OHR/MW‑507‑Instructions.pdf.",https://www.mdot.maryland.gov/OHR/MW‑507‑Instructions.pdf.,Aku,06/30/2025
2026,MD,single_parent,exemption_per_person,taxable_income_subtraction,per_person,10000,125000,NA,3200,NA,NA,"Comptroller of Maryland. MW‑507: Employee Withholding Exemption Certificate Instructions. Baltimore: Maryland Department of Transportation Office of Human Resources, January 2025. https://www.mdot.maryland.gov/OHR/MW‑507‑Instructions.pdf.",https://www.mdot.maryland.gov/OHR/MW‑507‑Instructions.pdf.,Aku,06/30/2025
2026,MD,single_parent,exemption_per_person,taxable_income_subtraction,per_person,125000,150000,NA,3200,NA,NA,"Comptroller of Maryland. MW‑507: Employee Withholding Exemption Certificate Instructions. Baltimore: Maryland Department of Transportation Office of Human Resources, January 2025. https://www.mdot.maryland.gov/OHR/MW‑507‑Instructions.pdf.",https://www.mdot.maryland.gov/OHR/MW‑507‑Instructions.pdf.,Aku,06/30/2025
2026,MD,single_parent,exemption_per_person,taxable_income_subtraction,per_person,150000,175000,NA,1600,NA,NA,"Comptroller of Maryland. MW‑507: Employee Withholding Exemption Certificate Instructions. Baltimore: Maryland Department of Transportation Office of Human Resources, January 2025. https://www.mdot.maryland.gov/OHR/MW‑507‑Instructions.pdf.",https://www.mdot.maryland.gov/OHR/MW‑507‑Instructions.pdf.,Aku,06/30/2025
2026,MD,single_parent,exemption_per_person,taxable_income_subtraction,per_person,175000,200000,NA,800,NA,NA,"Comptroller of Maryland. MW‑507: Employee Withholding Exemption Certificate Instructions. Baltimore: Maryland Department of Transportation Office of Human Resources, January 2025. https://www.mdot.maryland.gov/OHR/MW‑507‑Instructions.pdf.",https://www.mdot.maryland.gov/OHR/MW‑507‑Instructions.pdf.,Aku,06/30/2025
2026,MD,single_parent,exemption_per_person,taxable_income_subtraction,per_person,200000,Inf,NA,0,NA,NA,"Comptroller of Maryland. MW‑507: Employee Withholding Exemption Certificate Instructions. Baltimore: Maryland Department of Transportation Office of Human Resources, January 2025. https://www.mdot.maryland.gov/OHR/MW‑507‑Instructions.pdf.",https://www.mdot.maryland.gov/OHR/MW‑507‑Instructions.pdf.,Aku,06/30/2025
2026,MD,married,exemption_per_person,taxable_income_subtraction,per_person,0,100000,NA,3200,NA,NA,"Comptroller of Maryland. MW‑507: Employee Withholding Exemption Certificate Instructions. Baltimore: Maryland Department of Transportation Office of Human Resources, January 2025. https://www.mdot.maryland.gov/OHR/MW‑507‑Instructions.pdf.",https://www.mdot.maryland.gov/OHR/MW‑507‑Instructions.pdf.,Aku,06/30/2025
2026,MD,married,exemption_per_person,taxable_income_subtraction,per_person,10000,125000,NA,3200,NA,NA,"Comptroller of Maryland. MW‑507: Employee Withholding Exemption Certificate Instructions. Baltimore: Maryland Department of Transportation Office of Human Resources, January 2025. https://www.mdot.maryland.gov/OHR/MW‑507‑Instructions.pdf.",https://www.mdot.maryland.gov/OHR/MW‑507‑Instructions.pdf.,Aku,06/30/2025
2026,MD,married,exemption_per_person,taxable_income_subtraction,per_person,125000,150000,NA,3200,NA,NA,"Comptroller of Maryland. MW‑507: Employee Withholding Exemption Certificate Instructions. Baltimore: Maryland Department of Transportation Office of Human Resources, January 2025. https://www.mdot.maryland.gov/OHR/MW‑507‑Instructions.pdf.",https://www.mdot.maryland.gov/OHR/MW‑507‑Instructions.pdf.,Aku,06/30/2025
2026,MD,married,exemption_per_person,taxable_income_subtraction,per_person,150000,175000,NA,1600,NA,NA,"Comptroller of Maryland. MW‑507: Employee Withholding Exemption Certificate Instructions. Baltimore: Maryland Department of Transportation Office of Human Resources, January 2025. https://www.mdot.maryland.gov/OHR/MW‑507‑Instructions.pdf.",https://www.mdot.maryland.gov/OHR/MW‑507‑Instructions.pdf.,Aku,06/30/2025
2026,MD,married,exemption_per_person,taxable_income_subtraction,per_person,175000,200000,NA,800,NA,NA,"Comptroller of Maryland. MW‑507: Employee Withholding Exemption Certificate Instructions. Baltimore: Maryland Department of Transportation Office of Human Resources, January 2025. https://www.mdot.maryland.gov/OHR/MW‑507‑Instructions.pdf.",https://www.mdot.maryland.gov/OHR/MW‑507‑Instructions.pdf.,Aku,06/30/2025
2026,MD,married,exemption_per_person,taxable_income_subtraction,per_person,200000,Inf,NA,0,NA,NA,"Comptroller of Maryland. MW‑507: Employee Withholding Exemption Certificate Instructions. Baltimore: Maryland Department of Transportation Office of Human Resources, January 2025. https://www.mdot.maryland.gov/OHR/MW‑507‑Instructions.pdf.",https://www.mdot.maryland.gov/OHR/MW‑507‑Instructions.pdf.,Aku,06/30/2025
2026,MD,single_parent,child_dependent_care,credit,percent_of_fed_cdctc,0,30000,NA,0.32,2025,percent of federal CDCC,"Comptroller of Maryland. Maryland Form 502CR: Income Tax Credits for Individuals, 2025. Annapolis, MD, 2025. Accessed January 29, 2026.",https://www.marylandcomptroller.gov/content/dam/mdcomp/tax/forms/2025/502cr.pdf,KSe,1/29/2026
2026,MD,single_parent,child_dependent_care,credit,percent_of_fed_cdctc,30001,32000,NA,0.3168,2025,percent of federal CDCC,"Comptroller of Maryland. Maryland Form 502CR: Income Tax Credits for Individuals, 2025. Annapolis, MD, 2025. Accessed January 29, 2026.",https://www.marylandcomptroller.gov/content/dam/mdcomp/tax/forms/2025/502cr.pdf,KSe,1/29/2026
2026,MD,single_parent,child_dependent_care,credit,percent_of_fed_cdctc,32001,34000,NA,0.3136,2025,percent of federal CDCC,"Comptroller of Maryland. Maryland Form 502CR: Income Tax Credits for Individuals, 2025. Annapolis, MD, 2025. Accessed January 29, 2026.",https://www.marylandcomptroller.gov/content/dam/mdcomp/tax/forms/2025/502cr.pdf,KSe,1/29/2026
2026,MD,single_parent,child_dependent_care,credit,percent_of_fed_cdctc,34001,36000,NA,0.3104,2025,percent of federal CDCC,"Comptroller of Maryland. Maryland Form 502CR: Income Tax Credits for Individuals, 2025. Annapolis, MD, 2025. Accessed January 29, 2026.",https://www.marylandcomptroller.gov/content/dam/mdcomp/tax/forms/2025/502cr.pdf,KSe,1/29/2026
2026,MD,single_parent,child_dependent_care,credit,percent_of_fed_cdctc,36001,38000,NA,0.3072,2025,percent of federal CDCC,"Comptroller of Maryland. Maryland Form 502CR: Income Tax Credits for Individuals, 2025. Annapolis, MD, 2025. Accessed January 29, 2026.",https://www.marylandcomptroller.gov/content/dam/mdcomp/tax/forms/2025/502cr.pdf,KSe,1/29/2026
2026,MD,single_parent,child_dependent_care,credit,percent_of_fed_cdctc,38001,40000,NA,0.304,2025,percent of federal CDCC,"Comptroller of Maryland. Maryland Form 502CR: Income Tax Credits for Individuals, 2025. Annapolis, MD, 2025. Accessed January 29, 2026.",https://www.marylandcomptroller.gov/content/dam/mdcomp/tax/forms/2025/502cr.pdf,KSe,1/29/2026
2026,MD,single_parent,child_dependent_care,credit,percent_of_fed_cdctc,40001,42000,NA,0.3008,2025,percent of federal CDCC,"Comptroller of Maryland. Maryland Form 502CR: Income Tax Credits for Individuals, 2025. Annapolis, MD, 2025. Accessed January 29, 2026.",https://www.marylandcomptroller.gov/content/dam/mdcomp/tax/forms/2025/502cr.pdf,KSe,1/29/2026
2026,MD,single_parent,child_dependent_care,credit,percent_of_fed_cdctc,42001,44000,NA,0.2976,2025,percent of federal CDCC,"Comptroller of Maryland. Maryland Form 502CR: Income Tax Credits for Individuals, 2025. Annapolis, MD, 2025. Accessed January 29, 2026.",https://www.marylandcomptroller.gov/content/dam/mdcomp/tax/forms/2025/502cr.pdf,KSe,1/29/2026
2026,MD,single_parent,child_dependent_care,credit,percent_of_fed_cdctc,44001,46000,NA,0.2944,2025,percent of federal CDCC,"Comptroller of Maryland. Maryland Form 502CR: Income Tax Credits for Individuals, 2025. Annapolis, MD, 2025. Accessed January 29, 2026.",https://www.marylandcomptroller.gov/content/dam/mdcomp/tax/forms/2025/502cr.pdf,KSe,1/29/2026
2026,MD,single_parent,child_dependent_care,credit,percent_of_fed_cdctc,46001,48000,NA,0.2912,2025,percent of federal CDCC,"Comptroller of Maryland. Maryland Form 502CR: Income Tax Credits for Individuals, 2025. Annapolis, MD, 2025. Accessed January 29, 2026.",https://www.marylandcomptroller.gov/content/dam/mdcomp/tax/forms/2025/502cr.pdf,KSe,1/29/2026
2026,MD,single_parent,child_dependent_care,credit,percent_of_fed_cdctc,48001,50000,NA,0.288,2025,percent of federal CDCC,"Comptroller of Maryland. Maryland Form 502CR: Income Tax Credits for Individuals, 2025. Annapolis, MD, 2025. Accessed January 29, 2026.",https://www.marylandcomptroller.gov/content/dam/mdcomp/tax/forms/2025/502cr.pdf,KSe,1/29/2026
2026,MD,single_parent,child_dependent_care,credit,percent_of_fed_cdctc,50001,52000,NA,0.2848,2025,percent of federal CDCC,"Comptroller of Maryland. Maryland Form 502CR: Income Tax Credits for Individuals, 2025. Annapolis, MD, 2025. Accessed January 29, 2026.",https://www.marylandcomptroller.gov/content/dam/mdcomp/tax/forms/2025/502cr.pdf,KSe,1/29/2026
2026,MD,single_parent,child_dependent_care,credit,percent_of_fed_cdctc,52001,54000,NA,0.2816,2025,percent of federal CDCC,"Comptroller of Maryland. Maryland Form 502CR: Income Tax Credits for Individuals, 2025. Annapolis, MD, 2025. Accessed January 29, 2026.",https://www.marylandcomptroller.gov/content/dam/mdcomp/tax/forms/2025/502cr.pdf,KSe,1/29/2026
2026,MD,single_parent,child_dependent_care,credit,percent_of_fed_cdctc,54001,56000,NA,0.2784,2025,percent of federal CDCC,"Comptroller of Maryland. Maryland Form 502CR: Income Tax Credits for Individuals, 2025. Annapolis, MD, 2025. Accessed January 29, 2026.",https://www.marylandcomptroller.gov/content/dam/mdcomp/tax/forms/2025/502cr.pdf,KSe,1/29/2026
2026,MD,single_parent,child_dependent_care,credit,percent_of_fed_cdctc,56001,58000,NA,0.2752,2025,percent of federal CDCC,"Comptroller of Maryland. Maryland Form 502CR: Income Tax Credits for Individuals, 2025. Annapolis, MD, 2025. Accessed January 29, 2026.",https://www.marylandcomptroller.gov/content/dam/mdcomp/tax/forms/2025/502cr.pdf,KSe,1/29/2026
2026,MD,single_parent,child_dependent_care,credit,percent_of_fed_cdctc,58001,60000,NA,0.272,2025,percent of federal CDCC,"Comptroller of Maryland. Maryland Form 502CR: Income Tax Credits for Individuals, 2025. Annapolis, MD, 2025. Accessed January 29, 2026.",https://www.marylandcomptroller.gov/content/dam/mdcomp/tax/forms/2025/502cr.pdf,KSe,1/29/2026
2026,MD,single_parent,child_dependent_care,credit,percent_of_fed_cdctc,60001,62000,NA,0.2688,2025,percent of federal CDCC,"Comptroller of Maryland. Maryland Form 502CR: Income Tax Credits for Individuals, 2025. Annapolis, MD, 2025. Accessed January 29, 2026.",https://www.marylandcomptroller.gov/content/dam/mdcomp/tax/forms/2025/502cr.pdf,KSe,1/29/2026
2026,MD,single_parent,child_dependent_care,credit,percent_of_fed_cdctc,62001,64000,NA,0.2656,2025,percent of federal CDCC,"Comptroller of Maryland. Maryland Form 502CR: Income Tax Credits for Individuals, 2025. Annapolis, MD, 2025. Accessed January 29, 2026.",https://www.marylandcomptroller.gov/content/dam/mdcomp/tax/forms/2025/502cr.pdf,KSe,1/29/2026
2026,MD,single_parent,child_dependent_care,credit,percent_of_fed_cdctc,64001,66000,NA,0.2624,2025,percent of federal CDCC,"Comptroller of Maryland. Maryland Form 502CR: Income Tax Credits for Individuals, 2025. Annapolis, MD, 2025. Accessed January 29, 2026.",https://www.marylandcomptroller.gov/content/dam/mdcomp/tax/forms/2025/502cr.pdf,KSe,1/29/2026
2026,MD,single_parent,child_dependent_care,credit,percent_of_fed_cdctc,66001,68000,NA,0.2592,2025,percent of federal CDCC,"Comptroller of Maryland. Maryland Form 502CR: Income Tax Credits for Individuals, 2025. Annapolis, MD, 2025. Accessed January 29, 2026.",https://www.marylandcomptroller.gov/content/dam/mdcomp/tax/forms/2025/502cr.pdf,KSe,1/29/2026
2026,MD,single_parent,child_dependent_care,credit,percent_of_fed_cdctc,68001,70000,NA,0.256,2025,percent of federal CDCC,"Comptroller of Maryland. Maryland Form 502CR: Income Tax Credits for Individuals, 2025. Annapolis, MD, 2025. Accessed January 29, 2026.",https://www.marylandcomptroller.gov/content/dam/mdcomp/tax/forms/2025/502cr.pdf,KSe,1/29/2026
2026,MD,single_parent,child_dependent_care,credit,percent_of_fed_cdctc,70001,72000,NA,0.2528,2025,percent of federal CDCC,"Comptroller of Maryland. Maryland Form 502CR: Income Tax Credits for Individuals, 2025. Annapolis, MD, 2025. Accessed January 29, 2026.",https://www.marylandcomptroller.gov/content/dam/mdcomp/tax/forms/2025/502cr.pdf,KSe,1/29/2026
2026,MD,single_parent,child_dependent_care,credit,percent_of_fed_cdctc,72001,74000,NA,0.2496,2025,percent of federal CDCC,"Comptroller of Maryland. Maryland Form 502CR: Income Tax Credits for Individuals, 2025. Annapolis, MD, 2025. Accessed January 29, 2026.",https://www.marylandcomptroller.gov/content/dam/mdcomp/tax/forms/2025/502cr.pdf,KSe,1/29/2026
2026,MD,single_parent,child_dependent_care,credit,percent_of_fed_cdctc,74001,76000,NA,0.2464,2025,percent of federal CDCC,"Comptroller of Maryland. Maryland Form 502CR: Income Tax Credits for Individuals, 2025. Annapolis, MD, 2025. Accessed January 29, 2026.",https://www.marylandcomptroller.gov/content/dam/mdcomp/tax/forms/2025/502cr.pdf,KSe,1/29/2026
2026,MD,single_parent,child_dependent_care,credit,percent_of_fed_cdctc,76001,78000,NA,0.2432,2025,percent of federal CDCC,"Comptroller of Maryland. Maryland Form 502CR: Income Tax Credits for Individuals, 2025. Annapolis, MD, 2025. Accessed January 29, 2026.",https://www.marylandcomptroller.gov/content/dam/mdcomp/tax/forms/2025/502cr.pdf,KSe,1/29/2026
2026,MD,single_parent,child_dependent_care,credit,percent_of_fed_cdctc,78001,80000,NA,0.24,2025,percent of federal CDCC,"Comptroller of Maryland. Maryland Form 502CR: Income Tax Credits for Individuals, 2025. Annapolis, MD, 2025. Accessed January 29, 2026.",https://www.marylandcomptroller.gov/content/dam/mdcomp/tax/forms/2025/502cr.pdf,KSe,1/29/2026
2026,MD,single_parent,child_dependent_care,credit,percent_of_fed_cdctc,80001,82000,NA,0.2368,2025,percent of federal CDCC,"Comptroller of Maryland. Maryland Form 502CR: Income Tax Credits for Individuals, 2025. Annapolis, MD, 2025. Accessed January 29, 2026.",https://www.marylandcomptroller.gov/content/dam/mdcomp/tax/forms/2025/502cr.pdf,KSe,1/29/2026
2026,MD,single_parent,child_dependent_care,credit,percent_of_fed_cdctc,82001,84000,NA,0.2336,2025,percent of federal CDCC,"Comptroller of Maryland. Maryland Form 502CR: Income Tax Credits for Individuals, 2025. Annapolis, MD, 2025. Accessed January 29, 2026.",https://www.marylandcomptroller.gov/content/dam/mdcomp/tax/forms/2025/502cr.pdf,KSe,1/29/2026
2026,MD,single_parent,child_dependent_care,credit,percent_of_fed_cdctc,84001,86000,NA,0.2304,2025,percent of federal CDCC,"Comptroller of Maryland. Maryland Form 502CR: Income Tax Credits for Individuals, 2025. Annapolis, MD, 2025. Accessed January 29, 2026.",https://www.marylandcomptroller.gov/content/dam/mdcomp/tax/forms/2025/502cr.pdf,KSe,1/29/2026
2026,MD,single_parent,child_dependent_care,credit,percent_of_fed_cdctc,86001,88000,NA,0.2272,2025,percent of federal CDCC,"Comptroller of Maryland. Maryland Form 502CR: Income Tax Credits for Individuals, 2025. Annapolis, MD, 2025. Accessed January 29, 2026.",https://www.marylandcomptroller.gov/content/dam/mdcomp/tax/forms/2025/502cr.pdf,KSe,1/29/2026
2026,MD,single_parent,child_dependent_care,credit,percent_of_fed_cdctc,88001,90000,NA,0.224,2025,percent of federal CDCC,"Comptroller of Maryland. Maryland Form 502CR: Income Tax Credits for Individuals, 2025. Annapolis, MD, 2025. Accessed January 29, 2026.",https://www.marylandcomptroller.gov/content/dam/mdcomp/tax/forms/2025/502cr.pdf,KSe,1/29/2026
2026,MD,single_parent,child_dependent_care,credit,percent_of_fed_cdctc,90001,92000,NA,0.2208,2025,percent of federal CDCC,"Comptroller of Maryland. Maryland Form 502CR: Income Tax Credits for Individuals, 2025. Annapolis, MD, 2025. Accessed January 29, 2026.",https://www.marylandcomptroller.gov/content/dam/mdcomp/tax/forms/2025/502cr.pdf,KSe,1/29/2026
2026,MD,single_parent,child_dependent_care,credit,percent_of_fed_cdctc,92001,94000,NA,0.2176,2025,percent of federal CDCC,"Comptroller of Maryland. Maryland Form 502CR: Income Tax Credits for Individuals, 2025. Annapolis, MD, 2025. Accessed January 29, 2026.",https://www.marylandcomptroller.gov/content/dam/mdcomp/tax/forms/2025/502cr.pdf,KSe,1/29/2026
2026,MD,single_parent,child_dependent_care,credit,percent_of_fed_cdctc,94001,96000,NA,0.2144,2025,percent of federal CDCC,"Comptroller of Maryland. Maryland Form 502CR: Income Tax Credits for Individuals, 2025. Annapolis, MD, 2025. Accessed January 29, 2026.",https://www.marylandcomptroller.gov/content/dam/mdcomp/tax/forms/2025/502cr.pdf,KSe,1/29/2026
2026,MD,single_parent,child_dependent_care,credit,percent_of_fed_cdctc,96001,98000,NA,0.2112,2025,percent of federal CDCC,"Comptroller of Maryland. Maryland Form 502CR: Income Tax Credits for Individuals, 2025. Annapolis, MD, 2025. Accessed January 29, 2026.",https://www.marylandcomptroller.gov/content/dam/mdcomp/tax/forms/2025/502cr.pdf,KSe,1/29/2026
2026,MD,single_parent,child_dependent_care,credit,percent_of_fed_cdctc,98001,100000,NA,0.208,2025,percent of federal CDCC,"Comptroller of Maryland. Maryland Form 502CR: Income Tax Credits for Individuals, 2025. Annapolis, MD, 2025. Accessed January 29, 2026.",https://www.marylandcomptroller.gov/content/dam/mdcomp/tax/forms/2025/502cr.pdf,KSe,1/29/2026
2026,MD,single_parent,child_dependent_care,credit,percent_of_fed_cdctc,100001,102000,NA,0.2048,2025,percent of federal CDCC,"Comptroller of Maryland. Maryland Form 502CR: Income Tax Credits for Individuals, 2025. Annapolis, MD, 2025. Accessed January 29, 2026.",https://www.marylandcomptroller.gov/content/dam/mdcomp/tax/forms/2025/502cr.pdf,KSe,1/29/2026
2026,MD,single_parent,child_dependent_care,credit,percent_of_fed_cdctc,102001,104000,NA,0.2016,2025,percent of federal CDCC,"Comptroller of Maryland. Maryland Form 502CR: Income Tax Credits for Individuals, 2025. Annapolis, MD, 2025. Accessed January 29, 2026.",https://www.marylandcomptroller.gov/content/dam/mdcomp/tax/forms/2025/502cr.pdf,KSe,1/29/2026
2026,MD,single_parent,child_dependent_care,credit,percent_of_fed_cdctc,104001,106000,NA,0.1984,2025,percent of federal CDCC,"Comptroller of Maryland. Maryland Form 502CR: Income Tax Credits for Individuals, 2025. Annapolis, MD, 2025. Accessed January 29, 2026.",https://www.marylandcomptroller.gov/content/dam/mdcomp/tax/forms/2025/502cr.pdf,KSe,1/29/2026
2026,MD,single_parent,child_dependent_care,credit,percent_of_fed_cdctc,106001,108000,NA,0.1952,2025,percent of federal CDCC,"Comptroller of Maryland. Maryland Form 502CR: Income Tax Credits for Individuals, 2025. Annapolis, MD, 2025. Accessed January 29, 2026.",https://www.marylandcomptroller.gov/content/dam/mdcomp/tax/forms/2025/502cr.pdf,KSe,1/29/2026
2026,MD,single_parent,child_dependent_care,credit,percent_of_fed_cdctc,108001,110000,NA,0.192,2025,percent of federal CDCC,"Comptroller of Maryland. Maryland Form 502CR: Income Tax Credits for Individuals, 2025. Annapolis, MD, 2025. Accessed January 29, 2026.",https://www.marylandcomptroller.gov/content/dam/mdcomp/tax/forms/2025/502cr.pdf,KSe,1/29/2026
2026,MD,single_parent,child_dependent_care,credit,percent_of_fed_cdctc,110001,112000,NA,0.1888,2025,percent of federal CDCC,"Comptroller of Maryland. Maryland Form 502CR: Income Tax Credits for Individuals, 2025. Annapolis, MD, 2025. Accessed January 29, 2026.",https://www.marylandcomptroller.gov/content/dam/mdcomp/tax/forms/2025/502cr.pdf,KSe,1/29/2026
2026,MD,single_parent,child_dependent_care,credit,percent_of_fed_cdctc,112001,112100,NA,0.1856,2025,percent of federal CDCC,"Comptroller of Maryland. Maryland Form 502CR: Income Tax Credits for Individuals, 2025. Annapolis, MD, 2025. Accessed January 29, 2026.",https://www.marylandcomptroller.gov/content/dam/mdcomp/tax/forms/2025/502cr.pdf,KSe,1/29/2026
2026,MD,single_parent,child_dependent_care,credit,percent_of_fed_cdctc,112101,Inf,NA,0,2025,percent of federal CDCC,"Comptroller of Maryland. Maryland Form 502CR: Income Tax Credits for Individuals, 2025. Annapolis, MD, 2025. Accessed January 29, 2026.",https://www.marylandcomptroller.gov/content/dam/mdcomp/tax/forms/2025/502cr.pdf,KSe,1/29/2026
2026,MD,married,child_dependent_care,credit,percent_of_fed_cdctc,0,50000,NA,0.32,2025,percent of federal CDCC,"Comptroller of Maryland. Maryland Form 502CR: Income Tax Credits for Individuals, 2025. Annapolis, MD, 2025. Accessed January 29, 2026.",https://www.marylandcomptroller.gov/content/dam/mdcomp/tax/forms/2025/502cr.pdf,KSe,1/29/2026
2026,MD,married,child_dependent_care,credit,percent_of_fed_cdctc,50001,53000,NA,0.3168,2025,percent of federal CDCC,"Comptroller of Maryland. Maryland Form 502CR: Income Tax Credits for Individuals, 2025. Annapolis, MD, 2025. Accessed January 29, 2026.",https://www.marylandcomptroller.gov/content/dam/mdcomp/tax/forms/2025/502cr.pdf,KSe,1/29/2026
2026,MD,married,child_dependent_care,credit,percent_of_fed_cdctc,53001,56000,NA,0.3136,2025,percent of federal CDCC,"Comptroller of Maryland. Maryland Form 502CR: Income Tax Credits for Individuals, 2025. Annapolis, MD, 2025. Accessed January 29, 2026.",https://www.marylandcomptroller.gov/content/dam/mdcomp/tax/forms/2025/502cr.pdf,KSe,1/29/2026
2026,MD,married,child_dependent_care,credit,percent_of_fed_cdctc,56001,59000,NA,0.3104,2025,percent of federal CDCC,"Comptroller of Maryland. Maryland Form 502CR: Income Tax Credits for Individuals, 2025. Annapolis, MD, 2025. Accessed January 29, 2026.",https://www.marylandcomptroller.gov/content/dam/mdcomp/tax/forms/2025/502cr.pdf,KSe,1/29/2026
2026,MD,married,child_dependent_care,credit,percent_of_fed_cdctc,59001,62000,NA,0.3072,2025,percent of federal CDCC,"Comptroller of Maryland. Maryland Form 502CR: Income Tax Credits for Individuals, 2025. Annapolis, MD, 2025. Accessed January 29, 2026.",https://www.marylandcomptroller.gov/content/dam/mdcomp/tax/forms/2025/502cr.pdf,KSe,1/29/2026
2026,MD,married,child_dependent_care,credit,percent_of_fed_cdctc,62001,65000,NA,0.304,2025,percent of federal CDCC,"Comptroller of Maryland. Maryland Form 502CR: Income Tax Credits for Individuals, 2025. Annapolis, MD, 2025. Accessed January 29, 2026.",https://www.marylandcomptroller.gov/content/dam/mdcomp/tax/forms/2025/502cr.pdf,KSe,1/29/2026
2026,MD,married,child_dependent_care,credit,percent_of_fed_cdctc,65001,68000,NA,0.3008,2025,percent of federal CDCC,"Comptroller of Maryland. Maryland Form 502CR: Income Tax Credits for Individuals, 2025. Annapolis, MD, 2025. Accessed January 29, 2026.",https://www.marylandcomptroller.gov/content/dam/mdcomp/tax/forms/2025/502cr.pdf,KSe,1/29/2026
2026,MD,married,child_dependent_care,credit,percent_of_fed_cdctc,68001,71000,NA,0.2976,2025,percent of federal CDCC,"Comptroller of Maryland. Maryland Form 502CR: Income Tax Credits for Individuals, 2025. Annapolis, MD, 2025. Accessed January 29, 2026.",https://www.marylandcomptroller.gov/content/dam/mdcomp/tax/forms/2025/502cr.pdf,KSe,1/29/2026
2026,MD,married,child_dependent_care,credit,percent_of_fed_cdctc,71001,74000,NA,0.2944,2025,percent of federal CDCC,"Comptroller of Maryland. Maryland Form 502CR: Income Tax Credits for Individuals, 2025. Annapolis, MD, 2025. Accessed January 29, 2026.",https://www.marylandcomptroller.gov/content/dam/mdcomp/tax/forms/2025/502cr.pdf,KSe,1/29/2026
2026,MD,married,child_dependent_care,credit,percent_of_fed_cdctc,74001,77000,NA,0.2912,2025,percent of federal CDCC,"Comptroller of Maryland. Maryland Form 502CR: Income Tax Credits for Individuals, 2025. Annapolis, MD, 2025. Accessed January 29, 2026.",https://www.marylandcomptroller.gov/content/dam/mdcomp/tax/forms/2025/502cr.pdf,KSe,1/29/2026
2026,MD,married,child_dependent_care,credit,percent_of_fed_cdctc,77001,80000,NA,0.288,2025,percent of federal CDCC,"Comptroller of Maryland. Maryland Form 502CR: Income Tax Credits for Individuals, 2025. Annapolis, MD, 2025. Accessed January 29, 2026.",https://www.marylandcomptroller.gov/content/dam/mdcomp/tax/forms/2025/502cr.pdf,KSe,1/29/2026
2026,MD,married,child_dependent_care,credit,percent_of_fed_cdctc,80001,83000,NA,0.2848,2025,percent of federal CDCC,"Comptroller of Maryland. Maryland Form 502CR: Income Tax Credits for Individuals, 2025. Annapolis, MD, 2025. Accessed January 29, 2026.",https://www.marylandcomptroller.gov/content/dam/mdcomp/tax/forms/2025/502cr.pdf,KSe,1/29/2026
2026,MD,married,child_dependent_care,credit,percent_of_fed_cdctc,83001,86000,NA,0.2816,2025,percent of federal CDCC,"Comptroller of Maryland. Maryland Form 502CR: Income Tax Credits for Individuals, 2025. Annapolis, MD, 2025. Accessed January 29, 2026.",https://www.marylandcomptroller.gov/content/dam/mdcomp/tax/forms/2025/502cr.pdf,KSe,1/29/2026
2026,MD,married,child_dependent_care,credit,percent_of_fed_cdctc,86001,89000,NA,0.2784,2025,percent of federal CDCC,"Comptroller of Maryland. Maryland Form 502CR: Income Tax Credits for Individuals, 2025. Annapolis, MD, 2025. Accessed January 29, 2026.",https://www.marylandcomptroller.gov/content/dam/mdcomp/tax/forms/2025/502cr.pdf,KSe,1/29/2026
2026,MD,married,child_dependent_care,credit,percent_of_fed_cdctc,89001,92000,NA,0.2752,2025,percent of federal CDCC,"Comptroller of Maryland. Maryland Form 502CR: Income Tax Credits for Individuals, 2025. Annapolis, MD, 2025. Accessed January 29, 2026.",https://www.marylandcomptroller.gov/content/dam/mdcomp/tax/forms/2025/502cr.pdf,KSe,1/29/2026
2026,MD,married,child_dependent_care,credit,percent_of_fed_cdctc,92001,95000,NA,0.272,2025,percent of federal CDCC,"Comptroller of Maryland. Maryland Form 502CR: Income Tax Credits for Individuals, 2025. Annapolis, MD, 2025. Accessed January 29, 2026.",https://www.marylandcomptroller.gov/content/dam/mdcomp/tax/forms/2025/502cr.pdf,KSe,1/29/2026
2026,MD,married,child_dependent_care,credit,percent_of_fed_cdctc,95001,98000,NA,0.2688,2025,percent of federal CDCC,"Comptroller of Maryland. Maryland Form 502CR: Income Tax Credits for Individuals, 2025. Annapolis, MD, 2025. Accessed January 29, 2026.",https://www.marylandcomptroller.gov/content/dam/mdcomp/tax/forms/2025/502cr.pdf,KSe,1/29/2026
2026,MD,married,child_dependent_care,credit,percent_of_fed_cdctc,98001,101000,NA,0.2656,2025,percent of federal CDCC,"Comptroller of Maryland. Maryland Form 502CR: Income Tax Credits for Individuals, 2025. Annapolis, MD, 2025. Accessed January 29, 2026.",https://www.marylandcomptroller.gov/content/dam/mdcomp/tax/forms/2025/502cr.pdf,KSe,1/29/2026
2026,MD,married,child_dependent_care,credit,percent_of_fed_cdctc,101001,104000,NA,0.2624,2025,percent of federal CDCC,"Comptroller of Maryland. Maryland Form 502CR: Income Tax Credits for Individuals, 2025. Annapolis, MD, 2025. Accessed January 29, 2026.",https://www.marylandcomptroller.gov/content/dam/mdcomp/tax/forms/2025/502cr.pdf,KSe,1/29/2026
2026,MD,married,child_dependent_care,credit,percent_of_fed_cdctc,104001,107000,NA,0.2592,2025,percent of federal CDCC,"Comptroller of Maryland. Maryland Form 502CR: Income Tax Credits for Individuals, 2025. Annapolis, MD, 2025. Accessed January 29, 2026.",https://www.marylandcomptroller.gov/content/dam/mdcomp/tax/forms/2025/502cr.pdf,KSe,1/29/2026
2026,MD,married,child_dependent_care,credit,percent_of_fed_cdctc,107001,110000,NA,0.256,2025,percent of federal CDCC,"Comptroller of Maryland. Maryland Form 502CR: Income Tax Credits for Individuals, 2025. Annapolis, MD, 2025. Accessed January 29, 2026.",https://www.marylandcomptroller.gov/content/dam/mdcomp/tax/forms/2025/502cr.pdf,KSe,1/29/2026
2026,MD,married,child_dependent_care,credit,percent_of_fed_cdctc,110001,113000,NA,0.2528,2025,percent of federal CDCC,"Comptroller of Maryland. Maryland Form 502CR: Income Tax Credits for Individuals, 2025. Annapolis, MD, 2025. Accessed January 29, 2026.",https://www.marylandcomptroller.gov/content/dam/mdcomp/tax/forms/2025/502cr.pdf,KSe,1/29/2026
2026,MD,married,child_dependent_care,credit,percent_of_fed_cdctc,113001,116000,NA,0.2496,2025,percent of federal CDCC,"Comptroller of Maryland. Maryland Form 502CR: Income Tax Credits for Individuals, 2025. Annapolis, MD, 2025. Accessed January 29, 2026.",https://www.marylandcomptroller.gov/content/dam/mdcomp/tax/forms/2025/502cr.pdf,KSe,1/29/2026
2026,MD,married,child_dependent_care,credit,percent_of_fed_cdctc,116001,119000,NA,0.2464,2025,percent of federal CDCC,"Comptroller of Maryland. Maryland Form 502CR: Income Tax Credits for Individuals, 2025. Annapolis, MD, 2025. Accessed January 29, 2026.",https://www.marylandcomptroller.gov/content/dam/mdcomp/tax/forms/2025/502cr.pdf,KSe,1/29/2026
2026,MD,married,child_dependent_care,credit,percent_of_fed_cdctc,119001,122000,NA,0.2432,2025,percent of federal CDCC,"Comptroller of Maryland. Maryland Form 502CR: Income Tax Credits for Individuals, 2025. Annapolis, MD, 2025. Accessed January 29, 2026.",https://www.marylandcomptroller.gov/content/dam/mdcomp/tax/forms/2025/502cr.pdf,KSe,1/29/2026
2026,MD,married,child_dependent_care,credit,percent_of_fed_cdctc,122001,125000,NA,0.24,2025,percent of federal CDCC,"Comptroller of Maryland. Maryland Form 502CR: Income Tax Credits for Individuals, 2025. Annapolis, MD, 2025. Accessed January 29, 2026.",https://www.marylandcomptroller.gov/content/dam/mdcomp/tax/forms/2025/502cr.pdf,KSe,1/29/2026
2026,MD,married,child_dependent_care,credit,percent_of_fed_cdctc,125001,128000,NA,0.2368,2025,percent of federal CDCC,"Comptroller of Maryland. Maryland Form 502CR: Income Tax Credits for Individuals, 2025. Annapolis, MD, 2025. Accessed January 29, 2026.",https://www.marylandcomptroller.gov/content/dam/mdcomp/tax/forms/2025/502cr.pdf,KSe,1/29/2026
2026,MD,married,child_dependent_care,credit,percent_of_fed_cdctc,128001,131000,NA,0.2336,2025,percent of federal CDCC,"Comptroller of Maryland. Maryland Form 502CR: Income Tax Credits for Individuals, 2025. Annapolis, MD, 2025. Accessed January 29, 2026.",https://www.marylandcomptroller.gov/content/dam/mdcomp/tax/forms/2025/502cr.pdf,KSe,1/29/2026
2026,MD,married,child_dependent_care,credit,percent_of_fed_cdctc,131001,134000,NA,0.2304,2025,percent of federal CDCC,"Comptroller of Maryland. Maryland Form 502CR: Income Tax Credits for Individuals, 2025. Annapolis, MD, 2025. Accessed January 29, 2026.",https://www.marylandcomptroller.gov/content/dam/mdcomp/tax/forms/2025/502cr.pdf,KSe,1/29/2026
2026,MD,married,child_dependent_care,credit,percent_of_fed_cdctc,134001,137000,NA,0.2272,2025,percent of federal CDCC,"Comptroller of Maryland. Maryland Form 502CR: Income Tax Credits for Individuals, 2025. Annapolis, MD, 2025. Accessed January 29, 2026.",https://www.marylandcomptroller.gov/content/dam/mdcomp/tax/forms/2025/502cr.pdf,KSe,1/29/2026
2026,MD,married,child_dependent_care,credit,percent_of_fed_cdctc,137001,140000,NA,0.224,2025,percent of federal CDCC,"Comptroller of Maryland. Maryland Form 502CR: Income Tax Credits for Individuals, 2025. Annapolis, MD, 2025. Accessed January 29, 2026.",https://www.marylandcomptroller.gov/content/dam/mdcomp/tax/forms/2025/502cr.pdf,KSe,1/29/2026
2026,MD,married,child_dependent_care,credit,percent_of_fed_cdctc,140001,143000,NA,0.2208,2025,percent of federal CDCC,"Comptroller of Maryland. Maryland Form 502CR: Income Tax Credits for Individuals, 2025. Annapolis, MD, 2025. Accessed January 29, 2026.",https://www.marylandcomptroller.gov/content/dam/mdcomp/tax/forms/2025/502cr.pdf,KSe,1/29/2026
2026,MD,married,child_dependent_care,credit,percent_of_fed_cdctc,143001,146000,NA,0.2176,2025,percent of federal CDCC,"Comptroller of Maryland. Maryland Form 502CR: Income Tax Credits for Individuals, 2025. Annapolis, MD, 2025. Accessed January 29, 2026.",https://www.marylandcomptroller.gov/content/dam/mdcomp/tax/forms/2025/502cr.pdf,KSe,1/29/2026
2026,MD,married,child_dependent_care,credit,percent_of_fed_cdctc,146001,149000,NA,0.2144,2025,percent of federal CDCC,"Comptroller of Maryland. Maryland Form 502CR: Income Tax Credits for Individuals, 2025. Annapolis, MD, 2025. Accessed January 29, 2026.",https://www.marylandcomptroller.gov/content/dam/mdcomp/tax/forms/2025/502cr.pdf,KSe,1/29/2026
2026,MD,married,child_dependent_care,credit,percent_of_fed_cdctc,149001,152000,NA,0.2112,2025,percent of federal CDCC,"Comptroller of Maryland. Maryland Form 502CR: Income Tax Credits for Individuals, 2025. Annapolis, MD, 2025. Accessed January 29, 2026.",https://www.marylandcomptroller.gov/content/dam/mdcomp/tax/forms/2025/502cr.pdf,KSe,1/29/2026
2026,MD,married,child_dependent_care,credit,percent_of_fed_cdctc,152001,155000,NA,0.208,2025,percent of federal CDCC,"Comptroller of Maryland. Maryland Form 502CR: Income Tax Credits for Individuals, 2025. Annapolis, MD, 2025. Accessed January 29, 2026.",https://www.marylandcomptroller.gov/content/dam/mdcomp/tax/forms/2025/502cr.pdf,KSe,1/29/2026
2026,MD,married,child_dependent_care,credit,percent_of_fed_cdctc,155001,158000,NA,0.2048,2025,percent of federal CDCC,"Comptroller of Maryland. Maryland Form 502CR: Income Tax Credits for Individuals, 2025. Annapolis, MD, 2025. Accessed January 29, 2026.",https://www.marylandcomptroller.gov/content/dam/mdcomp/tax/forms/2025/502cr.pdf,KSe,1/29/2026
2026,MD,married,child_dependent_care,credit,percent_of_fed_cdctc,158001,161000,NA,0.2016,2025,percent of federal CDCC,"Comptroller of Maryland. Maryland Form 502CR: Income Tax Credits for Individuals, 2025. Annapolis, MD, 2025. Accessed January 29, 2026.",https://www.marylandcomptroller.gov/content/dam/mdcomp/tax/forms/2025/502cr.pdf,KSe,1/29/2026
2026,MD,married,child_dependent_care,credit,percent_of_fed_cdctc,161001,164000,NA,0.1984,2025,percent of federal CDCC,"Comptroller of Maryland. Maryland Form 502CR: Income Tax Credits for Individuals, 2025. Annapolis, MD, 2025. Accessed January 29, 2026.",https://www.marylandcomptroller.gov/content/dam/mdcomp/tax/forms/2025/502cr.pdf,KSe,1/29/2026
2026,MD,married,child_dependent_care,credit,percent_of_fed_cdctc,164001,167000,NA,0.1952,2025,percent of federal CDCC,"Comptroller of Maryland. Maryland Form 502CR: Income Tax Credits for Individuals, 2025. Annapolis, MD, 2025. Accessed January 29, 2026.",https://www.marylandcomptroller.gov/content/dam/mdcomp/tax/forms/2025/502cr.pdf,KSe,1/29/2026
2026,MD,married,child_dependent_care,credit,percent_of_fed_cdctc,167001,170000,NA,0.192,2025,percent of federal CDCC,"Comptroller of Maryland. Maryland Form 502CR: Income Tax Credits for Individuals, 2025. Annapolis, MD, 2025. Accessed January 29, 2026.",https://www.marylandcomptroller.gov/content/dam/mdcomp/tax/forms/2025/502cr.pdf,KSe,1/29/2026
2026,MD,married,child_dependent_care,credit,percent_of_fed_cdctc,170001,173000,NA,0.1888,2025,percent of federal CDCC,"Comptroller of Maryland. Maryland Form 502CR: Income Tax Credits for Individuals, 2025. Annapolis, MD, 2025. Accessed January 29, 2026.",https://www.marylandcomptroller.gov/content/dam/mdcomp/tax/forms/2025/502cr.pdf,KSe,1/29/2026
2026,MD,married,child_dependent_care,credit,percent_of_fed_cdctc,173001,174300,NA,0.1856,2025,percent of federal CDCC,"Comptroller of Maryland. Maryland Form 502CR: Income Tax Credits for Individuals, 2025. Annapolis, MD, 2025. Accessed January 29, 2026.",https://www.marylandcomptroller.gov/content/dam/mdcomp/tax/forms/2025/502cr.pdf,KSe,1/29/2026
2026,MD,married,child_dependent_care,credit,percent_of_fed_cdctc,174301,Inf,NA,0,2025,percent of federal CDCC,"Comptroller of Maryland. Maryland Form 502CR: Income Tax Credits for Individuals, 2025. Annapolis, MD, 2025. Accessed January 29, 2026.",https://www.marylandcomptroller.gov/content/dam/mdcomp/tax/forms/2025/502cr.pdf,KSe,1/29/2026
2026,MD,single_parent,ctc,credit,per_child,0,15000,NA,500,2025,"Filers with a federal AGI up to $15,000 can claim a credit of $500 per child. The amount of the credit is reduced by $50 for each $1000, or fraction thereof, by which AGI exceeds $15,000.","Comptroller of Maryland. Maryland 2025 State & Local Tax Forms & Instructions. Annapolis, MD, 2025. Accessed January 29, 2026.",https://www.marylandcomptroller.gov/content/dam/mdcomp/tax/instructions/2025/resident-booklet.pdf,KSe,1/29/2026
2026,MD,single_parent,ctc,credit,per_child,15001,16000,NA,450,2025,"Filers with a federal AGI up to $15,000 can claim a credit of $500 per child. The amount of the credit is reduced by $50 for each $1000, or fraction thereof, by which AGI exceeds $15,000.","Comptroller of Maryland. Maryland 2025 State & Local Tax Forms & Instructions. Annapolis, MD, 2025. Accessed January 29, 2026.",https://www.marylandcomptroller.gov/content/dam/mdcomp/tax/instructions/2025/resident-booklet.pdf,KSe,1/29/2026
2026,MD,single_parent,ctc,credit,per_child,16001,17000,NA,400,2025,"Filers with a federal AGI up to $15,000 can claim a credit of $500 per child. The amount of the credit is reduced by $50 for each $1000, or fraction thereof, by which AGI exceeds $15,000.","Comptroller of Maryland. Maryland 2025 State & Local Tax Forms & Instructions. Annapolis, MD, 2025. Accessed January 29, 2026.",https://www.marylandcomptroller.gov/content/dam/mdcomp/tax/instructions/2025/resident-booklet.pdf,KSe,1/29/2026
2026,MD,single_parent,ctc,credit,per_child,17001,18000,NA,350,2025,"Filers with a federal AGI up to $15,000 can claim a credit of $500 per child. The amount of the credit is reduced by $50 for each $1000, or fraction thereof, by which AGI exceeds $15,000.","Comptroller of Maryland. Maryland 2025 State & Local Tax Forms & Instructions. Annapolis, MD, 2025. Accessed January 29, 2026.",https://www.marylandcomptroller.gov/content/dam/mdcomp/tax/instructions/2025/resident-booklet.pdf,KSe,1/29/2026
2026,MD,single_parent,ctc,credit,per_child,18001,19000,NA,300,2025,"Filers with a federal AGI up to $15,000 can claim a credit of $500 per child. The amount of the credit is reduced by $50 for each $1000, or fraction thereof, by which AGI exceeds $15,000.","Comptroller of Maryland. Maryland 2025 State & Local Tax Forms & Instructions. Annapolis, MD, 2025. Accessed January 29, 2026.",https://www.marylandcomptroller.gov/content/dam/mdcomp/tax/instructions/2025/resident-booklet.pdf,KSe,1/29/2026
2026,MD,single_parent,ctc,credit,per_child,19001,20000,NA,250,2025,"Filers with a federal AGI up to $15,000 can claim a credit of $500 per child. The amount of the credit is reduced by $50 for each $1000, or fraction thereof, by which AGI exceeds $15,000.","Comptroller of Maryland. Maryland 2025 State & Local Tax Forms & Instructions. Annapolis, MD, 2025. Accessed January 29, 2026.",https://www.marylandcomptroller.gov/content/dam/mdcomp/tax/instructions/2025/resident-booklet.pdf,KSe,1/29/2026
2026,MD,single_parent,ctc,credit,per_child,20001,21000,NA,200,2025,"Filers with a federal AGI up to $15,000 can claim a credit of $500 per child. The amount of the credit is reduced by $50 for each $1000, or fraction thereof, by which AGI exceeds $15,000.","Comptroller of Maryland. Maryland 2025 State & Local Tax Forms & Instructions. Annapolis, MD, 2025. Accessed January 29, 2026.",https://www.marylandcomptroller.gov/content/dam/mdcomp/tax/instructions/2025/resident-booklet.pdf,KSe,1/29/2026
2026,MD,single_parent,ctc,credit,per_child,21001,22000,NA,150,2025,"Filers with a federal AGI up to $15,000 can claim a credit of $500 per child. The amount of the credit is reduced by $50 for each $1000, or fraction thereof, by which AGI exceeds $15,000.","Comptroller of Maryland. Maryland 2025 State & Local Tax Forms & Instructions. Annapolis, MD, 2025. Accessed January 29, 2026.",https://www.marylandcomptroller.gov/content/dam/mdcomp/tax/instructions/2025/resident-booklet.pdf,KSe,1/29/2026
2026,MD,single_parent,ctc,credit,per_child,22001,23000,NA,100,2025,"Filers with a federal AGI up to $15,000 can claim a credit of $500 per child. The amount of the credit is reduced by $50 for each $1000, or fraction thereof, by which AGI exceeds $15,000.","Comptroller of Maryland. Maryland 2025 State & Local Tax Forms & Instructions. Annapolis, MD, 2025. Accessed January 29, 2026.",https://www.marylandcomptroller.gov/content/dam/mdcomp/tax/instructions/2025/resident-booklet.pdf,KSe,1/29/2026
2026,MD,single_parent,ctc,credit,per_child,23001,24000,NA,50,2025,"Filers with a federal AGI up to $15,000 can claim a credit of $500 per child. The amount of the credit is reduced by $50 for each $1000, or fraction thereof, by which AGI exceeds $15,000.","Comptroller of Maryland. Maryland 2025 State & Local Tax Forms & Instructions. Annapolis, MD, 2025. Accessed January 29, 2026.",https://www.marylandcomptroller.gov/content/dam/mdcomp/tax/instructions/2025/resident-booklet.pdf,KSe,1/29/2026
2026,MD,single_parent,ctc,credit,per_child,24001,Inf,NA,0,2025,"Filers with a federal AGI up to $15,000 can claim a credit of $500 per child. The amount of the credit is reduced by $50 for each $1000, or fraction thereof, by which AGI exceeds $15,000.","Comptroller of Maryland. Maryland 2025 State & Local Tax Forms & Instructions. Annapolis, MD, 2025. Accessed January 29, 2026.",https://www.marylandcomptroller.gov/content/dam/mdcomp/tax/instructions/2025/resident-booklet.pdf,KSe,1/29/2026
2026,MD,married,ctc,credit,per_child,0,15000,NA,500,2025,"Filers with a federal AGI up to $15,000 can claim a credit of $500 per child. The amount of the credit is reduced by $50 for each $1000, or fraction thereof, by which AGI exceeds $15,000.","Comptroller of Maryland. Maryland 2025 State & Local Tax Forms & Instructions. Annapolis, MD, 2025. Accessed January 29, 2026.",https://www.marylandcomptroller.gov/content/dam/mdcomp/tax/instructions/2025/resident-booklet.pdf,KSe,1/29/2026
2026,MD,married,ctc,credit,per_child,15001,16000,NA,450,2025,"Filers with a federal AGI up to $15,000 can claim a credit of $500 per child. The amount of the credit is reduced by $50 for each $1000, or fraction thereof, by which AGI exceeds $15,000.","Comptroller of Maryland. Maryland 2025 State & Local Tax Forms & Instructions. Annapolis, MD, 2025. Accessed January 29, 2026.",https://www.marylandcomptroller.gov/content/dam/mdcomp/tax/instructions/2025/resident-booklet.pdf,KSe,1/29/2026
2026,MD,married,ctc,credit,per_child,16001,17000,NA,400,2025,"Filers with a federal AGI up to $15,000 can claim a credit of $500 per child. The amount of the credit is reduced by $50 for each $1000, or fraction thereof, by which AGI exceeds $15,000.","Comptroller of Maryland. Maryland 2025 State & Local Tax Forms & Instructions. Annapolis, MD, 2025. Accessed January 29, 2026.",https://www.marylandcomptroller.gov/content/dam/mdcomp/tax/instructions/2025/resident-booklet.pdf,KSe,1/29/2026
2026,MD,married,ctc,credit,per_child,17001,18000,NA,350,2025,"Filers with a federal AGI up to $15,000 can claim a credit of $500 per child. The amount of the credit is reduced by $50 for each $1000, or fraction thereof, by which AGI exceeds $15,000.","Comptroller of Maryland. Maryland 2025 State & Local Tax Forms & Instructions. Annapolis, MD, 2025. Accessed January 29, 2026.",https://www.marylandcomptroller.gov/content/dam/mdcomp/tax/instructions/2025/resident-booklet.pdf,KSe,1/29/2026
2026,MD,married,ctc,credit,per_child,18001,19000,NA,300,2025,"Filers with a federal AGI up to $15,000 can claim a credit of $500 per child. The amount of the credit is reduced by $50 for each $1000, or fraction thereof, by which AGI exceeds $15,000.","Comptroller of Maryland. Maryland 2025 State & Local Tax Forms & Instructions. Annapolis, MD, 2025. Accessed January 29, 2026.",https://www.marylandcomptroller.gov/content/dam/mdcomp/tax/instructions/2025/resident-booklet.pdf,KSe,1/29/2026
2026,MD,married,ctc,credit,per_child,19001,20000,NA,250,2025,"Filers with a federal AGI up to $15,000 can claim a credit of $500 per child. The amount of the credit is reduced by $50 for each $1000, or fraction thereof, by which AGI exceeds $15,000.","Comptroller of Maryland. Maryland 2025 State & Local Tax Forms & Instructions. Annapolis, MD, 2025. Accessed January 29, 2026.",https://www.marylandcomptroller.gov/content/dam/mdcomp/tax/instructions/2025/resident-booklet.pdf,KSe,1/29/2026
2026,MD,married,ctc,credit,per_child,20001,21000,NA,200,2025,"Filers with a federal AGI up to $15,000 can claim a credit of $500 per child. The amount of the credit is reduced by $50 for each $1000, or fraction thereof, by which AGI exceeds $15,000.","Comptroller of Maryland. Maryland 2025 State & Local Tax Forms & Instructions. Annapolis, MD, 2025. Accessed January 29, 2026.",https://www.marylandcomptroller.gov/content/dam/mdcomp/tax/instructions/2025/resident-booklet.pdf,KSe,1/29/2026
2026,MD,married,ctc,credit,per_child,21001,22000,NA,150,2025,"Filers with a federal AGI up to $15,000 can claim a credit of $500 per child. The amount of the credit is reduced by $50 for each $1000, or fraction thereof, by which AGI exceeds $15,000.","Comptroller of Maryland. Maryland 2025 State & Local Tax Forms & Instructions. Annapolis, MD, 2025. Accessed January 29, 2026.",https://www.marylandcomptroller.gov/content/dam/mdcomp/tax/instructions/2025/resident-booklet.pdf,KSe,1/29/2026
2026,MD,married,ctc,credit,per_child,22001,23000,NA,100,2025,"Filers with a federal AGI up to $15,000 can claim a credit of $500 per child. The amount of the credit is reduced by $50 for each $1000, or fraction thereof, by which AGI exceeds $15,000.","Comptroller of Maryland. Maryland 2025 State & Local Tax Forms & Instructions. Annapolis, MD, 2025. Accessed January 29, 2026.",https://www.marylandcomptroller.gov/content/dam/mdcomp/tax/instructions/2025/resident-booklet.pdf,KSe,1/29/2026
2026,MD,married,ctc,credit,per_child,23001,24000,NA,50,2025,"Filers with a federal AGI up to $15,000 can claim a credit of $500 per child. The amount of the credit is reduced by $50 for each $1000, or fraction thereof, by which AGI exceeds $15,000.","Comptroller of Maryland. Maryland 2025 State & Local Tax Forms & Instructions. Annapolis, MD, 2025. Accessed January 29, 2026.",https://www.marylandcomptroller.gov/content/dam/mdcomp/tax/instructions/2025/resident-booklet.pdf,KSe,1/29/2026
2026,MD,married,ctc,credit,per_child,24001,Inf,NA,0,2025,"Filers with a federal AGI up to $15,000 can claim a credit of $500 per child. The amount of the credit is reduced by $50 for each $1000, or fraction thereof, by which AGI exceeds $15,000.","Comptroller of Maryland. Maryland 2025 State & Local Tax Forms & Instructions. Annapolis, MD, 2025. Accessed January 29, 2026.",https://www.marylandcomptroller.gov/content/dam/mdcomp/tax/instructions/2025/resident-booklet.pdf,KSe,1/29/2026
2026,MI,single_adult,property_tax_credit,credit,special_mi_property_tax_credit,0,62500,NA,1,2025,"Income is considered to be income minus health insurance premiums. Formula is value * (MIN(.6*((.23 * rent) - (.032 * income)),1900)).","Michigan Department of Treasury. General Information - Homestead Property Tax Credit (MI-1040CR). Lansing, MI, 2025. Accessed January 29, 2026.",https://www.michigan.gov/taxes/-/media/Project/Websites/taxes/Forms/IIT/TY2025/MI-1040CR-Instr.pdf?rev=e14f1f32452a45fe81c686849ce88658&hash=203BD0E2B0C2E147B4DA7D61DFD3CE3E,KSe,1/29/2026
2026,MI,single_adult,property_tax_credit,credit,special_mi_property_tax_credit,62501,63500,NA,0.9,2025,"Income is considered to be income minus health insurance premiums. Formula is value * (MIN(.6*((.23 * rent) - (.032 * income)),1900)).","Michigan Department of Treasury. General Information - Homestead Property Tax Credit (MI-1040CR). Lansing, MI, 2025. Accessed January 29, 2026.",https://www.michigan.gov/taxes/-/media/Project/Websites/taxes/Forms/IIT/TY2025/MI-1040CR-Instr.pdf?rev=e14f1f32452a45fe81c686849ce88658&hash=203BD0E2B0C2E147B4DA7D61DFD3CE3E,KSe,1/29/2026
2026,MI,single_adult,property_tax_credit,credit,special_mi_property_tax_credit,63501,64500,NA,0.8,2025,"Income is considered to be income minus health insurance premiums. Formula is value * (MIN(.6*((.23 * rent) - (.032 * income)),1900)).","Michigan Department of Treasury. General Information - Homestead Property Tax Credit (MI-1040CR). Lansing, MI, 2025. Accessed January 29, 2026.",https://www.michigan.gov/taxes/-/media/Project/Websites/taxes/Forms/IIT/TY2025/MI-1040CR-Instr.pdf?rev=e14f1f32452a45fe81c686849ce88658&hash=203BD0E2B0C2E147B4DA7D61DFD3CE3E,KSe,1/29/2026
2026,MI,single_adult,property_tax_credit,credit,special_mi_property_tax_credit,64501,65500,NA,0.7,2025,"Income is considered to be income minus health insurance premiums. Formula is value * (MIN(.6*((.23 * rent) - (.032 * income)),1900)).","Michigan Department of Treasury. General Information - Homestead Property Tax Credit (MI-1040CR). Lansing, MI, 2025. Accessed January 29, 2026.",https://www.michigan.gov/taxes/-/media/Project/Websites/taxes/Forms/IIT/TY2025/MI-1040CR-Instr.pdf?rev=e14f1f32452a45fe81c686849ce88658&hash=203BD0E2B0C2E147B4DA7D61DFD3CE3E,KSe,1/29/2026
2026,MI,single_adult,property_tax_credit,credit,special_mi_property_tax_credit,65501,66500,NA,0.6,2025,"Income is considered to be income minus health insurance premiums. Formula is value * (MIN(.6*((.23 * rent) - (.032 * income)),1900)).","Michigan Department of Treasury. General Information - Homestead Property Tax Credit (MI-1040CR). Lansing, MI, 2025. Accessed January 29, 2026.",https://www.michigan.gov/taxes/-/media/Project/Websites/taxes/Forms/IIT/TY2025/MI-1040CR-Instr.pdf?rev=e14f1f32452a45fe81c686849ce88658&hash=203BD0E2B0C2E147B4DA7D61DFD3CE3E,KSe,1/29/2026
2026,MI,single_adult,property_tax_credit,credit,special_mi_property_tax_credit,66501,67500,NA,0.5,2025,"Income is considered to be income minus health insurance premiums. Formula is value * (MIN(.6*((.23 * rent) - (.032 * income)),1900)).","Michigan Department of Treasury. General Information - Homestead Property Tax Credit (MI-1040CR). Lansing, MI, 2025. Accessed January 29, 2026.",https://www.michigan.gov/taxes/-/media/Project/Websites/taxes/Forms/IIT/TY2025/MI-1040CR-Instr.pdf?rev=e14f1f32452a45fe81c686849ce88658&hash=203BD0E2B0C2E147B4DA7D61DFD3CE3E,KSe,1/29/2026
2026,MI,single_adult,property_tax_credit,credit,special_mi_property_tax_credit,67501,68500,NA,0.4,2025,"Income is considered to be income minus health insurance premiums. Formula is value * (MIN(.6*((.23 * rent) - (.032 * income)),1900)).","Michigan Department of Treasury. General Information - Homestead Property Tax Credit (MI-1040CR). Lansing, MI, 2025. Accessed January 29, 2026.",https://www.michigan.gov/taxes/-/media/Project/Websites/taxes/Forms/IIT/TY2025/MI-1040CR-Instr.pdf?rev=e14f1f32452a45fe81c686849ce88658&hash=203BD0E2B0C2E147B4DA7D61DFD3CE3E,KSe,1/29/2026
2026,MI,single_adult,property_tax_credit,credit,special_mi_property_tax_credit,68501,69500,NA,0.3,2025,"Income is considered to be income minus health insurance premiums. Formula is value * (MIN(.6*((.23 * rent) - (.032 * income)),1900)).","Michigan Department of Treasury. General Information - Homestead Property Tax Credit (MI-1040CR). Lansing, MI, 2025. Accessed January 29, 2026.",https://www.michigan.gov/taxes/-/media/Project/Websites/taxes/Forms/IIT/TY2025/MI-1040CR-Instr.pdf?rev=e14f1f32452a45fe81c686849ce88658&hash=203BD0E2B0C2E147B4DA7D61DFD3CE3E,KSe,1/29/2026
2026,MI,single_adult,property_tax_credit,credit,special_mi_property_tax_credit,69501,70500,NA,0.2,2025,"Income is considered to be income minus health insurance premiums. Formula is value * (MIN(.6*((.23 * rent) - (.032 * income)),1900)).","Michigan Department of Treasury. General Information - Homestead Property Tax Credit (MI-1040CR). Lansing, MI, 2025. Accessed January 29, 2026.",https://www.michigan.gov/taxes/-/media/Project/Websites/taxes/Forms/IIT/TY2025/MI-1040CR-Instr.pdf?rev=e14f1f32452a45fe81c686849ce88658&hash=203BD0E2B0C2E147B4DA7D61DFD3CE3E,KSe,1/29/2026
2026,MI,single_adult,property_tax_credit,credit,special_mi_property_tax_credit,70501,71500,NA,0.1,2025,"Income is considered to be income minus health insurance premiums. Formula is value * (MIN(.6*((.23 * rent) - (.032 * income)),1900)).","Michigan Department of Treasury. General Information - Homestead Property Tax Credit (MI-1040CR). Lansing, MI, 2025. Accessed January 29, 2026.",https://www.michigan.gov/taxes/-/media/Project/Websites/taxes/Forms/IIT/TY2025/MI-1040CR-Instr.pdf?rev=e14f1f32452a45fe81c686849ce88658&hash=203BD0E2B0C2E147B4DA7D61DFD3CE3E,KSe,1/29/2026
2026,MI,single_adult,property_tax_credit,credit,special_mi_property_tax_credit,71501,Inf,NA,0,2025,"Income is considered to be income minus health insurance premiums. Formula is value * (MIN(.6*((.23 * rent) - (.032 * income)),1900)).","Michigan Department of Treasury. General Information - Homestead Property Tax Credit (MI-1040CR). Lansing, MI, 2025. Accessed January 29, 2026.",https://www.michigan.gov/taxes/-/media/Project/Websites/taxes/Forms/IIT/TY2025/MI-1040CR-Instr.pdf?rev=e14f1f32452a45fe81c686849ce88658&hash=203BD0E2B0C2E147B4DA7D61DFD3CE3E,KSe,1/29/2026
2026,MI,single_parent,property_tax_credit,credit,special_mi_property_tax_credit,0,62500,NA,1,2025,"Income is considered to be income minus health insurance premiums. Formula is value * (MIN(.6*((.23 * rent) - (.032 * income)),1900)).","Michigan Department of Treasury. General Information - Homestead Property Tax Credit (MI-1040CR). Lansing, MI, 2025. Accessed January 29, 2026.",https://www.michigan.gov/taxes/-/media/Project/Websites/taxes/Forms/IIT/TY2025/MI-1040CR-Instr.pdf?rev=e14f1f32452a45fe81c686849ce88658&hash=203BD0E2B0C2E147B4DA7D61DFD3CE3E,KSe,1/31/2026
2026,MI,single_parent,property_tax_credit,credit,special_mi_property_tax_credit,62501,63500,NA,0.9,2025,"Income is considered to be income minus health insurance premiums. Formula is value * (MIN(.6*((.23 * rent) - (.032 * income)),1900)).","Michigan Department of Treasury. General Information - Homestead Property Tax Credit (MI-1040CR). Lansing, MI, 2025. Accessed January 29, 2026.",https://www.michigan.gov/taxes/-/media/Project/Websites/taxes/Forms/IIT/TY2025/MI-1040CR-Instr.pdf?rev=e14f1f32452a45fe81c686849ce88658&hash=203BD0E2B0C2E147B4DA7D61DFD3CE3E,KSe,1/31/2026
2026,MI,single_parent,property_tax_credit,credit,special_mi_property_tax_credit,63501,64500,NA,0.8,2025,"Income is considered to be income minus health insurance premiums. Formula is value * (MIN(.6*((.23 * rent) - (.032 * income)),1900)).","Michigan Department of Treasury. General Information - Homestead Property Tax Credit (MI-1040CR). Lansing, MI, 2025. Accessed January 29, 2026.",https://www.michigan.gov/taxes/-/media/Project/Websites/taxes/Forms/IIT/TY2025/MI-1040CR-Instr.pdf?rev=e14f1f32452a45fe81c686849ce88658&hash=203BD0E2B0C2E147B4DA7D61DFD3CE3E,KSe,1/31/2026
2026,MI,single_parent,property_tax_credit,credit,special_mi_property_tax_credit,64501,65500,NA,0.7,2025,"Income is considered to be income minus health insurance premiums. Formula is value * (MIN(.6*((.23 * rent) - (.032 * income)),1900)).","Michigan Department of Treasury. General Information - Homestead Property Tax Credit (MI-1040CR). Lansing, MI, 2025. Accessed January 29, 2026.",https://www.michigan.gov/taxes/-/media/Project/Websites/taxes/Forms/IIT/TY2025/MI-1040CR-Instr.pdf?rev=e14f1f32452a45fe81c686849ce88658&hash=203BD0E2B0C2E147B4DA7D61DFD3CE3E,KSe,1/31/2026
2026,MI,single_parent,property_tax_credit,credit,special_mi_property_tax_credit,65501,66500,NA,0.6,2025,"Income is considered to be income minus health insurance premiums. Formula is value * (MIN(.6*((.23 * rent) - (.032 * income)),1900)).","Michigan Department of Treasury. General Information - Homestead Property Tax Credit (MI-1040CR). Lansing, MI, 2025. Accessed January 29, 2026.",https://www.michigan.gov/taxes/-/media/Project/Websites/taxes/Forms/IIT/TY2025/MI-1040CR-Instr.pdf?rev=e14f1f32452a45fe81c686849ce88658&hash=203BD0E2B0C2E147B4DA7D61DFD3CE3E,KSe,1/31/2026
2026,MI,single_parent,property_tax_credit,credit,special_mi_property_tax_credit,66501,67500,NA,0.5,2025,"Income is considered to be income minus health insurance premiums. Formula is value * (MIN(.6*((.23 * rent) - (.032 * income)),1900)).","Michigan Department of Treasury. General Information - Homestead Property Tax Credit (MI-1040CR). Lansing, MI, 2025. Accessed January 29, 2026.",https://www.michigan.gov/taxes/-/media/Project/Websites/taxes/Forms/IIT/TY2025/MI-1040CR-Instr.pdf?rev=e14f1f32452a45fe81c686849ce88658&hash=203BD0E2B0C2E147B4DA7D61DFD3CE3E,KSe,1/31/2026
2026,MI,single_parent,property_tax_credit,credit,special_mi_property_tax_credit,67501,68500,NA,0.4,2025,"Income is considered to be income minus health insurance premiums. Formula is value * (MIN(.6*((.23 * rent) - (.032 * income)),1900)).","Michigan Department of Treasury. General Information - Homestead Property Tax Credit (MI-1040CR). Lansing, MI, 2025. Accessed January 29, 2026.",https://www.michigan.gov/taxes/-/media/Project/Websites/taxes/Forms/IIT/TY2025/MI-1040CR-Instr.pdf?rev=e14f1f32452a45fe81c686849ce88658&hash=203BD0E2B0C2E147B4DA7D61DFD3CE3E,KSe,1/31/2026
2026,MI,single_parent,property_tax_credit,credit,special_mi_property_tax_credit,68501,69500,NA,0.3,2025,"Income is considered to be income minus health insurance premiums. Formula is value * (MIN(.6*((.23 * rent) - (.032 * income)),1900)).","Michigan Department of Treasury. General Information - Homestead Property Tax Credit (MI-1040CR). Lansing, MI, 2025. Accessed January 29, 2026.",https://www.michigan.gov/taxes/-/media/Project/Websites/taxes/Forms/IIT/TY2025/MI-1040CR-Instr.pdf?rev=e14f1f32452a45fe81c686849ce88658&hash=203BD0E2B0C2E147B4DA7D61DFD3CE3E,KSe,1/31/2026
2026,MI,single_parent,property_tax_credit,credit,special_mi_property_tax_credit,69501,70500,NA,0.2,2025,"Income is considered to be income minus health insurance premiums. Formula is value * (MIN(.6*((.23 * rent) - (.032 * income)),1900)).","Michigan Department of Treasury. General Information - Homestead Property Tax Credit (MI-1040CR). Lansing, MI, 2025. Accessed January 29, 2026.",https://www.michigan.gov/taxes/-/media/Project/Websites/taxes/Forms/IIT/TY2025/MI-1040CR-Instr.pdf?rev=e14f1f32452a45fe81c686849ce88658&hash=203BD0E2B0C2E147B4DA7D61DFD3CE3E,KSe,1/31/2026
2026,MI,single_parent,property_tax_credit,credit,special_mi_property_tax_credit,70501,71500,NA,0.1,2025,"Income is considered to be income minus health insurance premiums. Formula is value * (MIN(.6*((.23 * rent) - (.032 * income)),1900)).","Michigan Department of Treasury. General Information - Homestead Property Tax Credit (MI-1040CR). Lansing, MI, 2025. Accessed January 29, 2026.",https://www.michigan.gov/taxes/-/media/Project/Websites/taxes/Forms/IIT/TY2025/MI-1040CR-Instr.pdf?rev=e14f1f32452a45fe81c686849ce88658&hash=203BD0E2B0C2E147B4DA7D61DFD3CE3E,KSe,1/31/2026
2026,MI,single_parent,property_tax_credit,credit,special_mi_property_tax_credit,71501,Inf,NA,0,2025,"Income is considered to be income minus health insurance premiums. Formula is value * (MIN(.6*((.23 * rent) - (.032 * income)),1900)).","Michigan Department of Treasury. General Information - Homestead Property Tax Credit (MI-1040CR). Lansing, MI, 2025. Accessed January 29, 2026.",https://www.michigan.gov/taxes/-/media/Project/Websites/taxes/Forms/IIT/TY2025/MI-1040CR-Instr.pdf?rev=e14f1f32452a45fe81c686849ce88658&hash=203BD0E2B0C2E147B4DA7D61DFD3CE3E,KSe,1/31/2026
2026,MI,married,property_tax_credit,credit,special_mi_property_tax_credit,0,62500,NA,1,2025,"Income is considered to be income minus health insurance premiums. Formula is value * (MIN(.6*((.23 * rent) - (.032 * income)),1900)).","Michigan Department of Treasury. General Information - Homestead Property Tax Credit (MI-1040CR). Lansing, MI, 2025. Accessed January 29, 2026.",https://www.michigan.gov/taxes/-/media/Project/Websites/taxes/Forms/IIT/TY2025/MI-1040CR-Instr.pdf?rev=e14f1f32452a45fe81c686849ce88658&hash=203BD0E2B0C2E147B4DA7D61DFD3CE3E,KSe,1/31/2026
2026,MI,married,property_tax_credit,credit,special_mi_property_tax_credit,62501,63500,NA,0.9,2025,"Income is considered to be income minus health insurance premiums. Formula is value * (MIN(.6*((.23 * rent) - (.032 * income)),1900)).","Michigan Department of Treasury. General Information - Homestead Property Tax Credit (MI-1040CR). Lansing, MI, 2025. Accessed January 29, 2026.",https://www.michigan.gov/taxes/-/media/Project/Websites/taxes/Forms/IIT/TY2025/MI-1040CR-Instr.pdf?rev=e14f1f32452a45fe81c686849ce88658&hash=203BD0E2B0C2E147B4DA7D61DFD3CE3E,KSe,1/31/2026
2026,MI,married,property_tax_credit,credit,special_mi_property_tax_credit,63501,64500,NA,0.8,2025,"Income is considered to be income minus health insurance premiums. Formula is value * (MIN(.6*((.23 * rent) - (.032 * income)),1900)).","Michigan Department of Treasury. General Information - Homestead Property Tax Credit (MI-1040CR). Lansing, MI, 2025. Accessed January 29, 2026.",https://www.michigan.gov/taxes/-/media/Project/Websites/taxes/Forms/IIT/TY2025/MI-1040CR-Instr.pdf?rev=e14f1f32452a45fe81c686849ce88658&hash=203BD0E2B0C2E147B4DA7D61DFD3CE3E,KSe,1/31/2026
2026,MI,married,property_tax_credit,credit,special_mi_property_tax_credit,64501,65500,NA,0.7,2025,"Income is considered to be income minus health insurance premiums. Formula is value * (MIN(.6*((.23 * rent) - (.032 * income)),1900)).","Michigan Department of Treasury. General Information - Homestead Property Tax Credit (MI-1040CR). Lansing, MI, 2025. Accessed January 29, 2026.",https://www.michigan.gov/taxes/-/media/Project/Websites/taxes/Forms/IIT/TY2025/MI-1040CR-Instr.pdf?rev=e14f1f32452a45fe81c686849ce88658&hash=203BD0E2B0C2E147B4DA7D61DFD3CE3E,KSe,1/31/2026
2026,MI,married,property_tax_credit,credit,special_mi_property_tax_credit,65501,66500,NA,0.6,2025,"Income is considered to be income minus health insurance premiums. Formula is value * (MIN(.6*((.23 * rent) - (.032 * income)),1900)).","Michigan Department of Treasury. General Information - Homestead Property Tax Credit (MI-1040CR). Lansing, MI, 2025. Accessed January 29, 2026.",https://www.michigan.gov/taxes/-/media/Project/Websites/taxes/Forms/IIT/TY2025/MI-1040CR-Instr.pdf?rev=e14f1f32452a45fe81c686849ce88658&hash=203BD0E2B0C2E147B4DA7D61DFD3CE3E,KSe,1/31/2026
2026,MI,married,property_tax_credit,credit,special_mi_property_tax_credit,66501,67500,NA,0.5,2025,"Income is considered to be income minus health insurance premiums. Formula is value * (MIN(.6*((.23 * rent) - (.032 * income)),1900)).","Michigan Department of Treasury. General Information - Homestead Property Tax Credit (MI-1040CR). Lansing, MI, 2025. Accessed January 29, 2026.",https://www.michigan.gov/taxes/-/media/Project/Websites/taxes/Forms/IIT/TY2025/MI-1040CR-Instr.pdf?rev=e14f1f32452a45fe81c686849ce88658&hash=203BD0E2B0C2E147B4DA7D61DFD3CE3E,KSe,1/31/2026
2026,MI,married,property_tax_credit,credit,special_mi_property_tax_credit,67501,68500,NA,0.4,2025,"Income is considered to be income minus health insurance premiums. Formula is value * (MIN(.6*((.23 * rent) - (.032 * income)),1900)).","Michigan Department of Treasury. General Information - Homestead Property Tax Credit (MI-1040CR). Lansing, MI, 2025. Accessed January 29, 2026.",https://www.michigan.gov/taxes/-/media/Project/Websites/taxes/Forms/IIT/TY2025/MI-1040CR-Instr.pdf?rev=e14f1f32452a45fe81c686849ce88658&hash=203BD0E2B0C2E147B4DA7D61DFD3CE3E,KSe,1/31/2026
2026,MI,married,property_tax_credit,credit,special_mi_property_tax_credit,68501,69500,NA,0.3,2025,"Income is considered to be income minus health insurance premiums. Formula is value * (MIN(.6*((.23 * rent) - (.032 * income)),1900)).","Michigan Department of Treasury. General Information - Homestead Property Tax Credit (MI-1040CR). Lansing, MI, 2025. Accessed January 29, 2026.",https://www.michigan.gov/taxes/-/media/Project/Websites/taxes/Forms/IIT/TY2025/MI-1040CR-Instr.pdf?rev=e14f1f32452a45fe81c686849ce88658&hash=203BD0E2B0C2E147B4DA7D61DFD3CE3E,KSe,1/31/2026
2026,MI,married,property_tax_credit,credit,special_mi_property_tax_credit,69501,70500,NA,0.2,2025,"Income is considered to be income minus health insurance premiums. Formula is value * (MIN(.6*((.23 * rent) - (.032 * income)),1900)).","Michigan Department of Treasury. General Information - Homestead Property Tax Credit (MI-1040CR). Lansing, MI, 2025. Accessed January 29, 2026.",https://www.michigan.gov/taxes/-/media/Project/Websites/taxes/Forms/IIT/TY2025/MI-1040CR-Instr.pdf?rev=e14f1f32452a45fe81c686849ce88658&hash=203BD0E2B0C2E147B4DA7D61DFD3CE3E,KSe,1/31/2026
2026,MI,married,property_tax_credit,credit,special_mi_property_tax_credit,70501,71500,NA,0.1,2025,"Income is considered to be income minus health insurance premiums. Formula is value * (MIN(.6*((.23 * rent) - (.032 * income)),1900)).","Michigan Department of Treasury. General Information - Homestead Property Tax Credit (MI-1040CR). Lansing, MI, 2025. Accessed January 29, 2026.",https://www.michigan.gov/taxes/-/media/Project/Websites/taxes/Forms/IIT/TY2025/MI-1040CR-Instr.pdf?rev=e14f1f32452a45fe81c686849ce88658&hash=203BD0E2B0C2E147B4DA7D61DFD3CE3E,KSe,1/31/2026
2026,MI,married,property_tax_credit,credit,special_mi_property_tax_credit,71501,Inf,NA,0,2025,"Income is considered to be income minus health insurance premiums. Formula is value * (MIN(.6*((.23 * rent) - (.032 * income)),1900)).","Michigan Department of Treasury. General Information - Homestead Property Tax Credit (MI-1040CR). Lansing, MI, 2025. Accessed January 29, 2026.",https://www.michigan.gov/taxes/-/media/Project/Websites/taxes/Forms/IIT/TY2025/MI-1040CR-Instr.pdf?rev=e14f1f32452a45fe81c686849ce88658&hash=203BD0E2B0C2E147B4DA7D61DFD3CE3E,KSe,1/31/2026
2026,NC,single_parent,dependent_exemption,taxable_income_subtraction,per_child,0,30000,NA,3000,NA,NA,North Carolina Department of Revenue. “North Carolina Child Deduction.” Accessed July 2025. https://www.ncdor.gov/taxes-forms/individual-income-tax/filing-topics/north-carolina-child-deduction,https://www.ncdor.gov/taxes-forms/individual-income-tax/filing-topics/north-carolina-child-deduction,AKu,NA
2026,NC,single_parent,dependent_exemption,taxable_income_subtraction,per_child,30000,45000,NA,2500,NA,NA,North Carolina Department of Revenue. “North Carolina Child Deduction.” Accessed July 2025. https://www.ncdor.gov/taxes-forms/individual-income-tax/filing-topics/north-carolina-child-deduction,https://www.ncdor.gov/taxes-forms/individual-income-tax/filing-topics/north-carolina-child-deduction,AKu,NA
2026,NC,single_parent,dependent_exemption,taxable_income_subtraction,per_child,45000,60000,NA,2000,NA,NA,North Carolina Department of Revenue. “North Carolina Child Deduction.” Accessed July 2025. https://www.ncdor.gov/taxes-forms/individual-income-tax/filing-topics/north-carolina-child-deduction,https://www.ncdor.gov/taxes-forms/individual-income-tax/filing-topics/north-carolina-child-deduction,AKu,NA
2026,NC,single_parent,dependent_exemption,taxable_income_subtraction,per_child,60000,75000,NA,1500,NA,NA,North Carolina Department of Revenue. “North Carolina Child Deduction.” Accessed July 2025. https://www.ncdor.gov/taxes-forms/individual-income-tax/filing-topics/north-carolina-child-deduction,https://www.ncdor.gov/taxes-forms/individual-income-tax/filing-topics/north-carolina-child-deduction,AKu,NA
2026,NC,single_parent,dependent_exemption,taxable_income_subtraction,per_child,75000,90000,NA,1000,NA,NA,North Carolina Department of Revenue. “North Carolina Child Deduction.” Accessed July 2025. https://www.ncdor.gov/taxes-forms/individual-income-tax/filing-topics/north-carolina-child-deduction,https://www.ncdor.gov/taxes-forms/individual-income-tax/filing-topics/north-carolina-child-deduction,AKu,NA
2026,NC,single_parent,dependent_exemption,taxable_income_subtraction,per_child,90000,105000,NA,500,NA,NA,North Carolina Department of Revenue. “North Carolina Child Deduction.” Accessed July 2025. https://www.ncdor.gov/taxes-forms/individual-income-tax/filing-topics/north-carolina-child-deduction,https://www.ncdor.gov/taxes-forms/individual-income-tax/filing-topics/north-carolina-child-deduction,AKu,NA
2026,NC,single_parent,dependent_exemption,taxable_income_subtraction,per_child,105000,Inf,NA,0,NA,NA,North Carolina Department of Revenue. “North Carolina Child Deduction.” Accessed July 2025. https://www.ncdor.gov/taxes-forms/individual-income-tax/filing-topics/north-carolina-child-deduction,https://www.ncdor.gov/taxes-forms/individual-income-tax/filing-topics/north-carolina-child-deduction,AKu,NA
2026,NC,married,dependent_exemption,taxable_income_subtraction,per_child,0,40000,NA,3000,NA,NA,North Carolina Department of Revenue. “North Carolina Child Deduction.” Accessed July 2025. https://www.ncdor.gov/taxes-forms/individual-income-tax/filing-topics/north-carolina-child-deduction,https://www.ncdor.gov/taxes-forms/individual-income-tax/filing-topics/north-carolina-child-deduction,AKu,NA
2026,NC,married,dependent_exemption,taxable_income_subtraction,per_child,40000,60000,NA,2500,NA,NA,North Carolina Department of Revenue. “North Carolina Child Deduction.” Accessed July 2025. https://www.ncdor.gov/taxes-forms/individual-income-tax/filing-topics/north-carolina-child-deduction,https://www.ncdor.gov/taxes-forms/individual-income-tax/filing-topics/north-carolina-child-deduction,AKu,NA
2026,NC,married,dependent_exemption,taxable_income_subtraction,per_child,60000,80000,NA,2000,NA,NA,North Carolina Department of Revenue. “North Carolina Child Deduction.” Accessed July 2025. https://www.ncdor.gov/taxes-forms/individual-income-tax/filing-topics/north-carolina-child-deduction,https://www.ncdor.gov/taxes-forms/individual-income-tax/filing-topics/north-carolina-child-deduction,AKu,NA
2026,NC,married,dependent_exemption,taxable_income_subtraction,per_child,80000,100000,NA,1500,NA,NA,North Carolina Department of Revenue. “North Carolina Child Deduction.” Accessed July 2025. https://www.ncdor.gov/taxes-forms/individual-income-tax/filing-topics/north-carolina-child-deduction,https://www.ncdor.gov/taxes-forms/individual-income-tax/filing-topics/north-carolina-child-deduction,AKu,NA
2026,NC,married,dependent_exemption,taxable_income_subtraction,per_child,100000,120000,NA,1000,NA,NA,North Carolina Department of Revenue. “North Carolina Child Deduction.” Accessed July 2025. https://www.ncdor.gov/taxes-forms/individual-income-tax/filing-topics/north-carolina-child-deduction,https://www.ncdor.gov/taxes-forms/individual-income-tax/filing-topics/north-carolina-child-deduction,AKu,NA
2026,NC,married,dependent_exemption,taxable_income_subtraction,per_child,120000,140000,NA,500,NA,NA,North Carolina Department of Revenue. “North Carolina Child Deduction.” Accessed July 2025. https://www.ncdor.gov/taxes-forms/individual-income-tax/filing-topics/north-carolina-child-deduction,https://www.ncdor.gov/taxes-forms/individual-income-tax/filing-topics/north-carolina-child-deduction,AKu,NA
2026,NC,married,dependent_exemption,taxable_income_subtraction,per_child,140000,Inf,NA,0,NA,NA,North Carolina Department of Revenue. “North Carolina Child Deduction.” Accessed July 2025. https://www.ncdor.gov/taxes-forms/individual-income-tax/filing-topics/north-carolina-child-deduction,https://www.ncdor.gov/taxes-forms/individual-income-tax/filing-topics/north-carolina-child-deduction,AKu,NA
2026,NE,single_parent,child_dependent_care,credit,percent_of_fed_cdctc_estimate,0,22000,NA,1,2025,Calculations are the same as for federal CDCTC through computation of cdctc_estimate (NE 2441N line 10). Multiply cdctc_estimate by decimal amount returned by AGI in second set of brackets.,"Nebraska Department of Revenue. Nebraska Child and Dependent Care Expenses, Form 2441N, 2025. Lincoln, NE, 2025. Accessed February 5, 2026.",https://revenue.nebraska.gov/sites/default/files/doc/tax-forms/2025/f_2441N.pdf,KSe,2/5/2026
2026,NE,single_parent,child_dependent_care,credit,percent_of_fed_cdctc_estimate,22001,23000,NA,0.9,2025,Calculations are the same as for federal CDCTC through computation of cdctc_estimate (NE 2441N line 10). Multiply cdctc_estimate by decimal amount returned by AGI in second set of brackets.,"Nebraska Department of Revenue. Nebraska Child and Dependent Care Expenses, Form 2441N, 2025. Lincoln, NE, 2025. Accessed February 5, 2026.",https://revenue.nebraska.gov/sites/default/files/doc/tax-forms/2025/f_2441N.pdf,KSe,2/5/2026
2026,NE,single_parent,child_dependent_care,credit,percent_of_fed_cdctc_estimate,23001,24000,NA,0.8,2025,Calculations are the same as for federal CDCTC through computation of cdctc_estimate (NE 2441N line 10). Multiply cdctc_estimate by decimal amount returned by AGI in second set of brackets.,"Nebraska Department of Revenue. Nebraska Child and Dependent Care Expenses, Form 2441N, 2025. Lincoln, NE, 2025. Accessed February 5, 2026.",https://revenue.nebraska.gov/sites/default/files/doc/tax-forms/2025/f_2441N.pdf,KSe,2/5/2026
2026,NE,single_parent,child_dependent_care,credit,percent_of_fed_cdctc_estimate,24001,25000,NA,0.7,2025,Calculations are the same as for federal CDCTC through computation of cdctc_estimate (NE 2441N line 10). Multiply cdctc_estimate by decimal amount returned by AGI in second set of brackets.,"Nebraska Department of Revenue. Nebraska Child and Dependent Care Expenses, Form 2441N, 2025. Lincoln, NE, 2025. Accessed February 5, 2026.",https://revenue.nebraska.gov/sites/default/files/doc/tax-forms/2025/f_2441N.pdf,KSe,2/5/2026
2026,NE,single_parent,child_dependent_care,credit,percent_of_fed_cdctc_estimate,25001,26000,NA,0.6,2025,Calculations are the same as for federal CDCTC through computation of cdctc_estimate (NE 2441N line 10). Multiply cdctc_estimate by decimal amount returned by AGI in second set of brackets.,"Nebraska Department of Revenue. Nebraska Child and Dependent Care Expenses, Form 2441N, 2025. Lincoln, NE, 2025. Accessed February 5, 2026.",https://revenue.nebraska.gov/sites/default/files/doc/tax-forms/2025/f_2441N.pdf,KSe,2/5/2026
2026,NE,single_parent,child_dependent_care,credit,percent_of_fed_cdctc_estimate,26001,27000,NA,0.5,2025,Calculations are the same as for federal CDCTC through computation of cdctc_estimate (NE 2441N line 10). Multiply cdctc_estimate by decimal amount returned by AGI in second set of brackets.,"Nebraska Department of Revenue. Nebraska Child and Dependent Care Expenses, Form 2441N, 2025. Lincoln, NE, 2025. Accessed February 5, 2026.",https://revenue.nebraska.gov/sites/default/files/doc/tax-forms/2025/f_2441N.pdf,KSe,2/5/2026
2026,NE,single_parent,child_dependent_care,credit,percent_of_fed_cdctc_estimate,27001,28000,NA,0.4,2025,Calculations are the same as for federal CDCTC through computation of cdctc_estimate (NE 2441N line 10). Multiply cdctc_estimate by decimal amount returned by AGI in second set of brackets.,"Nebraska Department of Revenue. Nebraska Child and Dependent Care Expenses, Form 2441N, 2025. Lincoln, NE, 2025. Accessed February 5, 2026.",https://revenue.nebraska.gov/sites/default/files/doc/tax-forms/2025/f_2441N.pdf,KSe,2/5/2026
2026,NE,single_parent,child_dependent_care,credit,percent_of_fed_cdctc_estimate,28001,29000,NA,0.3,2025,Calculations are the same as for federal CDCTC through computation of cdctc_estimate (NE 2441N line 10). Multiply cdctc_estimate by decimal amount returned by AGI in second set of brackets.,"Nebraska Department of Revenue. Nebraska Child and Dependent Care Expenses, Form 2441N, 2025. Lincoln, NE, 2025. Accessed February 5, 2026.",https://revenue.nebraska.gov/sites/default/files/doc/tax-forms/2025/f_2441N.pdf,KSe,2/5/2026
2026,NE,married,child_dependent_care,credit,percent_of_fed_cdctc_estimate,0,22000,NA,1,2025,Calculations are the same as for federal CDCTC through computation of cdctc_estimate (NE 2441N line 10). Multiply cdctc_estimate by decimal amount returned by AGI in second set of brackets.,"Nebraska Department of Revenue. Nebraska Child and Dependent Care Expenses, Form 2441N, 2025. Lincoln, NE, 2025. Accessed February 5, 2026.",https://revenue.nebraska.gov/sites/default/files/doc/tax-forms/2025/f_2441N.pdf,KSe,2/5/2026
2026,NE,married,child_dependent_care,credit,percent_of_fed_cdctc_estimate,22001,23000,NA,0.9,2025,Calculations are the same as for federal CDCTC through computation of cdctc_estimate (NE 2441N line 10). Multiply cdctc_estimate by decimal amount returned by AGI in second set of brackets.,"Nebraska Department of Revenue. Nebraska Child and Dependent Care Expenses, Form 2441N, 2025. Lincoln, NE, 2025. Accessed February 5, 2026.",https://revenue.nebraska.gov/sites/default/files/doc/tax-forms/2025/f_2441N.pdf,KSe,2/5/2026
2026,NE,married,child_dependent_care,credit,percent_of_fed_cdctc_estimate,23001,24000,NA,0.8,2025,Calculations are the same as for federal CDCTC through computation of cdctc_estimate (NE 2441N line 10). Multiply cdctc_estimate by decimal amount returned by AGI in second set of brackets.,"Nebraska Department of Revenue. Nebraska Child and Dependent Care Expenses, Form 2441N, 2025. Lincoln, NE, 2025. Accessed February 5, 2026.",https://revenue.nebraska.gov/sites/default/files/doc/tax-forms/2025/f_2441N.pdf,KSe,2/5/2026
2026,NE,married,child_dependent_care,credit,percent_of_fed_cdctc_estimate,24001,25000,NA,0.7,2025,Calculations are the same as for federal CDCTC through computation of cdctc_estimate (NE 2441N line 10). Multiply cdctc_estimate by decimal amount returned by AGI in second set of brackets.,"Nebraska Department of Revenue. Nebraska Child and Dependent Care Expenses, Form 2441N, 2025. Lincoln, NE, 2025. Accessed February 5, 2026.",https://revenue.nebraska.gov/sites/default/files/doc/tax-forms/2025/f_2441N.pdf,KSe,2/5/2026
2026,NE,married,child_dependent_care,credit,percent_of_fed_cdctc_estimate,25001,26000,NA,0.6,2025,Calculations are the same as for federal CDCTC through computation of cdctc_estimate (NE 2441N line 10). Multiply cdctc_estimate by decimal amount returned by AGI in second set of brackets.,"Nebraska Department of Revenue. Nebraska Child and Dependent Care Expenses, Form 2441N, 2025. Lincoln, NE, 2025. Accessed February 5, 2026.",https://revenue.nebraska.gov/sites/default/files/doc/tax-forms/2025/f_2441N.pdf,KSe,2/5/2026
2026,NE,married,child_dependent_care,credit,percent_of_fed_cdctc_estimate,26001,27000,NA,0.5,2025,Calculations are the same as for federal CDCTC through computation of cdctc_estimate (NE 2441N line 10). Multiply cdctc_estimate by decimal amount returned by AGI in second set of brackets.,"Nebraska Department of Revenue. Nebraska Child and Dependent Care Expenses, Form 2441N, 2025. Lincoln, NE, 2025. Accessed February 5, 2026.",https://revenue.nebraska.gov/sites/default/files/doc/tax-forms/2025/f_2441N.pdf,KSe,2/5/2026
2026,NE,married,child_dependent_care,credit,percent_of_fed_cdctc_estimate,27001,28000,NA,0.4,2025,Calculations are the same as for federal CDCTC through computation of cdctc_estimate (NE 2441N line 10). Multiply cdctc_estimate by decimal amount returned by AGI in second set of brackets.,"Nebraska Department of Revenue. Nebraska Child and Dependent Care Expenses, Form 2441N, 2025. Lincoln, NE, 2025. Accessed February 5, 2026.",https://revenue.nebraska.gov/sites/default/files/doc/tax-forms/2025/f_2441N.pdf,KSe,2/5/2026
2026,NE,married,child_dependent_care,credit,percent_of_fed_cdctc_estimate,28001,29000,NA,0.3,2025,Calculations are the same as for federal CDCTC through computation of cdctc_estimate (NE 2441N line 10). Multiply cdctc_estimate by decimal amount returned by AGI in second set of brackets.,"Nebraska Department of Revenue. Nebraska Child and Dependent Care Expenses, Form 2441N, 2025. Lincoln, NE, 2025. Accessed February 5, 2026.",https://revenue.nebraska.gov/sites/default/files/doc/tax-forms/2025/f_2441N.pdf,KSe,2/5/2026
2026,NJ,single_parent,child_dependent_care,credit,percent_of_fed_cdctc,0,30000,NA,0.5,2025,"Percentage of federal CDCC, based on NJ taxable income","New Jersey Division of Taxation. New Jersey Resident Return NJ-1040. Trenton, NJ, 2025. Accessed February 5, 2026.",https://nj.gov/treasury/taxation/pdf/current/1040i.pdf,KSe,2/6/2026
2026,NJ,single_parent,child_dependent_care,credit,percent_of_fed_cdctc,30001,60000,NA,0.4,2025,"Percentage of federal CDCC, based on NJ taxable income","New Jersey Division of Taxation. New Jersey Resident Return NJ-1040. Trenton, NJ, 2025. Accessed February 5, 2026.",https://nj.gov/treasury/taxation/pdf/current/1040i.pdf,KSe,2/6/2026
2026,NJ,single_parent,child_dependent_care,credit,percent_of_fed_cdctc,60001,90000,NA,0.3,2025,"Percentage of federal CDCC, based on NJ taxable income","New Jersey Division of Taxation. New Jersey Resident Return NJ-1040. Trenton, NJ, 2025. Accessed February 5, 2026.",https://nj.gov/treasury/taxation/pdf/current/1040i.pdf,KSe,2/6/2026
2026,NJ,single_parent,child_dependent_care,credit,percent_of_fed_cdctc,90001,120000,NA,0.2,2025,"Percentage of federal CDCC, based on NJ taxable income","New Jersey Division of Taxation. New Jersey Resident Return NJ-1040. Trenton, NJ, 2025. Accessed February 5, 2026.",https://nj.gov/treasury/taxation/pdf/current/1040i.pdf,KSe,2/6/2026
2026,NJ,single_parent,child_dependent_care,credit,percent_of_fed_cdctc,120001,150000,NA,0.1,2025,"Percentage of federal CDCC, based on NJ taxable income","New Jersey Division of Taxation. New Jersey Resident Return NJ-1040. Trenton, NJ, 2025. Accessed February 5, 2026.",https://nj.gov/treasury/taxation/pdf/current/1040i.pdf,KSe,2/6/2026
2026,NJ,single_parent,child_dependent_care,credit,percent_of_fed_cdctc,150001,Inf,NA,0,2025,"Percentage of federal CDCC, based on NJ taxable income","New Jersey Division of Taxation. New Jersey Resident Return NJ-1040. Trenton, NJ, 2025. Accessed February 5, 2026.",https://nj.gov/treasury/taxation/pdf/current/1040i.pdf,KSe,2/6/2026
2026,NJ,married,child_dependent_care,credit,percent_of_fed_cdctc,0,30000,NA,0.5,2025,"Percentage of federal CDCC, based on NJ taxable income","New Jersey Division of Taxation. New Jersey Resident Return NJ-1040. Trenton, NJ, 2025. Accessed February 5, 2026.",https://nj.gov/treasury/taxation/pdf/current/1040i.pdf,KSe,2/6/2026
2026,NJ,married,child_dependent_care,credit,percent_of_fed_cdctc,30001,60000,NA,0.4,2025,"Percentage of federal CDCC, based on NJ taxable income","New Jersey Division of Taxation. New Jersey Resident Return NJ-1040. Trenton, NJ, 2025. Accessed February 5, 2026.",https://nj.gov/treasury/taxation/pdf/current/1040i.pdf,KSe,2/6/2026
2026,NJ,married,child_dependent_care,credit,percent_of_fed_cdctc,60001,90000,NA,0.3,2025,"Percentage of federal CDCC, based on NJ taxable income","New Jersey Division of Taxation. New Jersey Resident Return NJ-1040. Trenton, NJ, 2025. Accessed February 5, 2026.",https://nj.gov/treasury/taxation/pdf/current/1040i.pdf,KSe,2/6/2026
2026,NJ,married,child_dependent_care,credit,percent_of_fed_cdctc,90001,120000,NA,0.2,2025,"Percentage of federal CDCC, based on NJ taxable income","New Jersey Division of Taxation. New Jersey Resident Return NJ-1040. Trenton, NJ, 2025. Accessed February 5, 2026.",https://nj.gov/treasury/taxation/pdf/current/1040i.pdf,KSe,2/6/2026
2026,NJ,married,child_dependent_care,credit,percent_of_fed_cdctc,120001,150000,NA,0.1,2025,"Percentage of federal CDCC, based on NJ taxable income","New Jersey Division of Taxation. New Jersey Resident Return NJ-1040. Trenton, NJ, 2025. Accessed February 5, 2026.",https://nj.gov/treasury/taxation/pdf/current/1040i.pdf,KSe,2/6/2026
2026,NJ,married,child_dependent_care,credit,percent_of_fed_cdctc,150001,Inf,NA,0,2025,"Percentage of federal CDCC, based on NJ taxable income","New Jersey Division of Taxation. New Jersey Resident Return NJ-1040. Trenton, NJ, 2025. Accessed February 5, 2026.",https://nj.gov/treasury/taxation/pdf/current/1040i.pdf,KSe,2/6/2026
2026,NJ,single_parent,ctc,credit,per_child_under6,0,30000,NA,1000,2025,"Based on NJ taxable income, per child 5 and under","New Jersey Division of Taxation. New Jersey Resident Return NJ-1040. Trenton, NJ, 2025. Accessed February 5, 2026.",https://nj.gov/treasury/taxation/pdf/current/1040i.pdf,KSe,2/6/2026
2026,NJ,single_parent,ctc,credit,per_child_under6,30001,40000,NA,800,2025,"Based on NJ taxable income, per child 5 and under","New Jersey Division of Taxation. New Jersey Resident Return NJ-1040. Trenton, NJ, 2025. Accessed February 5, 2026.",https://nj.gov/treasury/taxation/pdf/current/1040i.pdf,KSe,2/6/2026
2026,NJ,single_parent,ctc,credit,per_child_under6,40001,50000,NA,600,2025,"Based on NJ taxable income, per child 5 and under","New Jersey Division of Taxation. New Jersey Resident Return NJ-1040. Trenton, NJ, 2025. Accessed February 5, 2026.",https://nj.gov/treasury/taxation/pdf/current/1040i.pdf,KSe,2/6/2026
2026,NJ,single_parent,ctc,credit,per_child_under6,50001,60000,NA,400,2025,"Based on NJ taxable income, per child 5 and under","New Jersey Division of Taxation. New Jersey Resident Return NJ-1040. Trenton, NJ, 2025. Accessed February 5, 2026.",https://nj.gov/treasury/taxation/pdf/current/1040i.pdf,KSe,2/6/2026
2026,NJ,single_parent,ctc,credit,per_child_under6,60001,80000,NA,200,2025,"Based on NJ taxable income, per child 5 and under","New Jersey Division of Taxation. New Jersey Resident Return NJ-1040. Trenton, NJ, 2025. Accessed February 5, 2026.",https://nj.gov/treasury/taxation/pdf/current/1040i.pdf,KSe,2/6/2026
2026,NJ,married,ctc,credit,per_child_under6,0,30000,NA,1000,2025,"Based on NJ taxable income, per child 5 and under","New Jersey Division of Taxation. New Jersey Resident Return NJ-1040. Trenton, NJ, 2025. Accessed February 5, 2026.",https://nj.gov/treasury/taxation/pdf/current/1040i.pdf,KSe,2/6/2026
2026,NJ,married,ctc,credit,per_child_under6,30001,40000,NA,800,2025,"Based on NJ taxable income, per child 5 and under","New Jersey Division of Taxation. New Jersey Resident Return NJ-1040. Trenton, NJ, 2025. Accessed February 5, 2026.",https://nj.gov/treasury/taxation/pdf/current/1040i.pdf,KSe,2/6/2026
2026,NJ,married,ctc,credit,per_child_under6,40001,50000,NA,600,2025,"Based on NJ taxable income, per child 5 and under","New Jersey Division of Taxation. New Jersey Resident Return NJ-1040. Trenton, NJ, 2025. Accessed February 5, 2026.",https://nj.gov/treasury/taxation/pdf/current/1040i.pdf,KSe,2/6/2026
2026,NJ,married,ctc,credit,per_child_under6,50001,60000,NA,400,2025,"Based on NJ taxable income, per child 5 and under","New Jersey Division of Taxation. New Jersey Resident Return NJ-1040. Trenton, NJ, 2025. Accessed February 5, 2026.",https://nj.gov/treasury/taxation/pdf/current/1040i.pdf,KSe,2/6/2026
2026,NJ,married,ctc,credit,per_child_under6,60001,80000,NA,200,2025,"Based on NJ taxable income, per child 5 and under","New Jersey Division of Taxation. New Jersey Resident Return NJ-1040. Trenton, NJ, 2025. Accessed February 5, 2026.",https://nj.gov/treasury/taxation/pdf/current/1040i.pdf,KSe,2/6/2026
2026,NM,single_parent,ctc,credit,per_child,0,25000,NA,637,2025,Based on federal AGI,"New Mexico Taxation and Revenue Department. 2025 Personal Income Tax Form Packet. Santa Fe, NM, 2025. Accessed February 6, 2026. https://www.tax.newmexico.gov/forms-publications/",https://klvg4oyd4j.execute-api.us-west-2.amazonaws.com/prod/PublicFiles/34821a9573ca43e7b06dfad20f5183fd/0558a902-6362-47ca-8e3b-7cca3bc69b9d/2025%20PIT%20Packet_Final.pdf,KSe,2/6/2026
2026,NM,single_parent,ctc,credit,per_child,25001,50000,NA,424,2025,Based on federal AGI,"New Mexico Taxation and Revenue Department. 2025 Personal Income Tax Form Packet. Santa Fe, NM, 2025. Accessed February 6, 2026. https://www.tax.newmexico.gov/forms-publications/",https://klvg4oyd4j.execute-api.us-west-2.amazonaws.com/prod/PublicFiles/34821a9573ca43e7b06dfad20f5183fd/0558a902-6362-47ca-8e3b-7cca3bc69b9d/2025%20PIT%20Packet_Final.pdf,KSe,2/6/2026
2026,NM,single_parent,ctc,credit,per_child,50001,75000,NA,212,2025,Based on federal AGI,"New Mexico Taxation and Revenue Department. 2025 Personal Income Tax Form Packet. Santa Fe, NM, 2025. Accessed February 6, 2026. https://www.tax.newmexico.gov/forms-publications/",https://klvg4oyd4j.execute-api.us-west-2.amazonaws.com/prod/PublicFiles/34821a9573ca43e7b06dfad20f5183fd/0558a902-6362-47ca-8e3b-7cca3bc69b9d/2025%20PIT%20Packet_Final.pdf,KSe,2/6/2026
2026,NM,single_parent,ctc,credit,per_child,75001,100000,NA,106,2025,Based on federal AGI,"New Mexico Taxation and Revenue Department. 2025 Personal Income Tax Form Packet. Santa Fe, NM, 2025. Accessed February 6, 2026. https://www.tax.newmexico.gov/forms-publications/",https://klvg4oyd4j.execute-api.us-west-2.amazonaws.com/prod/PublicFiles/34821a9573ca43e7b06dfad20f5183fd/0558a902-6362-47ca-8e3b-7cca3bc69b9d/2025%20PIT%20Packet_Final.pdf,KSe,2/6/2026
2026,NM,single_parent,ctc,credit,per_child,100001,200000,NA,79,2025,Based on federal AGI,"New Mexico Taxation and Revenue Department. 2025 Personal Income Tax Form Packet. Santa Fe, NM, 2025. Accessed February 6, 2026. https://www.tax.newmexico.gov/forms-publications/",https://klvg4oyd4j.execute-api.us-west-2.amazonaws.com/prod/PublicFiles/34821a9573ca43e7b06dfad20f5183fd/0558a902-6362-47ca-8e3b-7cca3bc69b9d/2025%20PIT%20Packet_Final.pdf,KSe,2/6/2026
2026,NM,single_parent,ctc,credit,per_child,200001,350000,NA,53,2025,Based on federal AGI,"New Mexico Taxation and Revenue Department. 2025 Personal Income Tax Form Packet. Santa Fe, NM, 2025. Accessed February 6, 2026. https://www.tax.newmexico.gov/forms-publications/",https://klvg4oyd4j.execute-api.us-west-2.amazonaws.com/prod/PublicFiles/34821a9573ca43e7b06dfad20f5183fd/0558a902-6362-47ca-8e3b-7cca3bc69b9d/2025%20PIT%20Packet_Final.pdf,KSe,2/6/2026
2026,NM,single_parent,ctc,credit,per_child,350001,Inf,NA,26,2025,Based on federal AGI,"New Mexico Taxation and Revenue Department. 2025 Personal Income Tax Form Packet. Santa Fe, NM, 2025. Accessed February 6, 2026. https://www.tax.newmexico.gov/forms-publications/",https://klvg4oyd4j.execute-api.us-west-2.amazonaws.com/prod/PublicFiles/34821a9573ca43e7b06dfad20f5183fd/0558a902-6362-47ca-8e3b-7cca3bc69b9d/2025%20PIT%20Packet_Final.pdf,KSe,2/6/2026
2026,NM,married,ctc,credit,per_child,0,25000,NA,637,2025,Based on federal AGI,"New Mexico Taxation and Revenue Department. 2025 Personal Income Tax Form Packet. Santa Fe, NM, 2025. Accessed February 6, 2026. https://www.tax.newmexico.gov/forms-publications/",https://klvg4oyd4j.execute-api.us-west-2.amazonaws.com/prod/PublicFiles/34821a9573ca43e7b06dfad20f5183fd/0558a902-6362-47ca-8e3b-7cca3bc69b9d/2025%20PIT%20Packet_Final.pdf,KSe,2/6/2026
2026,NM,married,ctc,credit,per_child,25001,50000,NA,424,2025,Based on federal AGI,"New Mexico Taxation and Revenue Department. 2025 Personal Income Tax Form Packet. Santa Fe, NM, 2025. Accessed February 6, 2026. https://www.tax.newmexico.gov/forms-publications/",https://klvg4oyd4j.execute-api.us-west-2.amazonaws.com/prod/PublicFiles/34821a9573ca43e7b06dfad20f5183fd/0558a902-6362-47ca-8e3b-7cca3bc69b9d/2025%20PIT%20Packet_Final.pdf,KSe,2/6/2026
2026,NM,married,ctc,credit,per_child,50001,75000,NA,212,2025,Based on federal AGI,"New Mexico Taxation and Revenue Department. 2025 Personal Income Tax Form Packet. Santa Fe, NM, 2025. Accessed February 6, 2026. https://www.tax.newmexico.gov/forms-publications/",https://klvg4oyd4j.execute-api.us-west-2.amazonaws.com/prod/PublicFiles/34821a9573ca43e7b06dfad20f5183fd/0558a902-6362-47ca-8e3b-7cca3bc69b9d/2025%20PIT%20Packet_Final.pdf,KSe,2/6/2026
2026,NM,married,ctc,credit,per_child,75001,100000,NA,106,2025,Based on federal AGI,"New Mexico Taxation and Revenue Department. 2025 Personal Income Tax Form Packet. Santa Fe, NM, 2025. Accessed February 6, 2026. https://www.tax.newmexico.gov/forms-publications/",https://klvg4oyd4j.execute-api.us-west-2.amazonaws.com/prod/PublicFiles/34821a9573ca43e7b06dfad20f5183fd/0558a902-6362-47ca-8e3b-7cca3bc69b9d/2025%20PIT%20Packet_Final.pdf,KSe,2/6/2026
2026,NM,married,ctc,credit,per_child,100001,200000,NA,79,2025,Based on federal AGI,"New Mexico Taxation and Revenue Department. 2025 Personal Income Tax Form Packet. Santa Fe, NM, 2025. Accessed February 6, 2026. https://www.tax.newmexico.gov/forms-publications/",https://klvg4oyd4j.execute-api.us-west-2.amazonaws.com/prod/PublicFiles/34821a9573ca43e7b06dfad20f5183fd/0558a902-6362-47ca-8e3b-7cca3bc69b9d/2025%20PIT%20Packet_Final.pdf,KSe,2/6/2026
2026,NM,married,ctc,credit,per_child,200001,350000,NA,53,2025,Based on federal AGI,"New Mexico Taxation and Revenue Department. 2025 Personal Income Tax Form Packet. Santa Fe, NM, 2025. Accessed February 6, 2026. https://www.tax.newmexico.gov/forms-publications/",https://klvg4oyd4j.execute-api.us-west-2.amazonaws.com/prod/PublicFiles/34821a9573ca43e7b06dfad20f5183fd/0558a902-6362-47ca-8e3b-7cca3bc69b9d/2025%20PIT%20Packet_Final.pdf,KSe,2/6/2026
2026,NM,married,ctc,credit,per_child,350001,Inf,NA,26,2025,Based on federal AGI,"New Mexico Taxation and Revenue Department. 2025 Personal Income Tax Form Packet. Santa Fe, NM, 2025. Accessed February 6, 2026. https://www.tax.newmexico.gov/forms-publications/",https://klvg4oyd4j.execute-api.us-west-2.amazonaws.com/prod/PublicFiles/34821a9573ca43e7b06dfad20f5183fd/0558a902-6362-47ca-8e3b-7cca3bc69b9d/2025%20PIT%20Packet_Final.pdf,KSe,2/6/2026
2026,OH,single_adult,exemption_per_person,taxable_income_subtraction,per_person,0,40000,NA,2400,NA,NA,"Ohio Department of Taxation. 2024 IT 1040: Income Tax — Resident Individual Income Tax Booklet. Columbus, OH: Ohio Department of Taxation, 2024. Accessed July 2025. https://dam.assets.ohio.gov/image/upload/v1735920104/tax.ohio.gov/forms/ohio_individual/individual/2024/it1040-booklet.pdf.",https://dam.assets.ohio.gov/image/upload/v1735920104/tax.ohio.gov/forms/ohio_individual/individual/2024/it1040-booklet.pdf,Aku,NA
2026,OH,single_adult,exemption_per_person,taxable_income_subtraction,per_person,40001,80000,NA,2150,NA,NA,"Ohio Department of Taxation. 2024 IT 1040: Income Tax — Resident Individual Income Tax Booklet. Columbus, OH: Ohio Department of Taxation, 2024. Accessed July 2025. https://dam.assets.ohio.gov/image/upload/v1735920104/tax.ohio.gov/forms/ohio_individual/individual/2024/it1040-booklet.pdf.",https://dam.assets.ohio.gov/image/upload/v1735920104/tax.ohio.gov/forms/ohio_individual/individual/2024/it1040-booklet.pdf,Aku,NA
2026,OH,single_adult,exemption_per_person,taxable_income_subtraction,per_person,80000,Inf,NA,1900,NA,NA,"Ohio Department of Taxation. 2024 IT 1040: Income Tax — Resident Individual Income Tax Booklet. Columbus, OH: Ohio Department of Taxation, 2024. Accessed July 2025. https://dam.assets.ohio.gov/image/upload/v1735920104/tax.ohio.gov/forms/ohio_individual/individual/2024/it1040-booklet.pdf.",https://dam.assets.ohio.gov/image/upload/v1735920104/tax.ohio.gov/forms/ohio_individual/individual/2024/it1040-booklet.pdf,AKu,NA
2026,OH,single_parent,exemption_per_person,taxable_income_subtraction,per_person,0,40000,NA,2400,NA,NA,"Ohio Department of Taxation. 2024 IT 1040: Income Tax — Resident Individual Income Tax Booklet. Columbus, OH: Ohio Department of Taxation, 2024. Accessed July 2025. https://dam.assets.ohio.gov/image/upload/v1735920104/tax.ohio.gov/forms/ohio_individual/individual/2024/it1040-booklet.pdf.",https://dam.assets.ohio.gov/image/upload/v1735920104/tax.ohio.gov/forms/ohio_individual/individual/2024/it1040-booklet.pdf,AKu,NA
2026,OH,single_parent,exemption_per_person,taxable_income_subtraction,per_person,40001,80000,NA,2150,NA,NA,"Ohio Department of Taxation. 2024 IT 1040: Income Tax — Resident Individual Income Tax Booklet. Columbus, OH: Ohio Department of Taxation, 2024. Accessed July 2025. https://dam.assets.ohio.gov/image/upload/v1735920104/tax.ohio.gov/forms/ohio_individual/individual/2024/it1040-booklet.pdf.",https://dam.assets.ohio.gov/image/upload/v1735920104/tax.ohio.gov/forms/ohio_individual/individual/2024/it1040-booklet.pdf,AKu,NA
2026,OH,single_parent,exemption_per_person,taxable_income_subtraction,per_person,80000,Inf,NA,1900,NA,NA,"Ohio Department of Taxation. 2024 IT 1040: Income Tax — Resident Individual Income Tax Booklet. Columbus, OH: Ohio Department of Taxation, 2024. Accessed July 2025. https://dam.assets.ohio.gov/image/upload/v1735920104/tax.ohio.gov/forms/ohio_individual/individual/2024/it1040-booklet.pdf.",https://dam.assets.ohio.gov/image/upload/v1735920104/tax.ohio.gov/forms/ohio_individual/individual/2024/it1040-booklet.pdf,AKu,NA
2026,OH,married,exemption_per_person,taxable_income_subtraction,per_person,0,40000,NA,2400,NA,NA,"Ohio Department of Taxation. 2024 IT 1040: Income Tax — Resident Individual Income Tax Booklet. Columbus, OH: Ohio Department of Taxation, 2024. Accessed July 2025. https://dam.assets.ohio.gov/image/upload/v1735920104/tax.ohio.gov/forms/ohio_individual/individual/2024/it1040-booklet.pdf.",https://dam.assets.ohio.gov/image/upload/v1735920104/tax.ohio.gov/forms/ohio_individual/individual/2024/it1040-booklet.pdf,AKu,NA
2026,OH,married,exemption_per_person,taxable_income_subtraction,per_person,40001,80000,NA,2150,NA,NA,"Ohio Department of Taxation. 2024 IT 1040: Income Tax — Resident Individual Income Tax Booklet. Columbus, OH: Ohio Department of Taxation, 2024. Accessed July 2025. https://dam.assets.ohio.gov/image/upload/v1735920104/tax.ohio.gov/forms/ohio_individual/individual/2024/it1040-booklet.pdf.",https://dam.assets.ohio.gov/image/upload/v1735920104/tax.ohio.gov/forms/ohio_individual/individual/2024/it1040-booklet.pdf,AKu,NA
2026,OH,married,exemption_per_person,taxable_income_subtraction,per_person,80000,Inf,NA,1900,NA,NA,"Ohio Department of Taxation. 2024 IT 1040: Income Tax — Resident Individual Income Tax Booklet. Columbus, OH: Ohio Department of Taxation, 2024. Accessed July 2025. https://dam.assets.ohio.gov/image/upload/v1735920104/tax.ohio.gov/forms/ohio_individual/individual/2024/it1040-booklet.pdf.",https://dam.assets.ohio.gov/image/upload/v1735920104/tax.ohio.gov/forms/ohio_individual/individual/2024/it1040-booklet.pdf,AKu,NA
2026,OH,single_parent,child_dependent_care,credit,percent_of_fed_cdctc_estimate,0,15000,NA,0.35,2025,"If modified AGI < 20000, look up federal AGI in this bracket and multiply (3000 (one child) | 6000 (two children)) by the corresponding decimal. If 20000 <= AGI < 40000, the credit is .25 * federal CDCC.","Ohio Department of Taxation. Instructions for Filing Original and Amended: Individual Income Tax (IT 1040), School District Income Tax (SD 100). Columbus, OH, 2025. Accessed February 7, 2026.",https://dam.assets.ohio.gov/image/upload/v1767095693/tax.ohio.gov/forms/ohio_individual/individual/2025/it1040-booklet.pdf,KSe,2/7/2026
2026,OH,single_parent,child_dependent_care,credit,percent_of_fed_cdctc_estimate,15001,17000,NA,0.34,2025,"If modified AGI < 20000, look up federal AGI in this bracket and multiply (3000 (one child) | 6000 (two children)) by the corresponding decimal. If 20000 <= AGI < 40000, the credit is .25 * federal CDCC.","Ohio Department of Taxation. Instructions for Filing Original and Amended: Individual Income Tax (IT 1040), School District Income Tax (SD 100). Columbus, OH, 2025. Accessed February 7, 2026.",https://dam.assets.ohio.gov/image/upload/v1767095693/tax.ohio.gov/forms/ohio_individual/individual/2025/it1040-booklet.pdf,KSe,2/7/2026
2026,OH,single_parent,child_dependent_care,credit,percent_of_fed_cdctc_estimate,17001,19000,NA,0.33,2025,"If modified AGI < 20000, look up federal AGI in this bracket and multiply (3000 (one child) | 6000 (two children)) by the corresponding decimal. If 20000 <= AGI < 40000, the credit is .25 * federal CDCC.","Ohio Department of Taxation. Instructions for Filing Original and Amended: Individual Income Tax (IT 1040), School District Income Tax (SD 100). Columbus, OH, 2025. Accessed February 7, 2026.",https://dam.assets.ohio.gov/image/upload/v1767095693/tax.ohio.gov/forms/ohio_individual/individual/2025/it1040-booklet.pdf,KSe,2/7/2026
2026,OH,single_parent,child_dependent_care,credit,percent_of_fed_cdctc_estimate,19001,19999,NA,0.32,2025,"If modified AGI < 20000, look up federal AGI in this bracket and multiply (3000 (one child) | 6000 (two children)) by the corresponding decimal. If 20000 <= AGI < 40000, the credit is .25 * federal CDCC.","Ohio Department of Taxation. Instructions for Filing Original and Amended: Individual Income Tax (IT 1040), School District Income Tax (SD 100). Columbus, OH, 2025. Accessed February 7, 2026.",https://dam.assets.ohio.gov/image/upload/v1767095693/tax.ohio.gov/forms/ohio_individual/individual/2025/it1040-booklet.pdf,KSe,2/7/2026
2026,OH,married,child_dependent_care,credit,percent_of_fed_cdctc_estimate,0,15000,NA,0.35,2025,"If modified AGI < 20000, look up federal AGI in this bracket and multiply (3000 (one child) | 6000 (two children)) by the corresponding decimal. If 20000 <= AGI < 40000, the credit is .25 * federal CDCC.","Ohio Department of Taxation. Instructions for Filing Original and Amended: Individual Income Tax (IT 1040), School District Income Tax (SD 100). Columbus, OH, 2025. Accessed February 7, 2026.",https://dam.assets.ohio.gov/image/upload/v1767095693/tax.ohio.gov/forms/ohio_individual/individual/2025/it1040-booklet.pdf,KSe,2/7/2026
2026,OH,married,child_dependent_care,credit,percent_of_fed_cdctc_estimate,15001,17000,NA,0.34,2025,"If modified AGI < 20000, look up federal AGI in this bracket and multiply (3000 (one child) | 6000 (two children)) by the corresponding decimal. If 20000 <= AGI < 40000, the credit is .25 * federal CDCC.","Ohio Department of Taxation. Instructions for Filing Original and Amended: Individual Income Tax (IT 1040), School District Income Tax (SD 100). Columbus, OH, 2025. Accessed February 7, 2026.",https://dam.assets.ohio.gov/image/upload/v1767095693/tax.ohio.gov/forms/ohio_individual/individual/2025/it1040-booklet.pdf,KSe,2/7/2026
2026,OH,married,child_dependent_care,credit,percent_of_fed_cdctc_estimate,17001,19000,NA,0.33,2025,"If modified AGI < 20000, look up federal AGI in this bracket and multiply (3000 (one child) | 6000 (two children)) by the corresponding decimal. If 20000 <= AGI < 40000, the credit is .25 * federal CDCC.","Ohio Department of Taxation. Instructions for Filing Original and Amended: Individual Income Tax (IT 1040), School District Income Tax (SD 100). Columbus, OH, 2025. Accessed February 7, 2026.",https://dam.assets.ohio.gov/image/upload/v1767095693/tax.ohio.gov/forms/ohio_individual/individual/2025/it1040-booklet.pdf,KSe,2/7/2026
2026,OH,married,child_dependent_care,credit,percent_of_fed_cdctc_estimate,19001,19999,NA,0.32,2025,"If modified AGI < 20000, look up federal AGI in this bracket and multiply (3000 (one child) | 6000 (two children)) by the corresponding decimal. If 20000 <= AGI < 40000, the credit is .25 * federal CDCC.","Ohio Department of Taxation. Instructions for Filing Original and Amended: Individual Income Tax (IT 1040), School District Income Tax (SD 100). Columbus, OH, 2025. Accessed February 7, 2026.",https://dam.assets.ohio.gov/image/upload/v1767095693/tax.ohio.gov/forms/ohio_individual/individual/2025/it1040-booklet.pdf,KSe,2/7/2026
2026,OH,married,marriage_credit,credit,percent_of_state_tax_minus_nonref_credits,0,25000,NA,0.2,2025,"Called ""joint filing credit"" and functions like marriage credit. Income is modified AGI minus exemptions. Calculate tax minus nonrefundable credits, multiply by value from bracket, maximum of $650.","Ohio Department of Taxation. Instructions for Filing Original and Amended: Individual Income Tax (IT 1040), School District Income Tax (SD 100). Columbus, OH, 2025. Accessed February 7, 2026.",https://dam.assets.ohio.gov/image/upload/v1767095693/tax.ohio.gov/forms/ohio_individual/individual/2025/it1040-booklet.pdf,KSe,2/9/2026
2026,OH,married,marriage_credit,credit,percent_of_state_tax_minus_nonref_credits,25001,50000,NA,0.15,2025,"Called ""joint filing credit"" and functions like marriage credit. Income is modified AGI minus exemptions. Calculate tax minus nonrefundable credits, multiply by value from bracket, maximum of $650.","Ohio Department of Taxation. Instructions for Filing Original and Amended: Individual Income Tax (IT 1040), School District Income Tax (SD 100). Columbus, OH, 2025. Accessed February 7, 2026.",https://dam.assets.ohio.gov/image/upload/v1767095693/tax.ohio.gov/forms/ohio_individual/individual/2025/it1040-booklet.pdf,KSe,2/9/2026
2026,OH,married,marriage_credit,credit,percent_of_state_tax_minus_nonref_credits,50001,75000,NA,0.1,2025,"Called ""joint filing credit"" and functions like marriage credit. Income is modified AGI minus exemptions. Calculate tax minus nonrefundable credits, multiply by value from bracket, maximum of $650.","Ohio Department of Taxation. Instructions for Filing Original and Amended: Individual Income Tax (IT 1040), School District Income Tax (SD 100). Columbus, OH, 2025. Accessed February 7, 2026.",https://dam.assets.ohio.gov/image/upload/v1767095693/tax.ohio.gov/forms/ohio_individual/individual/2025/it1040-booklet.pdf,KSe,2/9/2026
2026,OH,married,marriage_credit,credit,percent_of_state_tax_minus_nonref_credits,75001,749999,NA,0.05,2025,"Called ""joint filing credit"" and functions like marriage credit. Income is modified AGI minus exemptions. Calculate tax minus nonrefundable credits, multiply by value from bracket, maximum of $650.","Ohio Department of Taxation. Instructions for Filing Original and Amended: Individual Income Tax (IT 1040), School District Income Tax (SD 100). Columbus, OH, 2025. Accessed February 7, 2026.",https://dam.assets.ohio.gov/image/upload/v1767095693/tax.ohio.gov/forms/ohio_individual/individual/2025/it1040-booklet.pdf,KSe,2/9/2026
2026,OR,single_adult,federal_tax_liability_subtraction,taxable_income_subtraction,NA,0,125000,NA,8250,NA,Max of the value from this bracket OR $8250,"Oregon Department of Revenue. Form OR‑40 Instructions and Schedules, 2024. Salem: State of Oregon, 2024. Accessed July 14, 2025. https://www.oregon.gov/dor/forms/FormsPubs/form-or-40-inst_101-040-1_2024.pdf",https://www.oregon.gov/dor/forms/FormsPubs/form-or-40-inst_101-040-1_2024.pdf?utm_source=chatgpt.com,AKu,NA
2026,OR,single_adult,federal_tax_liability_subtraction,taxable_income_subtraction,NA,125000,130000,NA,6600,NA,Max of the value from this bracket OR $8251,"Oregon Department of Revenue. Form OR‑40 Instructions and Schedules, 2024. Salem: State of Oregon, 2024. Accessed July 14, 2025. https://www.oregon.gov/dor/forms/FormsPubs/form-or-40-inst_101-040-1_2024.pdf",https://www.oregon.gov/dor/forms/FormsPubs/form-or-40-inst_101-040-1_2024.pdf?utm_source=chatgpt.com,AKu,NA
2026,OR,single_adult,federal_tax_liability_subtraction,taxable_income_subtraction,NA,130000,135000,NA,4950,NA,Max of the value from this bracket OR $8252,"Oregon Department of Revenue. Form OR‑40 Instructions and Schedules, 2024. Salem: State of Oregon, 2024. Accessed July 14, 2025. https://www.oregon.gov/dor/forms/FormsPubs/form-or-40-inst_101-040-1_2024.pdf",https://www.oregon.gov/dor/forms/FormsPubs/form-or-40-inst_101-040-1_2024.pdf?utm_source=chatgpt.com,AKu,NA
2026,OR,single_adult,federal_tax_liability_subtraction,taxable_income_subtraction,NA,135000,140000,NA,3300,NA,Max of the value from this bracket OR $8253,"Oregon Department of Revenue. Form OR‑40 Instructions and Schedules, 2024. Salem: State of Oregon, 2024. Accessed July 14, 2025. https://www.oregon.gov/dor/forms/FormsPubs/form-or-40-inst_101-040-1_2024.pdf",https://www.oregon.gov/dor/forms/FormsPubs/form-or-40-inst_101-040-1_2024.pdf?utm_source=chatgpt.com,AKu,NA
2026,OR,single_adult,federal_tax_liability_subtraction,taxable_income_subtraction,NA,140000,145000,NA,1650,NA,Max of the value from this bracket OR $8254,"Oregon Department of Revenue. Form OR‑40 Instructions and Schedules, 2024. Salem: State of Oregon, 2024. Accessed July 14, 2025. https://www.oregon.gov/dor/forms/FormsPubs/form-or-40-inst_101-040-1_2024.pdf",https://www.oregon.gov/dor/forms/FormsPubs/form-or-40-inst_101-040-1_2024.pdf?utm_source=chatgpt.com,AKu,NA
2026,OR,single_adult,federal_tax_liability_subtraction,taxable_income_subtraction,NA,145000,Inf,NA,0,NA,Max of the value from this bracket OR $8255,"Oregon Department of Revenue. Form OR‑40 Instructions and Schedules, 2024. Salem: State of Oregon, 2024. Accessed July 14, 2025. https://www.oregon.gov/dor/forms/FormsPubs/form-or-40-inst_101-040-1_2024.pdf",https://www.oregon.gov/dor/forms/FormsPubs/form-or-40-inst_101-040-1_2024.pdf?utm_source=chatgpt.com,AKu,NA
2026,OR,single_parent,federal_tax_liability_subtraction,taxable_income_subtraction,NA,0,250000,NA,8250,NA,Max of the value from this bracket OR $8256,"Oregon Department of Revenue. Form OR‑40 Instructions and Schedules, 2024. Salem: State of Oregon, 2024. Accessed July 14, 2025. https://www.oregon.gov/dor/forms/FormsPubs/form-or-40-inst_101-040-1_2024.pdf",https://www.oregon.gov/dor/forms/FormsPubs/form-or-40-inst_101-040-1_2024.pdf?utm_source=chatgpt.com,AKu,NA
2026,OR,single_parent,federal_tax_liability_subtraction,taxable_income_subtraction,NA,250000,260000,NA,6600,NA,Max of the value from this bracket OR $8257,"Oregon Department of Revenue. Form OR‑40 Instructions and Schedules, 2024. Salem: State of Oregon, 2024. Accessed July 14, 2025. https://www.oregon.gov/dor/forms/FormsPubs/form-or-40-inst_101-040-1_2024.pdf",https://www.oregon.gov/dor/forms/FormsPubs/form-or-40-inst_101-040-1_2024.pdf?utm_source=chatgpt.com,AKu,NA
2026,OR,single_parent,federal_tax_liability_subtraction,taxable_income_subtraction,NA,260000,270000,NA,4950,NA,Max of the value from this bracket OR $8258,"Oregon Department of Revenue. Form OR‑40 Instructions and Schedules, 2024. Salem: State of Oregon, 2024. Accessed July 14, 2025. https://www.oregon.gov/dor/forms/FormsPubs/form-or-40-inst_101-040-1_2024.pdf",https://www.oregon.gov/dor/forms/FormsPubs/form-or-40-inst_101-040-1_2024.pdf?utm_source=chatgpt.com,AKu,NA
2026,OR,single_parent,federal_tax_liability_subtraction,taxable_income_subtraction,NA,270000,280000,NA,3300,NA,Max of the value from this bracket OR $8259,"Oregon Department of Revenue. Form OR‑40 Instructions and Schedules, 2024. Salem: State of Oregon, 2024. Accessed July 14, 2025. https://www.oregon.gov/dor/forms/FormsPubs/form-or-40-inst_101-040-1_2024.pdf",https://www.oregon.gov/dor/forms/FormsPubs/form-or-40-inst_101-040-1_2024.pdf?utm_source=chatgpt.com,AKu,NA
2026,OR,single_parent,federal_tax_liability_subtraction,taxable_income_subtraction,NA,280000,290000,NA,1650,NA,Max of the value from this bracket OR $8260,"Oregon Department of Revenue. Form OR‑40 Instructions and Schedules, 2024. Salem: State of Oregon, 2024. Accessed July 14, 2025. https://www.oregon.gov/dor/forms/FormsPubs/form-or-40-inst_101-040-1_2024.pdf",https://www.oregon.gov/dor/forms/FormsPubs/form-or-40-inst_101-040-1_2024.pdf?utm_source=chatgpt.com,AKu,NA
2026,OR,single_parent,federal_tax_liability_subtraction,taxable_income_subtraction,NA,290000,Inf,NA,0,NA,Max of the value from this bracket OR $8261,"Oregon Department of Revenue. Form OR‑40 Instructions and Schedules, 2024. Salem: State of Oregon, 2024. Accessed July 14, 2025. https://www.oregon.gov/dor/forms/FormsPubs/form-or-40-inst_101-040-1_2024.pdf",https://www.oregon.gov/dor/forms/FormsPubs/form-or-40-inst_101-040-1_2024.pdf?utm_source=chatgpt.com,AKu,NA
2026,OR,married,federal_tax_liability_subtraction,taxable_income_subtraction,NA,0,250000,NA,8250,NA,Max of the value from this bracket OR $8262,"Oregon Department of Revenue. Form OR‑40 Instructions and Schedules, 2024. Salem: State of Oregon, 2024. Accessed July 14, 2025. https://www.oregon.gov/dor/forms/FormsPubs/form-or-40-inst_101-040-1_2024.pdf",https://www.oregon.gov/dor/forms/FormsPubs/form-or-40-inst_101-040-1_2024.pdf?utm_source=chatgpt.com,AKu,NA
2026,OR,married,federal_tax_liability_subtraction,taxable_income_subtraction,NA,250000,260000,NA,6600,NA,Max of the value from this bracket OR $8263,"Oregon Department of Revenue. Form OR‑40 Instructions and Schedules, 2024. Salem: State of Oregon, 2024. Accessed July 14, 2025. https://www.oregon.gov/dor/forms/FormsPubs/form-or-40-inst_101-040-1_2024.pdf",https://www.oregon.gov/dor/forms/FormsPubs/form-or-40-inst_101-040-1_2024.pdf?utm_source=chatgpt.com,AKu,NA
2026,OR,married,federal_tax_liability_subtraction,taxable_income_subtraction,NA,260000,270000,NA,4950,NA,Max of the value from this bracket OR $8264,"Oregon Department of Revenue. Form OR‑40 Instructions and Schedules, 2024. Salem: State of Oregon, 2024. Accessed July 14, 2025. https://www.oregon.gov/dor/forms/FormsPubs/form-or-40-inst_101-040-1_2024.pdf",https://www.oregon.gov/dor/forms/FormsPubs/form-or-40-inst_101-040-1_2024.pdf?utm_source=chatgpt.com,AKu,NA
2026,OR,married,federal_tax_liability_subtraction,taxable_income_subtraction,NA,270000,280000,NA,3300,NA,Max of the value from this bracket OR $8265,"Oregon Department of Revenue. Form OR‑40 Instructions and Schedules, 2024. Salem: State of Oregon, 2024. Accessed July 14, 2025. https://www.oregon.gov/dor/forms/FormsPubs/form-or-40-inst_101-040-1_2024.pdf",https://www.oregon.gov/dor/forms/FormsPubs/form-or-40-inst_101-040-1_2024.pdf?utm_source=chatgpt.com,AKu,NA
2026,OR,married,federal_tax_liability_subtraction,taxable_income_subtraction,NA,280000,290000,NA,1650,NA,Max of the value from this bracket OR $8266,"Oregon Department of Revenue. Form OR‑40 Instructions and Schedules, 2024. Salem: State of Oregon, 2024. Accessed July 14, 2025. https://www.oregon.gov/dor/forms/FormsPubs/form-or-40-inst_101-040-1_2024.pdf",https://www.oregon.gov/dor/forms/FormsPubs/form-or-40-inst_101-040-1_2024.pdf?utm_source=chatgpt.com,AKu,NA
2026,OR,married,federal_tax_liability_subtraction,taxable_income_subtraction,NA,290000,Inf,NA,0,NA,Max of the value from this bracket OR $8267,"Oregon Department of Revenue. Form OR‑40 Instructions and Schedules, 2024. Salem: State of Oregon, 2024. Accessed July 14, 2025. https://www.oregon.gov/dor/forms/FormsPubs/form-or-40-inst_101-040-1_2024.pdf",https://www.oregon.gov/dor/forms/FormsPubs/form-or-40-inst_101-040-1_2024.pdf?utm_source=chatgpt.com,AKu,NA
2026,NY,single_adult,property_tax_credit,credit,percent_of_fed_agi,0,3000,NA,0.035,2025,"Based on federal AGI, ineligible if over 18000. See second bracket for credit computation.","New York Department of Taxation and Finance. Claim for Real Property Tax Credit For Homeowners and Renters: IT-214. Albany, NY, 2025. Accessed February 7, 2026.",https://www.tax.ny.gov/pdf/current_forms/it/it214_fill_in_2d.pdf,KSe,2/7/2026
2026,NY,single_adult,property_tax_credit,credit,percent_of_fed_agi,3001,5000,NA,0.04,2025,"Based on federal AGI, ineligible if over 18000. See second bracket for credit computation.","New York Department of Taxation and Finance. Claim for Real Property Tax Credit For Homeowners and Renters: IT-214. Albany, NY, 2025. Accessed February 7, 2026.",https://www.tax.ny.gov/pdf/current_forms/it/it214_fill_in_2d.pdf,KSe,2/7/2026
2026,NY,single_adult,property_tax_credit,credit,percent_of_fed_agi,5001,7000,NA,0.045,2025,"Based on federal AGI, ineligible if over 18000. See second bracket for credit computation.","New York Department of Taxation and Finance. Claim for Real Property Tax Credit For Homeowners and Renters: IT-214. Albany, NY, 2025. Accessed February 7, 2026.",https://www.tax.ny.gov/pdf/current_forms/it/it214_fill_in_2d.pdf,KSe,2/7/2026
2026,NY,single_adult,property_tax_credit,credit,percent_of_fed_agi,7001,9000,NA,0.05,2025,"Based on federal AGI, ineligible if over 18000. See second bracket for credit computation.","New York Department of Taxation and Finance. Claim for Real Property Tax Credit For Homeowners and Renters: IT-214. Albany, NY, 2025. Accessed February 7, 2026.",https://www.tax.ny.gov/pdf/current_forms/it/it214_fill_in_2d.pdf,KSe,2/7/2026
2026,NY,single_adult,property_tax_credit,credit,percent_of_fed_agi,9001,11000,NA,0.055,2025,"Based on federal AGI, ineligible if over 18000. See second bracket for credit computation.","New York Department of Taxation and Finance. Claim for Real Property Tax Credit For Homeowners and Renters: IT-214. Albany, NY, 2025. Accessed February 7, 2026.",https://www.tax.ny.gov/pdf/current_forms/it/it214_fill_in_2d.pdf,KSe,2/7/2026
2026,NY,single_adult,property_tax_credit,credit,percent_of_fed_agi,11001,14000,NA,0.06,2025,"Based on federal AGI, ineligible if over 18000. See second bracket for credit computation.","New York Department of Taxation and Finance. Claim for Real Property Tax Credit For Homeowners and Renters: IT-214. Albany, NY, 2025. Accessed February 7, 2026.",https://www.tax.ny.gov/pdf/current_forms/it/it214_fill_in_2d.pdf,KSe,2/7/2026
2026,NY,single_adult,property_tax_credit,credit,percent_of_fed_agi,14001,18000,NA,0.065,2025,"Based on federal AGI, ineligible if over 18000. See second bracket for credit computation.","New York Department of Taxation and Finance. Claim for Real Property Tax Credit For Homeowners and Renters: IT-214. Albany, NY, 2025. Accessed February 7, 2026.",https://www.tax.ny.gov/pdf/current_forms/it/it214_fill_in_2d.pdf,KSe,2/7/2026
2026,NY,single_parent,property_tax_credit,credit,percent_of_fed_agi,0,3000,NA,0.035,2025,"Based on federal AGI, ineligible if over 18000. See second bracket for credit computation.","New York Department of Taxation and Finance. Claim for Real Property Tax Credit For Homeowners and Renters: IT-214. Albany, NY, 2025. Accessed February 7, 2026.",https://www.tax.ny.gov/pdf/current_forms/it/it214_fill_in_2d.pdf,KSe,2/7/2026
2026,NY,single_parent,property_tax_credit,credit,percent_of_fed_agi,3001,5000,NA,0.04,2025,"Based on federal AGI, ineligible if over 18000. See second bracket for credit computation.","New York Department of Taxation and Finance. Claim for Real Property Tax Credit For Homeowners and Renters: IT-214. Albany, NY, 2025. Accessed February 7, 2026.",https://www.tax.ny.gov/pdf/current_forms/it/it214_fill_in_2d.pdf,KSe,2/7/2026
2026,NY,single_parent,property_tax_credit,credit,percent_of_fed_agi,5001,7000,NA,0.045,2025,"Based on federal AGI, ineligible if over 18000. See second bracket for credit computation.","New York Department of Taxation and Finance. Claim for Real Property Tax Credit For Homeowners and Renters: IT-214. Albany, NY, 2025. Accessed February 7, 2026.",https://www.tax.ny.gov/pdf/current_forms/it/it214_fill_in_2d.pdf,KSe,2/7/2026
2026,NY,single_parent,property_tax_credit,credit,percent_of_fed_agi,7001,9000,NA,0.05,2025,"Based on federal AGI, ineligible if over 18000. See second bracket for credit computation.","New York Department of Taxation and Finance. Claim for Real Property Tax Credit For Homeowners and Renters: IT-214. Albany, NY, 2025. Accessed February 7, 2026.",https://www.tax.ny.gov/pdf/current_forms/it/it214_fill_in_2d.pdf,KSe,2/7/2026
2026,NY,single_parent,property_tax_credit,credit,percent_of_fed_agi,9001,11000,NA,0.055,2025,"Based on federal AGI, ineligible if over 18000. See second bracket for credit computation.","New York Department of Taxation and Finance. Claim for Real Property Tax Credit For Homeowners and Renters: IT-214. Albany, NY, 2025. Accessed February 7, 2026.",https://www.tax.ny.gov/pdf/current_forms/it/it214_fill_in_2d.pdf,KSe,2/7/2026
2026,NY,single_parent,property_tax_credit,credit,percent_of_fed_agi,11001,14000,NA,0.06,2025,"Based on federal AGI, ineligible if over 18000. See second bracket for credit computation.","New York Department of Taxation and Finance. Claim for Real Property Tax Credit For Homeowners and Renters: IT-214. Albany, NY, 2025. Accessed February 7, 2026.",https://www.tax.ny.gov/pdf/current_forms/it/it214_fill_in_2d.pdf,KSe,2/7/2026
2026,NY,single_parent,property_tax_credit,credit,percent_of_fed_agi,14001,18000,NA,0.065,2025,"Based on federal AGI, ineligible if over 18000. See second bracket for credit computation.","New York Department of Taxation and Finance. Claim for Real Property Tax Credit For Homeowners and Renters: IT-214. Albany, NY, 2025. Accessed February 7, 2026.",https://www.tax.ny.gov/pdf/current_forms/it/it214_fill_in_2d.pdf,KSe,2/7/2026
2026,NY,married,property_tax_credit,credit,percent_of_fed_agi,0,3000,NA,0.035,2025,"Based on federal AGI, ineligible if over 18000. See second bracket for credit computation.","New York Department of Taxation and Finance. Claim for Real Property Tax Credit For Homeowners and Renters: IT-214. Albany, NY, 2025. Accessed February 7, 2026.",https://www.tax.ny.gov/pdf/current_forms/it/it214_fill_in_2d.pdf,KSe,2/7/2026
2026,NY,married,property_tax_credit,credit,percent_of_fed_agi,3001,5000,NA,0.04,2025,"Based on federal AGI, ineligible if over 18000. See second bracket for credit computation.","New York Department of Taxation and Finance. Claim for Real Property Tax Credit For Homeowners and Renters: IT-214. Albany, NY, 2025. Accessed February 7, 2026.",https://www.tax.ny.gov/pdf/current_forms/it/it214_fill_in_2d.pdf,KSe,2/7/2026
2026,NY,married,property_tax_credit,credit,percent_of_fed_agi,5001,7000,NA,0.045,2025,"Based on federal AGI, ineligible if over 18000. See second bracket for credit computation.","New York Department of Taxation and Finance. Claim for Real Property Tax Credit For Homeowners and Renters: IT-214. Albany, NY, 2025. Accessed February 7, 2026.",https://www.tax.ny.gov/pdf/current_forms/it/it214_fill_in_2d.pdf,KSe,2/7/2026
2026,NY,married,property_tax_credit,credit,percent_of_fed_agi,7001,9000,NA,0.05,2025,"Based on federal AGI, ineligible if over 18000. See second bracket for credit computation.","New York Department of Taxation and Finance. Claim for Real Property Tax Credit For Homeowners and Renters: IT-214. Albany, NY, 2025. Accessed February 7, 2026.",https://www.tax.ny.gov/pdf/current_forms/it/it214_fill_in_2d.pdf,KSe,2/7/2026
2026,NY,married,property_tax_credit,credit,percent_of_fed_agi,9001,11000,NA,0.055,2025,"Based on federal AGI, ineligible if over 18000. See second bracket for credit computation.","New York Department of Taxation and Finance. Claim for Real Property Tax Credit For Homeowners and Renters: IT-214. Albany, NY, 2025. Accessed February 7, 2026.",https://www.tax.ny.gov/pdf/current_forms/it/it214_fill_in_2d.pdf,KSe,2/7/2026
2026,NY,married,property_tax_credit,credit,percent_of_fed_agi,11001,14000,NA,0.06,2025,"Based on federal AGI, ineligible if over 18000. See second bracket for credit computation.","New York Department of Taxation and Finance. Claim for Real Property Tax Credit For Homeowners and Renters: IT-214. Albany, NY, 2025. Accessed February 7, 2026.",https://www.tax.ny.gov/pdf/current_forms/it/it214_fill_in_2d.pdf,KSe,2/7/2026
2026,NY,married,property_tax_credit,credit,percent_of_fed_agi,14001,18000,NA,0.065,2025,"Based on federal AGI, ineligible if over 18000. See second bracket for credit computation.","New York Department of Taxation and Finance. Claim for Real Property Tax Credit For Homeowners and Renters: IT-214. Albany, NY, 2025. Accessed February 7, 2026.",https://www.tax.ny.gov/pdf/current_forms/it/it214_fill_in_2d.pdf,KSe,2/7/2026
