sss_year,state,filing_status,variable_name,type,calculation_method,income_min,income_max,num_children,youngest_child,value
2026,OR,single_parent,child_dependent_care,credit,percentage_of_capped_costs,0,2115,1,infant,0.1
2026,OR,single_parent,child_dependent_care,credit,percentage_of_capped_costs,2115,4230,1,infant,0.2
2026,OR,single_parent,child_dependent_care,credit,percentage_of_capped_costs,4230,6345,1,infant,0.3
2026,OR,single_parent,child_dependent_care,credit,percentage_of_capped_costs,6345,8460,1,infant,0.4
2026,OR,single_parent,child_dependent_care,credit,percentage_of_capped_costs,8460,10575,1,infant,0.5
2026,OR,single_parent,child_dependent_care,credit,percentage_of_capped_costs,10575,12690,1,infant,0.55
2026,OR,single_parent,child_dependent_care,credit,percentage_of_capped_costs,12690,14805,1,infant,0.6
2026,OR,single_parent,child_dependent_care,credit,percentage_of_capped_costs,14805,16920,1,infant,0.65
2026,OR,single_parent,child_dependent_care,credit,percentage_of_capped_costs,16920,19035,1,infant,0.7
2026,OR,single_parent,child_dependent_care,credit,percentage_of_capped_costs,19035,23265,1,infant,0.75
2026,OR,single_parent,child_dependent_care,credit,percentage_of_capped_costs,23265,25380,1,infant,0.71
2026,OR,single_parent,child_dependent_care,credit,percentage_of_capped_costs,25380,27495,1,infant,0.66
2026,OR,single_parent,child_dependent_care,credit,percentage_of_capped_costs,27495,29610,1,infant,0.61
2026,OR,single_parent,child_dependent_care,credit,percentage_of_capped_costs,29610,31725,1,infant,0.55
2026,OR,single_parent,child_dependent_care,credit,percentage_of_capped_costs,31725,33840,1,infant,0.5
2026,OR,single_parent,child_dependent_care,credit,percentage_of_capped_costs,33840,42300,1,infant,0.47
2026,OR,single_parent,child_dependent_care,credit,percentage_of_capped_costs,42300,44415,1,infant,0.45
2026,OR,single_parent,child_dependent_care,credit,percentage_of_capped_costs,44415,46530,1,infant,0.4
2026,OR,single_parent,child_dependent_care,credit,percentage_of_capped_costs,46530,48645,1,infant,0.35
2026,OR,single_parent,child_dependent_care,credit,percentage_of_capped_costs,48645,50760,1,infant,0.3
2026,OR,single_parent,child_dependent_care,credit,percentage_of_capped_costs,50760,52875,1,infant,0.2
2026,OR,single_parent,child_dependent_care,credit,percentage_of_capped_costs,52875,54990,1,infant,0.1
2026,OR,single_parent,child_dependent_care,credit,percentage_of_capped_costs,54990,59220,1,infant,0.06
2026,OR,single_parent,child_dependent_care,credit,percentage_of_capped_costs,59220,63450,1,infant,0.04
2026,OR,single_parent,child_dependent_care,credit,percentage_of_capped_costs,63450,Inf,1,infant,0
2026,OR,single_parent,child_dependent_care,credit,percentage_of_capped_costs,0,2115,1,presch,0.08
2026,OR,single_parent,child_dependent_care,credit,percentage_of_capped_costs,2115,4230,1,presch,0.18
2026,OR,single_parent,child_dependent_care,credit,percentage_of_capped_costs,4230,6345,1,presch,0.28
2026,OR,single_parent,child_dependent_care,credit,percentage_of_capped_costs,6345,8460,1,presch,0.38
2026,OR,single_parent,child_dependent_care,credit,percentage_of_capped_costs,8460,10575,1,presch,0.48
2026,OR,single_parent,child_dependent_care,credit,percentage_of_capped_costs,10575,12690,1,presch,0.53
2026,OR,single_parent,child_dependent_care,credit,percentage_of_capped_costs,12690,14805,1,presch,0.58
2026,OR,single_parent,child_dependent_care,credit,percentage_of_capped_costs,14805,16920,1,presch,0.63
2026,OR,single_parent,child_dependent_care,credit,percentage_of_capped_costs,16920,19035,1,presch,0.68
2026,OR,single_parent,child_dependent_care,credit,percentage_of_capped_costs,19035,23265,1,presch,0.73
2026,OR,single_parent,child_dependent_care,credit,percentage_of_capped_costs,23265,25380,1,presch,0.69
2026,OR,single_parent,child_dependent_care,credit,percentage_of_capped_costs,25380,27495,1,presch,0.64
2026,OR,single_parent,child_dependent_care,credit,percentage_of_capped_costs,27495,29610,1,presch,0.59
2026,OR,single_parent,child_dependent_care,credit,percentage_of_capped_costs,29610,31725,1,presch,0.53
2026,OR,single_parent,child_dependent_care,credit,percentage_of_capped_costs,31725,33840,1,presch,0.48
2026,OR,single_parent,child_dependent_care,credit,percentage_of_capped_costs,33840,42300,1,presch,0.45
2026,OR,single_parent,child_dependent_care,credit,percentage_of_capped_costs,42300,44415,1,presch,0.43
2026,OR,single_parent,child_dependent_care,credit,percentage_of_capped_costs,44415,46530,1,presch,0.38
2026,OR,single_parent,child_dependent_care,credit,percentage_of_capped_costs,46530,48645,1,presch,0.33
2026,OR,single_parent,child_dependent_care,credit,percentage_of_capped_costs,48645,50760,1,presch,0.28
2026,OR,single_parent,child_dependent_care,credit,percentage_of_capped_costs,50760,52875,1,presch,0.18
2026,OR,single_parent,child_dependent_care,credit,percentage_of_capped_costs,52875,54990,1,presch,0.08
2026,OR,single_parent,child_dependent_care,credit,percentage_of_capped_costs,54990,59220,1,presch,0.06
2026,OR,single_parent,child_dependent_care,credit,percentage_of_capped_costs,59220,63450,1,presch,0.04
2026,OR,single_parent,child_dependent_care,credit,percentage_of_capped_costs,63450,Inf,1,presch,0
2026,OR,single_parent,child_dependent_care,credit,percentage_of_capped_costs,0,2115,1,school,0.05
2026,OR,single_parent,child_dependent_care,credit,percentage_of_capped_costs,2115,4230,1,school,0.15
2026,OR,single_parent,child_dependent_care,credit,percentage_of_capped_costs,4230,6345,1,school,0.25
2026,OR,single_parent,child_dependent_care,credit,percentage_of_capped_costs,6345,8460,1,school,0.35
2026,OR,single_parent,child_dependent_care,credit,percentage_of_capped_costs,8460,10575,1,school,0.45
2026,OR,single_parent,child_dependent_care,credit,percentage_of_capped_costs,10575,12690,1,school,0.5
2026,OR,single_parent,child_dependent_care,credit,percentage_of_capped_costs,12690,14805,1,school,0.55
2026,OR,single_parent,child_dependent_care,credit,percentage_of_capped_costs,14805,16920,1,school,0.6
2026,OR,single_parent,child_dependent_care,credit,percentage_of_capped_costs,16920,19035,1,school,0.65
2026,OR,single_parent,child_dependent_care,credit,percentage_of_capped_costs,19035,23265,1,school,0.7
2026,OR,single_parent,child_dependent_care,credit,percentage_of_capped_costs,23265,25380,1,school,0.66
2026,OR,single_parent,child_dependent_care,credit,percentage_of_capped_costs,25380,27495,1,school,0.61
2026,OR,single_parent,child_dependent_care,credit,percentage_of_capped_costs,27495,29610,1,school,0.56
2026,OR,single_parent,child_dependent_care,credit,percentage_of_capped_costs,29610,31725,1,school,0.5
2026,OR,single_parent,child_dependent_care,credit,percentage_of_capped_costs,31725,33840,1,school,0.45
2026,OR,single_parent,child_dependent_care,credit,percentage_of_capped_costs,33840,42300,1,school,0.42
2026,OR,single_parent,child_dependent_care,credit,percentage_of_capped_costs,42300,44415,1,school,0.4
2026,OR,single_parent,child_dependent_care,credit,percentage_of_capped_costs,44415,46530,1,school,0.35
2026,OR,single_parent,child_dependent_care,credit,percentage_of_capped_costs,46530,48645,1,school,0.3
2026,OR,single_parent,child_dependent_care,credit,percentage_of_capped_costs,48645,50760,1,school,0.25
2026,OR,single_parent,child_dependent_care,credit,percentage_of_capped_costs,50760,52875,1,school,0.15
2026,OR,single_parent,child_dependent_care,credit,percentage_of_capped_costs,52875,54990,1,school,0.05
2026,OR,single_parent,child_dependent_care,credit,percentage_of_capped_costs,54990,59220,1,school,0.04
2026,OR,single_parent,child_dependent_care,credit,percentage_of_capped_costs,59220,63450,1,school,0.04
2026,OR,single_parent,child_dependent_care,credit,percentage_of_capped_costs,63450,Inf,1,school,0
2026,OR,single_parent,child_dependent_care,credit,percentage_of_capped_costs,0,2665,2,infant,0.1
2026,OR,single_parent,child_dependent_care,credit,percentage_of_capped_costs,2665,5330,2,infant,0.2
2026,OR,single_parent,child_dependent_care,credit,percentage_of_capped_costs,5330,7995,2,infant,0.3
2026,OR,single_parent,child_dependent_care,credit,percentage_of_capped_costs,7995,10660,2,infant,0.4
2026,OR,single_parent,child_dependent_care,credit,percentage_of_capped_costs,10660,13325,2,infant,0.5
2026,OR,single_parent,child_dependent_care,credit,percentage_of_capped_costs,13325,15990,2,infant,0.55
2026,OR,single_parent,child_dependent_care,credit,percentage_of_capped_costs,15990,18655,2,infant,0.6
2026,OR,single_parent,child_dependent_care,credit,percentage_of_capped_costs,18655,21320,2,infant,0.65
2026,OR,single_parent,child_dependent_care,credit,percentage_of_capped_costs,21320,23985,2,infant,0.7
2026,OR,single_parent,child_dependent_care,credit,percentage_of_capped_costs,23985,29315,2,infant,0.75
2026,OR,single_parent,child_dependent_care,credit,percentage_of_capped_costs,29315,31980,2,infant,0.71
2026,OR,single_parent,child_dependent_care,credit,percentage_of_capped_costs,31980,34645,2,infant,0.66
2026,OR,single_parent,child_dependent_care,credit,percentage_of_capped_costs,34645,37310,2,infant,0.61
2026,OR,single_parent,child_dependent_care,credit,percentage_of_capped_costs,37310,39975,2,infant,0.55
2026,OR,single_parent,child_dependent_care,credit,percentage_of_capped_costs,39975,42640,2,infant,0.5
2026,OR,single_parent,child_dependent_care,credit,percentage_of_capped_costs,42640,53300,2,infant,0.47
2026,OR,single_parent,child_dependent_care,credit,percentage_of_capped_costs,53300,55965,2,infant,0.45
2026,OR,single_parent,child_dependent_care,credit,percentage_of_capped_costs,55965,58630,2,infant,0.4
2026,OR,single_parent,child_dependent_care,credit,percentage_of_capped_costs,58630,61295,2,infant,0.35
2026,OR,single_parent,child_dependent_care,credit,percentage_of_capped_costs,61295,63960,2,infant,0.3
2026,OR,single_parent,child_dependent_care,credit,percentage_of_capped_costs,63960,66625,2,infant,0.2
2026,OR,single_parent,child_dependent_care,credit,percentage_of_capped_costs,66625,69290,2,infant,0.1
2026,OR,single_parent,child_dependent_care,credit,percentage_of_capped_costs,69290,74620,2,infant,0.06
2026,OR,single_parent,child_dependent_care,credit,percentage_of_capped_costs,74620,79950,2,infant,0.04
2026,OR,single_parent,child_dependent_care,credit,percentage_of_capped_costs,79950,Inf,2,infant,0
2026,OR,single_parent,child_dependent_care,credit,percentage_of_capped_costs,0,2665,2,presch,0.08
2026,OR,single_parent,child_dependent_care,credit,percentage_of_capped_costs,2665,5330,2,presch,0.18
2026,OR,single_parent,child_dependent_care,credit,percentage_of_capped_costs,5330,7995,2,presch,0.28
2026,OR,single_parent,child_dependent_care,credit,percentage_of_capped_costs,7995,10660,2,presch,0.38
2026,OR,single_parent,child_dependent_care,credit,percentage_of_capped_costs,10660,13325,2,presch,0.48
2026,OR,single_parent,child_dependent_care,credit,percentage_of_capped_costs,13325,15990,2,presch,0.53
2026,OR,single_parent,child_dependent_care,credit,percentage_of_capped_costs,15990,18655,2,presch,0.58
2026,OR,single_parent,child_dependent_care,credit,percentage_of_capped_costs,18655,21320,2,presch,0.63
2026,OR,single_parent,child_dependent_care,credit,percentage_of_capped_costs,21320,23985,2,presch,0.68
2026,OR,single_parent,child_dependent_care,credit,percentage_of_capped_costs,23985,29315,2,presch,0.73
2026,OR,single_parent,child_dependent_care,credit,percentage_of_capped_costs,29315,31980,2,presch,0.69
2026,OR,single_parent,child_dependent_care,credit,percentage_of_capped_costs,31980,34645,2,presch,0.64
2026,OR,single_parent,child_dependent_care,credit,percentage_of_capped_costs,34645,37310,2,presch,0.59
2026,OR,single_parent,child_dependent_care,credit,percentage_of_capped_costs,37310,39975,2,presch,0.53
2026,OR,single_parent,child_dependent_care,credit,percentage_of_capped_costs,39975,42640,2,presch,0.48
2026,OR,single_parent,child_dependent_care,credit,percentage_of_capped_costs,42640,53300,2,presch,0.45
2026,OR,single_parent,child_dependent_care,credit,percentage_of_capped_costs,53300,55965,2,presch,0.43
2026,OR,single_parent,child_dependent_care,credit,percentage_of_capped_costs,55965,58630,2,presch,0.38
2026,OR,single_parent,child_dependent_care,credit,percentage_of_capped_costs,58630,61295,2,presch,0.33
2026,OR,single_parent,child_dependent_care,credit,percentage_of_capped_costs,61295,63960,2,presch,0.28
2026,OR,single_parent,child_dependent_care,credit,percentage_of_capped_costs,63960,66625,2,presch,0.18
2026,OR,single_parent,child_dependent_care,credit,percentage_of_capped_costs,66625,69290,2,presch,0.08
2026,OR,single_parent,child_dependent_care,credit,percentage_of_capped_costs,69290,74620,2,presch,0.06
2026,OR,single_parent,child_dependent_care,credit,percentage_of_capped_costs,74620,79950,2,presch,0.04
2026,OR,single_parent,child_dependent_care,credit,percentage_of_capped_costs,79950,Inf,2,presch,0
2026,OR,single_parent,child_dependent_care,credit,percentage_of_capped_costs,0,2665,2,school,0.05
2026,OR,single_parent,child_dependent_care,credit,percentage_of_capped_costs,2665,5330,2,school,0.15
2026,OR,single_parent,child_dependent_care,credit,percentage_of_capped_costs,5330,7995,2,school,0.25
2026,OR,single_parent,child_dependent_care,credit,percentage_of_capped_costs,7995,10660,2,school,0.35
2026,OR,single_parent,child_dependent_care,credit,percentage_of_capped_costs,10660,13325,2,school,0.45
2026,OR,single_parent,child_dependent_care,credit,percentage_of_capped_costs,13325,15990,2,school,0.5
2026,OR,single_parent,child_dependent_care,credit,percentage_of_capped_costs,15990,18655,2,school,0.55
2026,OR,single_parent,child_dependent_care,credit,percentage_of_capped_costs,18655,21320,2,school,0.6
2026,OR,single_parent,child_dependent_care,credit,percentage_of_capped_costs,21320,23985,2,school,0.65
2026,OR,single_parent,child_dependent_care,credit,percentage_of_capped_costs,23985,29315,2,school,0.7
2026,OR,single_parent,child_dependent_care,credit,percentage_of_capped_costs,29315,31980,2,school,0.66
2026,OR,single_parent,child_dependent_care,credit,percentage_of_capped_costs,31980,34645,2,school,0.61
2026,OR,single_parent,child_dependent_care,credit,percentage_of_capped_costs,34645,37310,2,school,0.56
2026,OR,single_parent,child_dependent_care,credit,percentage_of_capped_costs,37310,39975,2,school,0.5
2026,OR,single_parent,child_dependent_care,credit,percentage_of_capped_costs,39975,42640,2,school,0.45
2026,OR,single_parent,child_dependent_care,credit,percentage_of_capped_costs,42640,53300,2,school,0.42
2026,OR,single_parent,child_dependent_care,credit,percentage_of_capped_costs,53300,55965,2,school,0.4
2026,OR,single_parent,child_dependent_care,credit,percentage_of_capped_costs,55965,58630,2,school,0.35
2026,OR,single_parent,child_dependent_care,credit,percentage_of_capped_costs,58630,61295,2,school,0.3
2026,OR,single_parent,child_dependent_care,credit,percentage_of_capped_costs,61295,63960,2,school,0.25
2026,OR,single_parent,child_dependent_care,credit,percentage_of_capped_costs,63960,66625,2,school,0.15
2026,OR,single_parent,child_dependent_care,credit,percentage_of_capped_costs,66625,69290,2,school,0.05
2026,OR,single_parent,child_dependent_care,credit,percentage_of_capped_costs,69290,74620,2,school,0.04
2026,OR,single_parent,child_dependent_care,credit,percentage_of_capped_costs,74620,79950,2,school,0.04
2026,OR,single_parent,child_dependent_care,credit,percentage_of_capped_costs,79950,Inf,2,school,0
2026,OR,married,child_dependent_care,credit,percentage_of_capped_costs,0,2665,1,infant,0.1
2026,OR,married,child_dependent_care,credit,percentage_of_capped_costs,2665,5330,1,infant,0.2
2026,OR,married,child_dependent_care,credit,percentage_of_capped_costs,5330,7995,1,infant,0.3
2026,OR,married,child_dependent_care,credit,percentage_of_capped_costs,7995,10660,1,infant,0.4
2026,OR,married,child_dependent_care,credit,percentage_of_capped_costs,10660,13325,1,infant,0.5
2026,OR,married,child_dependent_care,credit,percentage_of_capped_costs,13325,15990,1,infant,0.55
2026,OR,married,child_dependent_care,credit,percentage_of_capped_costs,15990,18655,1,infant,0.6
2026,OR,married,child_dependent_care,credit,percentage_of_capped_costs,18655,21320,1,infant,0.65
2026,OR,married,child_dependent_care,credit,percentage_of_capped_costs,21320,23985,1,infant,0.7
2026,OR,married,child_dependent_care,credit,percentage_of_capped_costs,23985,29315,1,infant,0.75
2026,OR,married,child_dependent_care,credit,percentage_of_capped_costs,29315,31980,1,infant,0.71
2026,OR,married,child_dependent_care,credit,percentage_of_capped_costs,31980,34645,1,infant,0.66
2026,OR,married,child_dependent_care,credit,percentage_of_capped_costs,34645,37310,1,infant,0.61
2026,OR,married,child_dependent_care,credit,percentage_of_capped_costs,37310,39975,1,infant,0.55
2026,OR,married,child_dependent_care,credit,percentage_of_capped_costs,39975,42640,1,infant,0.5
2026,OR,married,child_dependent_care,credit,percentage_of_capped_costs,42640,53300,1,infant,0.47
2026,OR,married,child_dependent_care,credit,percentage_of_capped_costs,53300,55965,1,infant,0.45
2026,OR,married,child_dependent_care,credit,percentage_of_capped_costs,55965,58630,1,infant,0.4
2026,OR,married,child_dependent_care,credit,percentage_of_capped_costs,58630,61295,1,infant,0.35
2026,OR,married,child_dependent_care,credit,percentage_of_capped_costs,61295,63960,1,infant,0.3
2026,OR,married,child_dependent_care,credit,percentage_of_capped_costs,63960,66625,1,infant,0.2
2026,OR,married,child_dependent_care,credit,percentage_of_capped_costs,66625,69290,1,infant,0.1
2026,OR,married,child_dependent_care,credit,percentage_of_capped_costs,69290,74620,1,infant,0.06
2026,OR,married,child_dependent_care,credit,percentage_of_capped_costs,74620,79950,1,infant,0.04
2026,OR,married,child_dependent_care,credit,percentage_of_capped_costs,79950,Inf,1,infant,0
2026,OR,married,child_dependent_care,credit,percentage_of_capped_costs,0,2665,1,presch,0.08
2026,OR,married,child_dependent_care,credit,percentage_of_capped_costs,2665,5330,1,presch,0.18
2026,OR,married,child_dependent_care,credit,percentage_of_capped_costs,5330,7995,1,presch,0.28
2026,OR,married,child_dependent_care,credit,percentage_of_capped_costs,7995,10660,1,presch,0.38
2026,OR,married,child_dependent_care,credit,percentage_of_capped_costs,10660,13325,1,presch,0.48
2026,OR,married,child_dependent_care,credit,percentage_of_capped_costs,13325,15990,1,presch,0.53
2026,OR,married,child_dependent_care,credit,percentage_of_capped_costs,15990,18655,1,presch,0.58
2026,OR,married,child_dependent_care,credit,percentage_of_capped_costs,18655,21320,1,presch,0.63
2026,OR,married,child_dependent_care,credit,percentage_of_capped_costs,21320,23985,1,presch,0.68
2026,OR,married,child_dependent_care,credit,percentage_of_capped_costs,23985,29315,1,presch,0.73
2026,OR,married,child_dependent_care,credit,percentage_of_capped_costs,29315,31980,1,presch,0.69
2026,OR,married,child_dependent_care,credit,percentage_of_capped_costs,31980,34645,1,presch,0.64
2026,OR,married,child_dependent_care,credit,percentage_of_capped_costs,34645,37310,1,presch,0.59
2026,OR,married,child_dependent_care,credit,percentage_of_capped_costs,37310,39975,1,presch,0.53
2026,OR,married,child_dependent_care,credit,percentage_of_capped_costs,39975,42640,1,presch,0.48
2026,OR,married,child_dependent_care,credit,percentage_of_capped_costs,42640,53300,1,presch,0.45
2026,OR,married,child_dependent_care,credit,percentage_of_capped_costs,53300,55965,1,presch,0.43
2026,OR,married,child_dependent_care,credit,percentage_of_capped_costs,55965,58630,1,presch,0.38
2026,OR,married,child_dependent_care,credit,percentage_of_capped_costs,58630,61295,1,presch,0.33
2026,OR,married,child_dependent_care,credit,percentage_of_capped_costs,61295,63960,1,presch,0.28
2026,OR,married,child_dependent_care,credit,percentage_of_capped_costs,63960,66625,1,presch,0.18
2026,OR,married,child_dependent_care,credit,percentage_of_capped_costs,66625,69290,1,presch,0.08
2026,OR,married,child_dependent_care,credit,percentage_of_capped_costs,69290,74620,1,presch,0.06
2026,OR,married,child_dependent_care,credit,percentage_of_capped_costs,74620,79950,1,presch,0.04
2026,OR,married,child_dependent_care,credit,percentage_of_capped_costs,79950,Inf,1,presch,0
2026,OR,married,child_dependent_care,credit,percentage_of_capped_costs,0,2665,1,school,0.05
2026,OR,married,child_dependent_care,credit,percentage_of_capped_costs,2665,5330,1,school,0.15
2026,OR,married,child_dependent_care,credit,percentage_of_capped_costs,5330,7995,1,school,0.25
2026,OR,married,child_dependent_care,credit,percentage_of_capped_costs,7995,10660,1,school,0.35
2026,OR,married,child_dependent_care,credit,percentage_of_capped_costs,10660,13325,1,school,0.45
2026,OR,married,child_dependent_care,credit,percentage_of_capped_costs,13325,15990,1,school,0.5
2026,OR,married,child_dependent_care,credit,percentage_of_capped_costs,15990,18655,1,school,0.55
2026,OR,married,child_dependent_care,credit,percentage_of_capped_costs,18655,21320,1,school,0.6
2026,OR,married,child_dependent_care,credit,percentage_of_capped_costs,21320,23985,1,school,0.65
2026,OR,married,child_dependent_care,credit,percentage_of_capped_costs,23985,29315,1,school,0.7
2026,OR,married,child_dependent_care,credit,percentage_of_capped_costs,29315,31980,1,school,0.66
2026,OR,married,child_dependent_care,credit,percentage_of_capped_costs,31980,34645,1,school,0.61
2026,OR,married,child_dependent_care,credit,percentage_of_capped_costs,34645,37310,1,school,0.56
2026,OR,married,child_dependent_care,credit,percentage_of_capped_costs,37310,39975,1,school,0.5
2026,OR,married,child_dependent_care,credit,percentage_of_capped_costs,39975,42640,1,school,0.45
2026,OR,married,child_dependent_care,credit,percentage_of_capped_costs,42640,53300,1,school,0.42
2026,OR,married,child_dependent_care,credit,percentage_of_capped_costs,53300,55965,1,school,0.4
2026,OR,married,child_dependent_care,credit,percentage_of_capped_costs,55965,58630,1,school,0.35
2026,OR,married,child_dependent_care,credit,percentage_of_capped_costs,58630,61295,1,school,0.3
2026,OR,married,child_dependent_care,credit,percentage_of_capped_costs,61295,63960,1,school,0.25
2026,OR,married,child_dependent_care,credit,percentage_of_capped_costs,63960,66625,1,school,0.15
2026,OR,married,child_dependent_care,credit,percentage_of_capped_costs,66625,69290,1,school,0.05
2026,OR,married,child_dependent_care,credit,percentage_of_capped_costs,69290,74620,1,school,0.04
2026,OR,married,child_dependent_care,credit,percentage_of_capped_costs,74620,79950,1,school,0.04
2026,OR,married,child_dependent_care,credit,percentage_of_capped_costs,79950,Inf,1,school,0
2026,OR,single_parent,child_dependent_care,credit,percentage_of_capped_costs,0,3215,3,infant,0.1
2026,OR,single_parent,child_dependent_care,credit,percentage_of_capped_costs,3215,6430,3,infant,0.2
2026,OR,single_parent,child_dependent_care,credit,percentage_of_capped_costs,6430,9645,3,infant,0.3
2026,OR,single_parent,child_dependent_care,credit,percentage_of_capped_costs,9645,12860,3,infant,0.4
2026,OR,single_parent,child_dependent_care,credit,percentage_of_capped_costs,12860,16075,3,infant,0.5
2026,OR,single_parent,child_dependent_care,credit,percentage_of_capped_costs,16075,19290,3,infant,0.55
2026,OR,single_parent,child_dependent_care,credit,percentage_of_capped_costs,19290,22505,3,infant,0.6
2026,OR,single_parent,child_dependent_care,credit,percentage_of_capped_costs,22505,25720,3,infant,0.65
2026,OR,single_parent,child_dependent_care,credit,percentage_of_capped_costs,25720,28935,3,infant,0.7
2026,OR,single_parent,child_dependent_care,credit,percentage_of_capped_costs,28935,35365,3,infant,0.75
2026,OR,single_parent,child_dependent_care,credit,percentage_of_capped_costs,35365,38580,3,infant,0.71
2026,OR,single_parent,child_dependent_care,credit,percentage_of_capped_costs,38580,41795,3,infant,0.66
2026,OR,single_parent,child_dependent_care,credit,percentage_of_capped_costs,41795,45010,3,infant,0.61
2026,OR,single_parent,child_dependent_care,credit,percentage_of_capped_costs,45010,48225,3,infant,0.55
2026,OR,single_parent,child_dependent_care,credit,percentage_of_capped_costs,48225,51440,3,infant,0.5
2026,OR,single_parent,child_dependent_care,credit,percentage_of_capped_costs,51440,64300,3,infant,0.47
2026,OR,single_parent,child_dependent_care,credit,percentage_of_capped_costs,64300,67515,3,infant,0.45
2026,OR,single_parent,child_dependent_care,credit,percentage_of_capped_costs,67515,70730,3,infant,0.4
2026,OR,single_parent,child_dependent_care,credit,percentage_of_capped_costs,70730,73945,3,infant,0.35
2026,OR,single_parent,child_dependent_care,credit,percentage_of_capped_costs,73945,77160,3,infant,0.3
2026,OR,single_parent,child_dependent_care,credit,percentage_of_capped_costs,77160,80375,3,infant,0.2
2026,OR,single_parent,child_dependent_care,credit,percentage_of_capped_costs,80375,83590,3,infant,0.1
2026,OR,single_parent,child_dependent_care,credit,percentage_of_capped_costs,83590,90020,3,infant,0.06
2026,OR,single_parent,child_dependent_care,credit,percentage_of_capped_costs,90020,96450,3,infant,0.04
2026,OR,single_parent,child_dependent_care,credit,percentage_of_capped_costs,96450,Inf,3,infant,0
2026,OR,single_parent,child_dependent_care,credit,percentage_of_capped_costs,0,3215,3,presch,0.08
2026,OR,single_parent,child_dependent_care,credit,percentage_of_capped_costs,3215,6430,3,presch,0.18
2026,OR,single_parent,child_dependent_care,credit,percentage_of_capped_costs,6430,9645,3,presch,0.28
2026,OR,single_parent,child_dependent_care,credit,percentage_of_capped_costs,9645,12860,3,presch,0.38
2026,OR,single_parent,child_dependent_care,credit,percentage_of_capped_costs,12860,16075,3,presch,0.48
2026,OR,single_parent,child_dependent_care,credit,percentage_of_capped_costs,16075,19290,3,presch,0.53
2026,OR,single_parent,child_dependent_care,credit,percentage_of_capped_costs,19290,22505,3,presch,0.58
2026,OR,single_parent,child_dependent_care,credit,percentage_of_capped_costs,22505,25720,3,presch,0.63
2026,OR,single_parent,child_dependent_care,credit,percentage_of_capped_costs,25720,28935,3,presch,0.68
2026,OR,single_parent,child_dependent_care,credit,percentage_of_capped_costs,28935,35365,3,presch,0.73
2026,OR,single_parent,child_dependent_care,credit,percentage_of_capped_costs,35365,38580,3,presch,0.69
2026,OR,single_parent,child_dependent_care,credit,percentage_of_capped_costs,38580,41795,3,presch,0.64
2026,OR,single_parent,child_dependent_care,credit,percentage_of_capped_costs,41795,45010,3,presch,0.59
2026,OR,single_parent,child_dependent_care,credit,percentage_of_capped_costs,45010,48225,3,presch,0.53
2026,OR,single_parent,child_dependent_care,credit,percentage_of_capped_costs,48225,51440,3,presch,0.48
2026,OR,single_parent,child_dependent_care,credit,percentage_of_capped_costs,51440,64300,3,presch,0.45
2026,OR,single_parent,child_dependent_care,credit,percentage_of_capped_costs,64300,67515,3,presch,0.43
2026,OR,single_parent,child_dependent_care,credit,percentage_of_capped_costs,67515,70730,3,presch,0.38
2026,OR,single_parent,child_dependent_care,credit,percentage_of_capped_costs,70730,73945,3,presch,0.33
2026,OR,single_parent,child_dependent_care,credit,percentage_of_capped_costs,73945,77160,3,presch,0.28
2026,OR,single_parent,child_dependent_care,credit,percentage_of_capped_costs,77160,80375,3,presch,0.18
2026,OR,single_parent,child_dependent_care,credit,percentage_of_capped_costs,80375,83590,3,presch,0.08
2026,OR,single_parent,child_dependent_care,credit,percentage_of_capped_costs,83590,90020,3,presch,0.06
2026,OR,single_parent,child_dependent_care,credit,percentage_of_capped_costs,90020,96450,3,presch,0.04
2026,OR,single_parent,child_dependent_care,credit,percentage_of_capped_costs,96450,Inf,3,presch,0
2026,OR,single_parent,child_dependent_care,credit,percentage_of_capped_costs,0,3215,3,school,0.05
2026,OR,single_parent,child_dependent_care,credit,percentage_of_capped_costs,3215,6430,3,school,0.15
2026,OR,single_parent,child_dependent_care,credit,percentage_of_capped_costs,6430,9645,3,school,0.25
2026,OR,single_parent,child_dependent_care,credit,percentage_of_capped_costs,9645,12860,3,school,0.35
2026,OR,single_parent,child_dependent_care,credit,percentage_of_capped_costs,12860,16075,3,school,0.45
2026,OR,single_parent,child_dependent_care,credit,percentage_of_capped_costs,16075,19290,3,school,0.5
2026,OR,single_parent,child_dependent_care,credit,percentage_of_capped_costs,19290,22505,3,school,0.55
2026,OR,single_parent,child_dependent_care,credit,percentage_of_capped_costs,22505,25720,3,school,0.6
2026,OR,single_parent,child_dependent_care,credit,percentage_of_capped_costs,25720,28935,3,school,0.65
2026,OR,single_parent,child_dependent_care,credit,percentage_of_capped_costs,28935,35365,3,school,0.7
2026,OR,single_parent,child_dependent_care,credit,percentage_of_capped_costs,35365,38580,3,school,0.66
2026,OR,single_parent,child_dependent_care,credit,percentage_of_capped_costs,38580,41795,3,school,0.61
2026,OR,single_parent,child_dependent_care,credit,percentage_of_capped_costs,41795,45010,3,school,0.56
2026,OR,single_parent,child_dependent_care,credit,percentage_of_capped_costs,45010,48225,3,school,0.5
2026,OR,single_parent,child_dependent_care,credit,percentage_of_capped_costs,48225,51440,3,school,0.45
2026,OR,single_parent,child_dependent_care,credit,percentage_of_capped_costs,51440,64300,3,school,0.42
2026,OR,single_parent,child_dependent_care,credit,percentage_of_capped_costs,64300,67515,3,school,0.4
2026,OR,single_parent,child_dependent_care,credit,percentage_of_capped_costs,67515,70730,3,school,0.35
2026,OR,single_parent,child_dependent_care,credit,percentage_of_capped_costs,70730,73945,3,school,0.3
2026,OR,single_parent,child_dependent_care,credit,percentage_of_capped_costs,73945,77160,3,school,0.25
2026,OR,single_parent,child_dependent_care,credit,percentage_of_capped_costs,77160,80375,3,school,0.15
2026,OR,single_parent,child_dependent_care,credit,percentage_of_capped_costs,80375,83590,3,school,0.05
2026,OR,single_parent,child_dependent_care,credit,percentage_of_capped_costs,83590,90020,3,school,0.04
2026,OR,single_parent,child_dependent_care,credit,percentage_of_capped_costs,90020,96450,3,school,0.04
2026,OR,single_parent,child_dependent_care,credit,percentage_of_capped_costs,96450,Inf,3,school,0
2026,OR,married,child_dependent_care,credit,percentage_of_capped_costs,0,3215,2,infant,0.1
2026,OR,married,child_dependent_care,credit,percentage_of_capped_costs,3215,6430,2,infant,0.2
2026,OR,married,child_dependent_care,credit,percentage_of_capped_costs,6430,9645,2,infant,0.3
2026,OR,married,child_dependent_care,credit,percentage_of_capped_costs,9645,12860,2,infant,0.4
2026,OR,married,child_dependent_care,credit,percentage_of_capped_costs,12860,16075,2,infant,0.5
2026,OR,married,child_dependent_care,credit,percentage_of_capped_costs,16075,19290,2,infant,0.55
2026,OR,married,child_dependent_care,credit,percentage_of_capped_costs,19290,22505,2,infant,0.6
2026,OR,married,child_dependent_care,credit,percentage_of_capped_costs,22505,25720,2,infant,0.65
2026,OR,married,child_dependent_care,credit,percentage_of_capped_costs,25720,28935,2,infant,0.7
2026,OR,married,child_dependent_care,credit,percentage_of_capped_costs,28935,35365,2,infant,0.75
2026,OR,married,child_dependent_care,credit,percentage_of_capped_costs,35365,38580,2,infant,0.71
2026,OR,married,child_dependent_care,credit,percentage_of_capped_costs,38580,41795,2,infant,0.66
2026,OR,married,child_dependent_care,credit,percentage_of_capped_costs,41795,45010,2,infant,0.61
2026,OR,married,child_dependent_care,credit,percentage_of_capped_costs,45010,48225,2,infant,0.55
2026,OR,married,child_dependent_care,credit,percentage_of_capped_costs,48225,51440,2,infant,0.5
2026,OR,married,child_dependent_care,credit,percentage_of_capped_costs,51440,64300,2,infant,0.47
2026,OR,married,child_dependent_care,credit,percentage_of_capped_costs,64300,67515,2,infant,0.45
2026,OR,married,child_dependent_care,credit,percentage_of_capped_costs,67515,70730,2,infant,0.4
2026,OR,married,child_dependent_care,credit,percentage_of_capped_costs,70730,73945,2,infant,0.35
2026,OR,married,child_dependent_care,credit,percentage_of_capped_costs,73945,77160,2,infant,0.3
2026,OR,married,child_dependent_care,credit,percentage_of_capped_costs,77160,80375,2,infant,0.2
2026,OR,married,child_dependent_care,credit,percentage_of_capped_costs,80375,83590,2,infant,0.1
2026,OR,married,child_dependent_care,credit,percentage_of_capped_costs,83590,90020,2,infant,0.06
2026,OR,married,child_dependent_care,credit,percentage_of_capped_costs,90020,96450,2,infant,0.04
2026,OR,married,child_dependent_care,credit,percentage_of_capped_costs,96450,Inf,2,infant,0
2026,OR,married,child_dependent_care,credit,percentage_of_capped_costs,0,3215,2,presch,0.08
2026,OR,married,child_dependent_care,credit,percentage_of_capped_costs,3215,6430,2,presch,0.18
2026,OR,married,child_dependent_care,credit,percentage_of_capped_costs,6430,9645,2,presch,0.28
2026,OR,married,child_dependent_care,credit,percentage_of_capped_costs,9645,12860,2,presch,0.38
2026,OR,married,child_dependent_care,credit,percentage_of_capped_costs,12860,16075,2,presch,0.48
2026,OR,married,child_dependent_care,credit,percentage_of_capped_costs,16075,19290,2,presch,0.53
2026,OR,married,child_dependent_care,credit,percentage_of_capped_costs,19290,22505,2,presch,0.58
2026,OR,married,child_dependent_care,credit,percentage_of_capped_costs,22505,25720,2,presch,0.63
2026,OR,married,child_dependent_care,credit,percentage_of_capped_costs,25720,28935,2,presch,0.68
2026,OR,married,child_dependent_care,credit,percentage_of_capped_costs,28935,35365,2,presch,0.73
2026,OR,married,child_dependent_care,credit,percentage_of_capped_costs,35365,38580,2,presch,0.69
2026,OR,married,child_dependent_care,credit,percentage_of_capped_costs,38580,41795,2,presch,0.64
2026,OR,married,child_dependent_care,credit,percentage_of_capped_costs,41795,45010,2,presch,0.59
2026,OR,married,child_dependent_care,credit,percentage_of_capped_costs,45010,48225,2,presch,0.53
2026,OR,married,child_dependent_care,credit,percentage_of_capped_costs,48225,51440,2,presch,0.48
2026,OR,married,child_dependent_care,credit,percentage_of_capped_costs,51440,64300,2,presch,0.45
2026,OR,married,child_dependent_care,credit,percentage_of_capped_costs,64300,67515,2,presch,0.43
2026,OR,married,child_dependent_care,credit,percentage_of_capped_costs,67515,70730,2,presch,0.38
2026,OR,married,child_dependent_care,credit,percentage_of_capped_costs,70730,73945,2,presch,0.33
2026,OR,married,child_dependent_care,credit,percentage_of_capped_costs,73945,77160,2,presch,0.28
2026,OR,married,child_dependent_care,credit,percentage_of_capped_costs,77160,80375,2,presch,0.18
2026,OR,married,child_dependent_care,credit,percentage_of_capped_costs,80375,83590,2,presch,0.08
2026,OR,married,child_dependent_care,credit,percentage_of_capped_costs,83590,90020,2,presch,0.06
2026,OR,married,child_dependent_care,credit,percentage_of_capped_costs,90020,96450,2,presch,0.04
2026,OR,married,child_dependent_care,credit,percentage_of_capped_costs,96450,Inf,2,presch,0
2026,OR,married,child_dependent_care,credit,percentage_of_capped_costs,0,3215,2,school,0.05
2026,OR,married,child_dependent_care,credit,percentage_of_capped_costs,3215,6430,2,school,0.15
2026,OR,married,child_dependent_care,credit,percentage_of_capped_costs,6430,9645,2,school,0.25
2026,OR,married,child_dependent_care,credit,percentage_of_capped_costs,9645,12860,2,school,0.35
2026,OR,married,child_dependent_care,credit,percentage_of_capped_costs,12860,16075,2,school,0.45
2026,OR,married,child_dependent_care,credit,percentage_of_capped_costs,16075,19290,2,school,0.5
2026,OR,married,child_dependent_care,credit,percentage_of_capped_costs,19290,22505,2,school,0.55
2026,OR,married,child_dependent_care,credit,percentage_of_capped_costs,22505,25720,2,school,0.6
2026,OR,married,child_dependent_care,credit,percentage_of_capped_costs,25720,28935,2,school,0.65
2026,OR,married,child_dependent_care,credit,percentage_of_capped_costs,28935,35365,2,school,0.7
2026,OR,married,child_dependent_care,credit,percentage_of_capped_costs,35365,38580,2,school,0.66
2026,OR,married,child_dependent_care,credit,percentage_of_capped_costs,38580,41795,2,school,0.61
2026,OR,married,child_dependent_care,credit,percentage_of_capped_costs,41795,45010,2,school,0.56
2026,OR,married,child_dependent_care,credit,percentage_of_capped_costs,45010,48225,2,school,0.5
2026,OR,married,child_dependent_care,credit,percentage_of_capped_costs,48225,51440,2,school,0.45
2026,OR,married,child_dependent_care,credit,percentage_of_capped_costs,51440,64300,2,school,0.42
2026,OR,married,child_dependent_care,credit,percentage_of_capped_costs,64300,67515,2,school,0.4
2026,OR,married,child_dependent_care,credit,percentage_of_capped_costs,67515,70730,2,school,0.35
2026,OR,married,child_dependent_care,credit,percentage_of_capped_costs,70730,73945,2,school,0.3
2026,OR,married,child_dependent_care,credit,percentage_of_capped_costs,73945,77160,2,school,0.25
2026,OR,married,child_dependent_care,credit,percentage_of_capped_costs,77160,80375,2,school,0.15
2026,OR,married,child_dependent_care,credit,percentage_of_capped_costs,80375,83590,2,school,0.05
2026,OR,married,child_dependent_care,credit,percentage_of_capped_costs,83590,90020,2,school,0.04
2026,OR,married,child_dependent_care,credit,percentage_of_capped_costs,90020,96450,2,school,0.04
2026,OR,married,child_dependent_care,credit,percentage_of_capped_costs,96450,Inf,2,school,0
2026,OR,single_parent,child_dependent_care,credit,percentage_of_capped_costs,0,3765,4,infant,0.1
2026,OR,single_parent,child_dependent_care,credit,percentage_of_capped_costs,3765,7530,4,infant,0.2
2026,OR,single_parent,child_dependent_care,credit,percentage_of_capped_costs,7530,11295,4,infant,0.3
2026,OR,single_parent,child_dependent_care,credit,percentage_of_capped_costs,11295,15060,4,infant,0.4
2026,OR,single_parent,child_dependent_care,credit,percentage_of_capped_costs,15060,18825,4,infant,0.5
2026,OR,single_parent,child_dependent_care,credit,percentage_of_capped_costs,18825,22590,4,infant,0.55
2026,OR,single_parent,child_dependent_care,credit,percentage_of_capped_costs,22590,26355,4,infant,0.6
2026,OR,single_parent,child_dependent_care,credit,percentage_of_capped_costs,26355,30120,4,infant,0.65
2026,OR,single_parent,child_dependent_care,credit,percentage_of_capped_costs,30120,33885,4,infant,0.7
2026,OR,single_parent,child_dependent_care,credit,percentage_of_capped_costs,33885,41415,4,infant,0.75
2026,OR,single_parent,child_dependent_care,credit,percentage_of_capped_costs,41415,45180,4,infant,0.71
2026,OR,single_parent,child_dependent_care,credit,percentage_of_capped_costs,45180,48945,4,infant,0.66
2026,OR,single_parent,child_dependent_care,credit,percentage_of_capped_costs,48945,52710,4,infant,0.61
2026,OR,single_parent,child_dependent_care,credit,percentage_of_capped_costs,52710,56475,4,infant,0.55
2026,OR,single_parent,child_dependent_care,credit,percentage_of_capped_costs,56475,60240,4,infant,0.5
2026,OR,single_parent,child_dependent_care,credit,percentage_of_capped_costs,60240,75300,4,infant,0.47
2026,OR,single_parent,child_dependent_care,credit,percentage_of_capped_costs,75300,79065,4,infant,0.45
2026,OR,single_parent,child_dependent_care,credit,percentage_of_capped_costs,79065,82830,4,infant,0.4
2026,OR,single_parent,child_dependent_care,credit,percentage_of_capped_costs,82830,86595,4,infant,0.35
2026,OR,single_parent,child_dependent_care,credit,percentage_of_capped_costs,86595,90360,4,infant,0.3
2026,OR,single_parent,child_dependent_care,credit,percentage_of_capped_costs,90360,94125,4,infant,0.2
2026,OR,single_parent,child_dependent_care,credit,percentage_of_capped_costs,94125,97890,4,infant,0.1
2026,OR,single_parent,child_dependent_care,credit,percentage_of_capped_costs,97890,105420,4,infant,0.06
2026,OR,single_parent,child_dependent_care,credit,percentage_of_capped_costs,105420,112950,4,infant,0.04
2026,OR,single_parent,child_dependent_care,credit,percentage_of_capped_costs,112950,Inf,4,infant,0
2026,OR,single_parent,child_dependent_care,credit,percentage_of_capped_costs,0,3765,4,presch,0.08
2026,OR,single_parent,child_dependent_care,credit,percentage_of_capped_costs,3765,7530,4,presch,0.18
2026,OR,single_parent,child_dependent_care,credit,percentage_of_capped_costs,7530,11295,4,presch,0.28
2026,OR,single_parent,child_dependent_care,credit,percentage_of_capped_costs,11295,15060,4,presch,0.38
2026,OR,single_parent,child_dependent_care,credit,percentage_of_capped_costs,15060,18825,4,presch,0.48
2026,OR,single_parent,child_dependent_care,credit,percentage_of_capped_costs,18825,22590,4,presch,0.53
2026,OR,single_parent,child_dependent_care,credit,percentage_of_capped_costs,22590,26355,4,presch,0.58
2026,OR,single_parent,child_dependent_care,credit,percentage_of_capped_costs,26355,30120,4,presch,0.63
2026,OR,single_parent,child_dependent_care,credit,percentage_of_capped_costs,30120,33885,4,presch,0.68
2026,OR,single_parent,child_dependent_care,credit,percentage_of_capped_costs,33885,41415,4,presch,0.73
2026,OR,single_parent,child_dependent_care,credit,percentage_of_capped_costs,41415,45180,4,presch,0.69
2026,OR,single_parent,child_dependent_care,credit,percentage_of_capped_costs,45180,48945,4,presch,0.64
2026,OR,single_parent,child_dependent_care,credit,percentage_of_capped_costs,48945,52710,4,presch,0.59
2026,OR,single_parent,child_dependent_care,credit,percentage_of_capped_costs,52710,56475,4,presch,0.53
2026,OR,single_parent,child_dependent_care,credit,percentage_of_capped_costs,56475,60240,4,presch,0.48
2026,OR,single_parent,child_dependent_care,credit,percentage_of_capped_costs,60240,75300,4,presch,0.45
2026,OR,single_parent,child_dependent_care,credit,percentage_of_capped_costs,75300,79065,4,presch,0.43
2026,OR,single_parent,child_dependent_care,credit,percentage_of_capped_costs,79065,82830,4,presch,0.38
2026,OR,single_parent,child_dependent_care,credit,percentage_of_capped_costs,82830,86595,4,presch,0.33
2026,OR,single_parent,child_dependent_care,credit,percentage_of_capped_costs,86595,90360,4,presch,0.28
2026,OR,single_parent,child_dependent_care,credit,percentage_of_capped_costs,90360,94125,4,presch,0.18
2026,OR,single_parent,child_dependent_care,credit,percentage_of_capped_costs,94125,97890,4,presch,0.08
2026,OR,single_parent,child_dependent_care,credit,percentage_of_capped_costs,97890,105420,4,presch,0.06
2026,OR,single_parent,child_dependent_care,credit,percentage_of_capped_costs,105420,112950,4,presch,0.04
2026,OR,single_parent,child_dependent_care,credit,percentage_of_capped_costs,112950,Inf,4,presch,0
2026,OR,single_parent,child_dependent_care,credit,percentage_of_capped_costs,0,3765,4,school,0.05
2026,OR,single_parent,child_dependent_care,credit,percentage_of_capped_costs,3765,7530,4,school,0.15
2026,OR,single_parent,child_dependent_care,credit,percentage_of_capped_costs,7530,11295,4,school,0.25
2026,OR,single_parent,child_dependent_care,credit,percentage_of_capped_costs,11295,15060,4,school,0.35
2026,OR,single_parent,child_dependent_care,credit,percentage_of_capped_costs,15060,18825,4,school,0.45
2026,OR,single_parent,child_dependent_care,credit,percentage_of_capped_costs,18825,22590,4,school,0.5
2026,OR,single_parent,child_dependent_care,credit,percentage_of_capped_costs,22590,26355,4,school,0.55
2026,OR,single_parent,child_dependent_care,credit,percentage_of_capped_costs,26355,30120,4,school,0.6
2026,OR,single_parent,child_dependent_care,credit,percentage_of_capped_costs,30120,33885,4,school,0.65
2026,OR,single_parent,child_dependent_care,credit,percentage_of_capped_costs,33885,41415,4,school,0.7
2026,OR,single_parent,child_dependent_care,credit,percentage_of_capped_costs,41415,45180,4,school,0.66
2026,OR,single_parent,child_dependent_care,credit,percentage_of_capped_costs,45180,48945,4,school,0.61
2026,OR,single_parent,child_dependent_care,credit,percentage_of_capped_costs,48945,52710,4,school,0.56
2026,OR,single_parent,child_dependent_care,credit,percentage_of_capped_costs,52710,56475,4,school,0.5
2026,OR,single_parent,child_dependent_care,credit,percentage_of_capped_costs,56475,60240,4,school,0.45
2026,OR,single_parent,child_dependent_care,credit,percentage_of_capped_costs,60240,75300,4,school,0.42
2026,OR,single_parent,child_dependent_care,credit,percentage_of_capped_costs,75300,79065,4,school,0.4
2026,OR,single_parent,child_dependent_care,credit,percentage_of_capped_costs,79065,82830,4,school,0.35
2026,OR,single_parent,child_dependent_care,credit,percentage_of_capped_costs,82830,86595,4,school,0.3
2026,OR,single_parent,child_dependent_care,credit,percentage_of_capped_costs,86595,90360,4,school,0.25
2026,OR,single_parent,child_dependent_care,credit,percentage_of_capped_costs,90360,94125,4,school,0.15
2026,OR,single_parent,child_dependent_care,credit,percentage_of_capped_costs,94125,97890,4,school,0.05
2026,OR,single_parent,child_dependent_care,credit,percentage_of_capped_costs,97890,105420,4,school,0.04
2026,OR,single_parent,child_dependent_care,credit,percentage_of_capped_costs,105420,112950,4,school,0.04
2026,OR,single_parent,child_dependent_care,credit,percentage_of_capped_costs,112950,Inf,4,school,0
2026,OR,married,child_dependent_care,credit,percentage_of_capped_costs,0,3765,3,infant,0.1
2026,OR,married,child_dependent_care,credit,percentage_of_capped_costs,3765,7530,3,infant,0.2
2026,OR,married,child_dependent_care,credit,percentage_of_capped_costs,7530,11295,3,infant,0.3
2026,OR,married,child_dependent_care,credit,percentage_of_capped_costs,11295,15060,3,infant,0.4
2026,OR,married,child_dependent_care,credit,percentage_of_capped_costs,15060,18825,3,infant,0.5
2026,OR,married,child_dependent_care,credit,percentage_of_capped_costs,18825,22590,3,infant,0.55
2026,OR,married,child_dependent_care,credit,percentage_of_capped_costs,22590,26355,3,infant,0.6
2026,OR,married,child_dependent_care,credit,percentage_of_capped_costs,26355,30120,3,infant,0.65
2026,OR,married,child_dependent_care,credit,percentage_of_capped_costs,30120,33885,3,infant,0.7
2026,OR,married,child_dependent_care,credit,percentage_of_capped_costs,33885,41415,3,infant,0.75
2026,OR,married,child_dependent_care,credit,percentage_of_capped_costs,41415,45180,3,infant,0.71
2026,OR,married,child_dependent_care,credit,percentage_of_capped_costs,45180,48945,3,infant,0.66
2026,OR,married,child_dependent_care,credit,percentage_of_capped_costs,48945,52710,3,infant,0.61
2026,OR,married,child_dependent_care,credit,percentage_of_capped_costs,52710,56475,3,infant,0.55
2026,OR,married,child_dependent_care,credit,percentage_of_capped_costs,56475,60240,3,infant,0.5
2026,OR,married,child_dependent_care,credit,percentage_of_capped_costs,60240,75300,3,infant,0.47
2026,OR,married,child_dependent_care,credit,percentage_of_capped_costs,75300,79065,3,infant,0.45
2026,OR,married,child_dependent_care,credit,percentage_of_capped_costs,79065,82830,3,infant,0.4
2026,OR,married,child_dependent_care,credit,percentage_of_capped_costs,82830,86595,3,infant,0.35
2026,OR,married,child_dependent_care,credit,percentage_of_capped_costs,86595,90360,3,infant,0.3
2026,OR,married,child_dependent_care,credit,percentage_of_capped_costs,90360,94125,3,infant,0.2
2026,OR,married,child_dependent_care,credit,percentage_of_capped_costs,94125,97890,3,infant,0.1
2026,OR,married,child_dependent_care,credit,percentage_of_capped_costs,97890,105420,3,infant,0.06
2026,OR,married,child_dependent_care,credit,percentage_of_capped_costs,105420,112950,3,infant,0.04
2026,OR,married,child_dependent_care,credit,percentage_of_capped_costs,112950,Inf,3,infant,0
2026,OR,married,child_dependent_care,credit,percentage_of_capped_costs,0,3765,3,presch,0.08
2026,OR,married,child_dependent_care,credit,percentage_of_capped_costs,3765,7530,3,presch,0.18
2026,OR,married,child_dependent_care,credit,percentage_of_capped_costs,7530,11295,3,presch,0.28
2026,OR,married,child_dependent_care,credit,percentage_of_capped_costs,11295,15060,3,presch,0.38
2026,OR,married,child_dependent_care,credit,percentage_of_capped_costs,15060,18825,3,presch,0.48
2026,OR,married,child_dependent_care,credit,percentage_of_capped_costs,18825,22590,3,presch,0.53
2026,OR,married,child_dependent_care,credit,percentage_of_capped_costs,22590,26355,3,presch,0.58
2026,OR,married,child_dependent_care,credit,percentage_of_capped_costs,26355,30120,3,presch,0.63
2026,OR,married,child_dependent_care,credit,percentage_of_capped_costs,30120,33885,3,presch,0.68
2026,OR,married,child_dependent_care,credit,percentage_of_capped_costs,33885,41415,3,presch,0.73
2026,OR,married,child_dependent_care,credit,percentage_of_capped_costs,41415,45180,3,presch,0.69
2026,OR,married,child_dependent_care,credit,percentage_of_capped_costs,45180,48945,3,presch,0.64
2026,OR,married,child_dependent_care,credit,percentage_of_capped_costs,48945,52710,3,presch,0.59
2026,OR,married,child_dependent_care,credit,percentage_of_capped_costs,52710,56475,3,presch,0.53
2026,OR,married,child_dependent_care,credit,percentage_of_capped_costs,56475,60240,3,presch,0.48
2026,OR,married,child_dependent_care,credit,percentage_of_capped_costs,60240,75300,3,presch,0.45
2026,OR,married,child_dependent_care,credit,percentage_of_capped_costs,75300,79065,3,presch,0.43
2026,OR,married,child_dependent_care,credit,percentage_of_capped_costs,79065,82830,3,presch,0.38
2026,OR,married,child_dependent_care,credit,percentage_of_capped_costs,82830,86595,3,presch,0.33
2026,OR,married,child_dependent_care,credit,percentage_of_capped_costs,86595,90360,3,presch,0.28
2026,OR,married,child_dependent_care,credit,percentage_of_capped_costs,90360,94125,3,presch,0.18
2026,OR,married,child_dependent_care,credit,percentage_of_capped_costs,94125,97890,3,presch,0.08
2026,OR,married,child_dependent_care,credit,percentage_of_capped_costs,97890,105420,3,presch,0.06
2026,OR,married,child_dependent_care,credit,percentage_of_capped_costs,105420,112950,3,presch,0.04
2026,OR,married,child_dependent_care,credit,percentage_of_capped_costs,112950,Inf,3,presch,0
2026,OR,married,child_dependent_care,credit,percentage_of_capped_costs,0,3765,3,school,0.05
2026,OR,married,child_dependent_care,credit,percentage_of_capped_costs,3765,7530,3,school,0.15
2026,OR,married,child_dependent_care,credit,percentage_of_capped_costs,7530,11295,3,school,0.25
2026,OR,married,child_dependent_care,credit,percentage_of_capped_costs,11295,15060,3,school,0.35
2026,OR,married,child_dependent_care,credit,percentage_of_capped_costs,15060,18825,3,school,0.45
2026,OR,married,child_dependent_care,credit,percentage_of_capped_costs,18825,22590,3,school,0.5
2026,OR,married,child_dependent_care,credit,percentage_of_capped_costs,22590,26355,3,school,0.55
2026,OR,married,child_dependent_care,credit,percentage_of_capped_costs,26355,30120,3,school,0.6
2026,OR,married,child_dependent_care,credit,percentage_of_capped_costs,30120,33885,3,school,0.65
2026,OR,married,child_dependent_care,credit,percentage_of_capped_costs,33885,41415,3,school,0.7
2026,OR,married,child_dependent_care,credit,percentage_of_capped_costs,41415,45180,3,school,0.66
2026,OR,married,child_dependent_care,credit,percentage_of_capped_costs,45180,48945,3,school,0.61
2026,OR,married,child_dependent_care,credit,percentage_of_capped_costs,48945,52710,3,school,0.56
2026,OR,married,child_dependent_care,credit,percentage_of_capped_costs,52710,56475,3,school,0.5
2026,OR,married,child_dependent_care,credit,percentage_of_capped_costs,56475,60240,3,school,0.45
2026,OR,married,child_dependent_care,credit,percentage_of_capped_costs,60240,75300,3,school,0.42
2026,OR,married,child_dependent_care,credit,percentage_of_capped_costs,75300,79065,3,school,0.4
2026,OR,married,child_dependent_care,credit,percentage_of_capped_costs,79065,82830,3,school,0.35
2026,OR,married,child_dependent_care,credit,percentage_of_capped_costs,82830,86595,3,school,0.3
2026,OR,married,child_dependent_care,credit,percentage_of_capped_costs,86595,90360,3,school,0.25
2026,OR,married,child_dependent_care,credit,percentage_of_capped_costs,90360,94125,3,school,0.15
2026,OR,married,child_dependent_care,credit,percentage_of_capped_costs,94125,97890,3,school,0.05
2026,OR,married,child_dependent_care,credit,percentage_of_capped_costs,97890,105420,3,school,0.04
2026,OR,married,child_dependent_care,credit,percentage_of_capped_costs,105420,112950,3,school,0.04
2026,OR,married,child_dependent_care,credit,percentage_of_capped_costs,112950,Inf,3,school,0
2026,OR,single_parent,child_dependent_care,credit,percentage_of_capped_costs,0,4315,5,infant,0.1
2026,OR,single_parent,child_dependent_care,credit,percentage_of_capped_costs,4315,8630,5,infant,0.2
2026,OR,single_parent,child_dependent_care,credit,percentage_of_capped_costs,8630,12945,5,infant,0.3
2026,OR,single_parent,child_dependent_care,credit,percentage_of_capped_costs,12945,17260,5,infant,0.4
2026,OR,single_parent,child_dependent_care,credit,percentage_of_capped_costs,17260,21575,5,infant,0.5
2026,OR,single_parent,child_dependent_care,credit,percentage_of_capped_costs,21575,25890,5,infant,0.55
2026,OR,single_parent,child_dependent_care,credit,percentage_of_capped_costs,25890,30205,5,infant,0.6
2026,OR,single_parent,child_dependent_care,credit,percentage_of_capped_costs,30205,34520,5,infant,0.65
2026,OR,single_parent,child_dependent_care,credit,percentage_of_capped_costs,34520,38835,5,infant,0.7
2026,OR,single_parent,child_dependent_care,credit,percentage_of_capped_costs,38835,47465,5,infant,0.75
2026,OR,single_parent,child_dependent_care,credit,percentage_of_capped_costs,47465,51780,5,infant,0.71
2026,OR,single_parent,child_dependent_care,credit,percentage_of_capped_costs,51780,56095,5,infant,0.66
2026,OR,single_parent,child_dependent_care,credit,percentage_of_capped_costs,56095,60410,5,infant,0.61
2026,OR,single_parent,child_dependent_care,credit,percentage_of_capped_costs,60410,64725,5,infant,0.55
2026,OR,single_parent,child_dependent_care,credit,percentage_of_capped_costs,64725,69040,5,infant,0.5
2026,OR,single_parent,child_dependent_care,credit,percentage_of_capped_costs,69040,86300,5,infant,0.47
2026,OR,single_parent,child_dependent_care,credit,percentage_of_capped_costs,86300,90615,5,infant,0.45
2026,OR,single_parent,child_dependent_care,credit,percentage_of_capped_costs,90615,94930,5,infant,0.4
2026,OR,single_parent,child_dependent_care,credit,percentage_of_capped_costs,94930,99245,5,infant,0.35
2026,OR,single_parent,child_dependent_care,credit,percentage_of_capped_costs,99245,103560,5,infant,0.3
2026,OR,single_parent,child_dependent_care,credit,percentage_of_capped_costs,103560,107875,5,infant,0.2
2026,OR,single_parent,child_dependent_care,credit,percentage_of_capped_costs,107875,112190,5,infant,0.1
2026,OR,single_parent,child_dependent_care,credit,percentage_of_capped_costs,112190,120820,5,infant,0.06
2026,OR,single_parent,child_dependent_care,credit,percentage_of_capped_costs,120820,129450,5,infant,0.04
2026,OR,single_parent,child_dependent_care,credit,percentage_of_capped_costs,129450,Inf,5,infant,0
2026,OR,single_parent,child_dependent_care,credit,percentage_of_capped_costs,0,4315,5,presch,0.08
2026,OR,single_parent,child_dependent_care,credit,percentage_of_capped_costs,4315,8630,5,presch,0.18
2026,OR,single_parent,child_dependent_care,credit,percentage_of_capped_costs,8630,12945,5,presch,0.28
2026,OR,single_parent,child_dependent_care,credit,percentage_of_capped_costs,12945,17260,5,presch,0.38
2026,OR,single_parent,child_dependent_care,credit,percentage_of_capped_costs,17260,21575,5,presch,0.48
2026,OR,single_parent,child_dependent_care,credit,percentage_of_capped_costs,21575,25890,5,presch,0.53
2026,OR,single_parent,child_dependent_care,credit,percentage_of_capped_costs,25890,30205,5,presch,0.58
2026,OR,single_parent,child_dependent_care,credit,percentage_of_capped_costs,30205,34520,5,presch,0.63
2026,OR,single_parent,child_dependent_care,credit,percentage_of_capped_costs,34520,38835,5,presch,0.68
2026,OR,single_parent,child_dependent_care,credit,percentage_of_capped_costs,38835,47465,5,presch,0.73
2026,OR,single_parent,child_dependent_care,credit,percentage_of_capped_costs,47465,51780,5,presch,0.69
2026,OR,single_parent,child_dependent_care,credit,percentage_of_capped_costs,51780,56095,5,presch,0.64
2026,OR,single_parent,child_dependent_care,credit,percentage_of_capped_costs,56095,60410,5,presch,0.59
2026,OR,single_parent,child_dependent_care,credit,percentage_of_capped_costs,60410,64725,5,presch,0.53
2026,OR,single_parent,child_dependent_care,credit,percentage_of_capped_costs,64725,69040,5,presch,0.48
2026,OR,single_parent,child_dependent_care,credit,percentage_of_capped_costs,69040,86300,5,presch,0.45
2026,OR,single_parent,child_dependent_care,credit,percentage_of_capped_costs,86300,90615,5,presch,0.43
2026,OR,single_parent,child_dependent_care,credit,percentage_of_capped_costs,90615,94930,5,presch,0.38
2026,OR,single_parent,child_dependent_care,credit,percentage_of_capped_costs,94930,99245,5,presch,0.33
2026,OR,single_parent,child_dependent_care,credit,percentage_of_capped_costs,99245,103560,5,presch,0.28
2026,OR,single_parent,child_dependent_care,credit,percentage_of_capped_costs,103560,107875,5,presch,0.18
2026,OR,single_parent,child_dependent_care,credit,percentage_of_capped_costs,107875,112190,5,presch,0.08
2026,OR,single_parent,child_dependent_care,credit,percentage_of_capped_costs,112190,120820,5,presch,0.06
2026,OR,single_parent,child_dependent_care,credit,percentage_of_capped_costs,120820,129450,5,presch,0.04
2026,OR,single_parent,child_dependent_care,credit,percentage_of_capped_costs,129450,Inf,5,presch,0
2026,OR,single_parent,child_dependent_care,credit,percentage_of_capped_costs,0,4315,5,school,0.05
2026,OR,single_parent,child_dependent_care,credit,percentage_of_capped_costs,4315,8630,5,school,0.15
2026,OR,single_parent,child_dependent_care,credit,percentage_of_capped_costs,8630,12945,5,school,0.25
2026,OR,single_parent,child_dependent_care,credit,percentage_of_capped_costs,12945,17260,5,school,0.35
2026,OR,single_parent,child_dependent_care,credit,percentage_of_capped_costs,17260,21575,5,school,0.45
2026,OR,single_parent,child_dependent_care,credit,percentage_of_capped_costs,21575,25890,5,school,0.5
2026,OR,single_parent,child_dependent_care,credit,percentage_of_capped_costs,25890,30205,5,school,0.55
2026,OR,single_parent,child_dependent_care,credit,percentage_of_capped_costs,30205,34520,5,school,0.6
2026,OR,single_parent,child_dependent_care,credit,percentage_of_capped_costs,34520,38835,5,school,0.65
2026,OR,single_parent,child_dependent_care,credit,percentage_of_capped_costs,38835,47465,5,school,0.7
2026,OR,single_parent,child_dependent_care,credit,percentage_of_capped_costs,47465,51780,5,school,0.66
2026,OR,single_parent,child_dependent_care,credit,percentage_of_capped_costs,51780,56095,5,school,0.61
2026,OR,single_parent,child_dependent_care,credit,percentage_of_capped_costs,56095,60410,5,school,0.56
2026,OR,single_parent,child_dependent_care,credit,percentage_of_capped_costs,60410,64725,5,school,0.5
2026,OR,single_parent,child_dependent_care,credit,percentage_of_capped_costs,64725,69040,5,school,0.45
2026,OR,single_parent,child_dependent_care,credit,percentage_of_capped_costs,69040,86300,5,school,0.42
2026,OR,single_parent,child_dependent_care,credit,percentage_of_capped_costs,86300,90615,5,school,0.4
2026,OR,single_parent,child_dependent_care,credit,percentage_of_capped_costs,90615,94930,5,school,0.35
2026,OR,single_parent,child_dependent_care,credit,percentage_of_capped_costs,94930,99245,5,school,0.3
2026,OR,single_parent,child_dependent_care,credit,percentage_of_capped_costs,99245,103560,5,school,0.25
2026,OR,single_parent,child_dependent_care,credit,percentage_of_capped_costs,103560,107875,5,school,0.15
2026,OR,single_parent,child_dependent_care,credit,percentage_of_capped_costs,107875,112190,5,school,0.05
2026,OR,single_parent,child_dependent_care,credit,percentage_of_capped_costs,112190,120820,5,school,0.04
2026,OR,single_parent,child_dependent_care,credit,percentage_of_capped_costs,120820,129450,5,school,0.04
2026,OR,single_parent,child_dependent_care,credit,percentage_of_capped_costs,129450,Inf,5,school,0
2026,OR,married,child_dependent_care,credit,percentage_of_capped_costs,0,4315,4,infant,0.1
2026,OR,married,child_dependent_care,credit,percentage_of_capped_costs,4315,8630,4,infant,0.2
2026,OR,married,child_dependent_care,credit,percentage_of_capped_costs,8630,12945,4,infant,0.3
2026,OR,married,child_dependent_care,credit,percentage_of_capped_costs,12945,17260,4,infant,0.4
2026,OR,married,child_dependent_care,credit,percentage_of_capped_costs,17260,21575,4,infant,0.5
2026,OR,married,child_dependent_care,credit,percentage_of_capped_costs,21575,25890,4,infant,0.55
2026,OR,married,child_dependent_care,credit,percentage_of_capped_costs,25890,30205,4,infant,0.6
2026,OR,married,child_dependent_care,credit,percentage_of_capped_costs,30205,34520,4,infant,0.65
2026,OR,married,child_dependent_care,credit,percentage_of_capped_costs,34520,38835,4,infant,0.7
2026,OR,married,child_dependent_care,credit,percentage_of_capped_costs,38835,47465,4,infant,0.75
2026,OR,married,child_dependent_care,credit,percentage_of_capped_costs,47465,51780,4,infant,0.71
2026,OR,married,child_dependent_care,credit,percentage_of_capped_costs,51780,56095,4,infant,0.66
2026,OR,married,child_dependent_care,credit,percentage_of_capped_costs,56095,60410,4,infant,0.61
2026,OR,married,child_dependent_care,credit,percentage_of_capped_costs,60410,64725,4,infant,0.55
2026,OR,married,child_dependent_care,credit,percentage_of_capped_costs,64725,69040,4,infant,0.5
2026,OR,married,child_dependent_care,credit,percentage_of_capped_costs,69040,86300,4,infant,0.47
2026,OR,married,child_dependent_care,credit,percentage_of_capped_costs,86300,90615,4,infant,0.45
2026,OR,married,child_dependent_care,credit,percentage_of_capped_costs,90615,94930,4,infant,0.4
2026,OR,married,child_dependent_care,credit,percentage_of_capped_costs,94930,99245,4,infant,0.35
2026,OR,married,child_dependent_care,credit,percentage_of_capped_costs,99245,103560,4,infant,0.3
2026,OR,married,child_dependent_care,credit,percentage_of_capped_costs,103560,107875,4,infant,0.2
2026,OR,married,child_dependent_care,credit,percentage_of_capped_costs,107875,112190,4,infant,0.1
2026,OR,married,child_dependent_care,credit,percentage_of_capped_costs,112190,120820,4,infant,0.06
2026,OR,married,child_dependent_care,credit,percentage_of_capped_costs,120820,129450,4,infant,0.04
2026,OR,married,child_dependent_care,credit,percentage_of_capped_costs,129450,Inf,4,infant,0
2026,OR,married,child_dependent_care,credit,percentage_of_capped_costs,0,4315,4,presch,0.08
2026,OR,married,child_dependent_care,credit,percentage_of_capped_costs,4315,8630,4,presch,0.18
2026,OR,married,child_dependent_care,credit,percentage_of_capped_costs,8630,12945,4,presch,0.28
2026,OR,married,child_dependent_care,credit,percentage_of_capped_costs,12945,17260,4,presch,0.38
2026,OR,married,child_dependent_care,credit,percentage_of_capped_costs,17260,21575,4,presch,0.48
2026,OR,married,child_dependent_care,credit,percentage_of_capped_costs,21575,25890,4,presch,0.53
2026,OR,married,child_dependent_care,credit,percentage_of_capped_costs,25890,30205,4,presch,0.58
2026,OR,married,child_dependent_care,credit,percentage_of_capped_costs,30205,34520,4,presch,0.63
2026,OR,married,child_dependent_care,credit,percentage_of_capped_costs,34520,38835,4,presch,0.68
2026,OR,married,child_dependent_care,credit,percentage_of_capped_costs,38835,47465,4,presch,0.73
2026,OR,married,child_dependent_care,credit,percentage_of_capped_costs,47465,51780,4,presch,0.69
2026,OR,married,child_dependent_care,credit,percentage_of_capped_costs,51780,56095,4,presch,0.64
2026,OR,married,child_dependent_care,credit,percentage_of_capped_costs,56095,60410,4,presch,0.59
2026,OR,married,child_dependent_care,credit,percentage_of_capped_costs,60410,64725,4,presch,0.53
2026,OR,married,child_dependent_care,credit,percentage_of_capped_costs,64725,69040,4,presch,0.48
2026,OR,married,child_dependent_care,credit,percentage_of_capped_costs,69040,86300,4,presch,0.45
2026,OR,married,child_dependent_care,credit,percentage_of_capped_costs,86300,90615,4,presch,0.43
2026,OR,married,child_dependent_care,credit,percentage_of_capped_costs,90615,94930,4,presch,0.38
2026,OR,married,child_dependent_care,credit,percentage_of_capped_costs,94930,99245,4,presch,0.33
2026,OR,married,child_dependent_care,credit,percentage_of_capped_costs,99245,103560,4,presch,0.28
2026,OR,married,child_dependent_care,credit,percentage_of_capped_costs,103560,107875,4,presch,0.18
2026,OR,married,child_dependent_care,credit,percentage_of_capped_costs,107875,112190,4,presch,0.08
2026,OR,married,child_dependent_care,credit,percentage_of_capped_costs,112190,120820,4,presch,0.06
2026,OR,married,child_dependent_care,credit,percentage_of_capped_costs,120820,129450,4,presch,0.04
2026,OR,married,child_dependent_care,credit,percentage_of_capped_costs,129450,Inf,4,presch,0
2026,OR,married,child_dependent_care,credit,percentage_of_capped_costs,0,4315,4,school,0.05
2026,OR,married,child_dependent_care,credit,percentage_of_capped_costs,4315,8630,4,school,0.15
2026,OR,married,child_dependent_care,credit,percentage_of_capped_costs,8630,12945,4,school,0.25
2026,OR,married,child_dependent_care,credit,percentage_of_capped_costs,12945,17260,4,school,0.35
2026,OR,married,child_dependent_care,credit,percentage_of_capped_costs,17260,21575,4,school,0.45
2026,OR,married,child_dependent_care,credit,percentage_of_capped_costs,21575,25890,4,school,0.5
2026,OR,married,child_dependent_care,credit,percentage_of_capped_costs,25890,30205,4,school,0.55
2026,OR,married,child_dependent_care,credit,percentage_of_capped_costs,30205,34520,4,school,0.6
2026,OR,married,child_dependent_care,credit,percentage_of_capped_costs,34520,38835,4,school,0.65
2026,OR,married,child_dependent_care,credit,percentage_of_capped_costs,38835,47465,4,school,0.7
2026,OR,married,child_dependent_care,credit,percentage_of_capped_costs,47465,51780,4,school,0.66
2026,OR,married,child_dependent_care,credit,percentage_of_capped_costs,51780,56095,4,school,0.61
2026,OR,married,child_dependent_care,credit,percentage_of_capped_costs,56095,60410,4,school,0.56
2026,OR,married,child_dependent_care,credit,percentage_of_capped_costs,60410,64725,4,school,0.5
2026,OR,married,child_dependent_care,credit,percentage_of_capped_costs,64725,69040,4,school,0.45
2026,OR,married,child_dependent_care,credit,percentage_of_capped_costs,69040,86300,4,school,0.42
2026,OR,married,child_dependent_care,credit,percentage_of_capped_costs,86300,90615,4,school,0.4
2026,OR,married,child_dependent_care,credit,percentage_of_capped_costs,90615,94930,4,school,0.35
2026,OR,married,child_dependent_care,credit,percentage_of_capped_costs,94930,99245,4,school,0.3
2026,OR,married,child_dependent_care,credit,percentage_of_capped_costs,99245,103560,4,school,0.25
2026,OR,married,child_dependent_care,credit,percentage_of_capped_costs,103560,107875,4,school,0.15
2026,OR,married,child_dependent_care,credit,percentage_of_capped_costs,107875,112190,4,school,0.05
2026,OR,married,child_dependent_care,credit,percentage_of_capped_costs,112190,120820,4,school,0.04
2026,OR,married,child_dependent_care,credit,percentage_of_capped_costs,120820,129450,4,school,0.04
2026,OR,married,child_dependent_care,credit,percentage_of_capped_costs,129450,Inf,4,school,0
2026,OR,single_parent,child_dependent_care,credit,percentage_of_capped_costs,0,4865,6,infant,0.1
2026,OR,single_parent,child_dependent_care,credit,percentage_of_capped_costs,4865,9730,6,infant,0.2
2026,OR,single_parent,child_dependent_care,credit,percentage_of_capped_costs,9730,14595,6,infant,0.3
2026,OR,single_parent,child_dependent_care,credit,percentage_of_capped_costs,14595,19460,6,infant,0.4
2026,OR,single_parent,child_dependent_care,credit,percentage_of_capped_costs,19460,24325,6,infant,0.5
2026,OR,single_parent,child_dependent_care,credit,percentage_of_capped_costs,24325,29190,6,infant,0.55
2026,OR,single_parent,child_dependent_care,credit,percentage_of_capped_costs,29190,34055,6,infant,0.6
2026,OR,single_parent,child_dependent_care,credit,percentage_of_capped_costs,34055,38920,6,infant,0.65
2026,OR,single_parent,child_dependent_care,credit,percentage_of_capped_costs,38920,43785,6,infant,0.7
2026,OR,single_parent,child_dependent_care,credit,percentage_of_capped_costs,43785,53515,6,infant,0.75
2026,OR,single_parent,child_dependent_care,credit,percentage_of_capped_costs,53515,58380,6,infant,0.71
2026,OR,single_parent,child_dependent_care,credit,percentage_of_capped_costs,58380,63245,6,infant,0.66
2026,OR,single_parent,child_dependent_care,credit,percentage_of_capped_costs,63245,68110,6,infant,0.61
2026,OR,single_parent,child_dependent_care,credit,percentage_of_capped_costs,68110,72975,6,infant,0.55
2026,OR,single_parent,child_dependent_care,credit,percentage_of_capped_costs,72975,77840,6,infant,0.5
2026,OR,single_parent,child_dependent_care,credit,percentage_of_capped_costs,77840,97300,6,infant,0.47
2026,OR,single_parent,child_dependent_care,credit,percentage_of_capped_costs,97300,102165,6,infant,0.45
2026,OR,single_parent,child_dependent_care,credit,percentage_of_capped_costs,102165,107030,6,infant,0.4
2026,OR,single_parent,child_dependent_care,credit,percentage_of_capped_costs,107030,111895,6,infant,0.35
2026,OR,single_parent,child_dependent_care,credit,percentage_of_capped_costs,111895,116760,6,infant,0.3
2026,OR,single_parent,child_dependent_care,credit,percentage_of_capped_costs,116760,121625,6,infant,0.2
2026,OR,single_parent,child_dependent_care,credit,percentage_of_capped_costs,121625,126490,6,infant,0.1
2026,OR,single_parent,child_dependent_care,credit,percentage_of_capped_costs,126490,136220,6,infant,0.06
2026,OR,single_parent,child_dependent_care,credit,percentage_of_capped_costs,136220,145950,6,infant,0.04
2026,OR,single_parent,child_dependent_care,credit,percentage_of_capped_costs,145950,Inf,6,infant,0
2026,OR,single_parent,child_dependent_care,credit,percentage_of_capped_costs,0,4865,6,presch,0.08
2026,OR,single_parent,child_dependent_care,credit,percentage_of_capped_costs,4865,9730,6,presch,0.18
2026,OR,single_parent,child_dependent_care,credit,percentage_of_capped_costs,9730,14595,6,presch,0.28
2026,OR,single_parent,child_dependent_care,credit,percentage_of_capped_costs,14595,19460,6,presch,0.38
2026,OR,single_parent,child_dependent_care,credit,percentage_of_capped_costs,19460,24325,6,presch,0.48
2026,OR,single_parent,child_dependent_care,credit,percentage_of_capped_costs,24325,29190,6,presch,0.53
2026,OR,single_parent,child_dependent_care,credit,percentage_of_capped_costs,29190,34055,6,presch,0.58
2026,OR,single_parent,child_dependent_care,credit,percentage_of_capped_costs,34055,38920,6,presch,0.63
2026,OR,single_parent,child_dependent_care,credit,percentage_of_capped_costs,38920,43785,6,presch,0.68
2026,OR,single_parent,child_dependent_care,credit,percentage_of_capped_costs,43785,53515,6,presch,0.73
2026,OR,single_parent,child_dependent_care,credit,percentage_of_capped_costs,53515,58380,6,presch,0.69
2026,OR,single_parent,child_dependent_care,credit,percentage_of_capped_costs,58380,63245,6,presch,0.64
2026,OR,single_parent,child_dependent_care,credit,percentage_of_capped_costs,63245,68110,6,presch,0.59
2026,OR,single_parent,child_dependent_care,credit,percentage_of_capped_costs,68110,72975,6,presch,0.53
2026,OR,single_parent,child_dependent_care,credit,percentage_of_capped_costs,72975,77840,6,presch,0.48
2026,OR,single_parent,child_dependent_care,credit,percentage_of_capped_costs,77840,97300,6,presch,0.45
2026,OR,single_parent,child_dependent_care,credit,percentage_of_capped_costs,97300,102165,6,presch,0.43
2026,OR,single_parent,child_dependent_care,credit,percentage_of_capped_costs,102165,107030,6,presch,0.38
2026,OR,single_parent,child_dependent_care,credit,percentage_of_capped_costs,107030,111895,6,presch,0.33
2026,OR,single_parent,child_dependent_care,credit,percentage_of_capped_costs,111895,116760,6,presch,0.28
2026,OR,single_parent,child_dependent_care,credit,percentage_of_capped_costs,116760,121625,6,presch,0.18
2026,OR,single_parent,child_dependent_care,credit,percentage_of_capped_costs,121625,126490,6,presch,0.08
2026,OR,single_parent,child_dependent_care,credit,percentage_of_capped_costs,126490,136220,6,presch,0.06
2026,OR,single_parent,child_dependent_care,credit,percentage_of_capped_costs,136220,145950,6,presch,0.04
2026,OR,single_parent,child_dependent_care,credit,percentage_of_capped_costs,145950,Inf,6,presch,0
2026,OR,single_parent,child_dependent_care,credit,percentage_of_capped_costs,0,4865,6,school,0.05
2026,OR,single_parent,child_dependent_care,credit,percentage_of_capped_costs,4865,9730,6,school,0.15
2026,OR,single_parent,child_dependent_care,credit,percentage_of_capped_costs,9730,14595,6,school,0.25
2026,OR,single_parent,child_dependent_care,credit,percentage_of_capped_costs,14595,19460,6,school,0.35
2026,OR,single_parent,child_dependent_care,credit,percentage_of_capped_costs,19460,24325,6,school,0.45
2026,OR,single_parent,child_dependent_care,credit,percentage_of_capped_costs,24325,29190,6,school,0.5
2026,OR,single_parent,child_dependent_care,credit,percentage_of_capped_costs,29190,34055,6,school,0.55
2026,OR,single_parent,child_dependent_care,credit,percentage_of_capped_costs,34055,38920,6,school,0.6
2026,OR,single_parent,child_dependent_care,credit,percentage_of_capped_costs,38920,43785,6,school,0.65
2026,OR,single_parent,child_dependent_care,credit,percentage_of_capped_costs,43785,53515,6,school,0.7
2026,OR,single_parent,child_dependent_care,credit,percentage_of_capped_costs,53515,58380,6,school,0.66
2026,OR,single_parent,child_dependent_care,credit,percentage_of_capped_costs,58380,63245,6,school,0.61
2026,OR,single_parent,child_dependent_care,credit,percentage_of_capped_costs,63245,68110,6,school,0.56
2026,OR,single_parent,child_dependent_care,credit,percentage_of_capped_costs,68110,72975,6,school,0.5
2026,OR,single_parent,child_dependent_care,credit,percentage_of_capped_costs,72975,77840,6,school,0.45
2026,OR,single_parent,child_dependent_care,credit,percentage_of_capped_costs,77840,97300,6,school,0.42
2026,OR,single_parent,child_dependent_care,credit,percentage_of_capped_costs,97300,102165,6,school,0.4
2026,OR,single_parent,child_dependent_care,credit,percentage_of_capped_costs,102165,107030,6,school,0.35
2026,OR,single_parent,child_dependent_care,credit,percentage_of_capped_costs,107030,111895,6,school,0.3
2026,OR,single_parent,child_dependent_care,credit,percentage_of_capped_costs,111895,116760,6,school,0.25
2026,OR,single_parent,child_dependent_care,credit,percentage_of_capped_costs,116760,121625,6,school,0.15
2026,OR,single_parent,child_dependent_care,credit,percentage_of_capped_costs,121625,126490,6,school,0.05
2026,OR,single_parent,child_dependent_care,credit,percentage_of_capped_costs,126490,136220,6,school,0.04
2026,OR,single_parent,child_dependent_care,credit,percentage_of_capped_costs,136220,145950,6,school,0.04
2026,OR,single_parent,child_dependent_care,credit,percentage_of_capped_costs,145950,Inf,6,school,0
2026,OR,married,child_dependent_care,credit,percentage_of_capped_costs,0,4865,5,infant,0.1
2026,OR,married,child_dependent_care,credit,percentage_of_capped_costs,4865,9730,5,infant,0.2
2026,OR,married,child_dependent_care,credit,percentage_of_capped_costs,9730,14595,5,infant,0.3
2026,OR,married,child_dependent_care,credit,percentage_of_capped_costs,14595,19460,5,infant,0.4
2026,OR,married,child_dependent_care,credit,percentage_of_capped_costs,19460,24325,5,infant,0.5
2026,OR,married,child_dependent_care,credit,percentage_of_capped_costs,24325,29190,5,infant,0.55
2026,OR,married,child_dependent_care,credit,percentage_of_capped_costs,29190,34055,5,infant,0.6
2026,OR,married,child_dependent_care,credit,percentage_of_capped_costs,34055,38920,5,infant,0.65
2026,OR,married,child_dependent_care,credit,percentage_of_capped_costs,38920,43785,5,infant,0.7
2026,OR,married,child_dependent_care,credit,percentage_of_capped_costs,43785,53515,5,infant,0.75
2026,OR,married,child_dependent_care,credit,percentage_of_capped_costs,53515,58380,5,infant,0.71
2026,OR,married,child_dependent_care,credit,percentage_of_capped_costs,58380,63245,5,infant,0.66
2026,OR,married,child_dependent_care,credit,percentage_of_capped_costs,63245,68110,5,infant,0.61
2026,OR,married,child_dependent_care,credit,percentage_of_capped_costs,68110,72975,5,infant,0.55
2026,OR,married,child_dependent_care,credit,percentage_of_capped_costs,72975,77840,5,infant,0.5
2026,OR,married,child_dependent_care,credit,percentage_of_capped_costs,77840,97300,5,infant,0.47
2026,OR,married,child_dependent_care,credit,percentage_of_capped_costs,97300,102165,5,infant,0.45
2026,OR,married,child_dependent_care,credit,percentage_of_capped_costs,102165,107030,5,infant,0.4
2026,OR,married,child_dependent_care,credit,percentage_of_capped_costs,107030,111895,5,infant,0.35
2026,OR,married,child_dependent_care,credit,percentage_of_capped_costs,111895,116760,5,infant,0.3
2026,OR,married,child_dependent_care,credit,percentage_of_capped_costs,116760,121625,5,infant,0.2
2026,OR,married,child_dependent_care,credit,percentage_of_capped_costs,121625,126490,5,infant,0.1
2026,OR,married,child_dependent_care,credit,percentage_of_capped_costs,126490,136220,5,infant,0.06
2026,OR,married,child_dependent_care,credit,percentage_of_capped_costs,136220,145950,5,infant,0.04
2026,OR,married,child_dependent_care,credit,percentage_of_capped_costs,145950,Inf,5,infant,0
2026,OR,married,child_dependent_care,credit,percentage_of_capped_costs,0,4865,5,presch,0.08
2026,OR,married,child_dependent_care,credit,percentage_of_capped_costs,4865,9730,5,presch,0.18
2026,OR,married,child_dependent_care,credit,percentage_of_capped_costs,9730,14595,5,presch,0.28
2026,OR,married,child_dependent_care,credit,percentage_of_capped_costs,14595,19460,5,presch,0.38
2026,OR,married,child_dependent_care,credit,percentage_of_capped_costs,19460,24325,5,presch,0.48
2026,OR,married,child_dependent_care,credit,percentage_of_capped_costs,24325,29190,5,presch,0.53
2026,OR,married,child_dependent_care,credit,percentage_of_capped_costs,29190,34055,5,presch,0.58
2026,OR,married,child_dependent_care,credit,percentage_of_capped_costs,34055,38920,5,presch,0.63
2026,OR,married,child_dependent_care,credit,percentage_of_capped_costs,38920,43785,5,presch,0.68
2026,OR,married,child_dependent_care,credit,percentage_of_capped_costs,43785,53515,5,presch,0.73
2026,OR,married,child_dependent_care,credit,percentage_of_capped_costs,53515,58380,5,presch,0.69
2026,OR,married,child_dependent_care,credit,percentage_of_capped_costs,58380,63245,5,presch,0.64
2026,OR,married,child_dependent_care,credit,percentage_of_capped_costs,63245,68110,5,presch,0.59
2026,OR,married,child_dependent_care,credit,percentage_of_capped_costs,68110,72975,5,presch,0.53
2026,OR,married,child_dependent_care,credit,percentage_of_capped_costs,72975,77840,5,presch,0.48
2026,OR,married,child_dependent_care,credit,percentage_of_capped_costs,77840,97300,5,presch,0.45
2026,OR,married,child_dependent_care,credit,percentage_of_capped_costs,97300,102165,5,presch,0.43
2026,OR,married,child_dependent_care,credit,percentage_of_capped_costs,102165,107030,5,presch,0.38
2026,OR,married,child_dependent_care,credit,percentage_of_capped_costs,107030,111895,5,presch,0.33
2026,OR,married,child_dependent_care,credit,percentage_of_capped_costs,111895,116760,5,presch,0.28
2026,OR,married,child_dependent_care,credit,percentage_of_capped_costs,116760,121625,5,presch,0.18
2026,OR,married,child_dependent_care,credit,percentage_of_capped_costs,121625,126490,5,presch,0.08
2026,OR,married,child_dependent_care,credit,percentage_of_capped_costs,126490,136220,5,presch,0.06
2026,OR,married,child_dependent_care,credit,percentage_of_capped_costs,136220,145950,5,presch,0.04
2026,OR,married,child_dependent_care,credit,percentage_of_capped_costs,145950,Inf,5,presch,0
2026,OR,married,child_dependent_care,credit,percentage_of_capped_costs,0,4865,5,school,0.05
2026,OR,married,child_dependent_care,credit,percentage_of_capped_costs,4865,9730,5,school,0.15
2026,OR,married,child_dependent_care,credit,percentage_of_capped_costs,9730,14595,5,school,0.25
2026,OR,married,child_dependent_care,credit,percentage_of_capped_costs,14595,19460,5,school,0.35
2026,OR,married,child_dependent_care,credit,percentage_of_capped_costs,19460,24325,5,school,0.45
2026,OR,married,child_dependent_care,credit,percentage_of_capped_costs,24325,29190,5,school,0.5
2026,OR,married,child_dependent_care,credit,percentage_of_capped_costs,29190,34055,5,school,0.55
2026,OR,married,child_dependent_care,credit,percentage_of_capped_costs,34055,38920,5,school,0.6
2026,OR,married,child_dependent_care,credit,percentage_of_capped_costs,38920,43785,5,school,0.65
2026,OR,married,child_dependent_care,credit,percentage_of_capped_costs,43785,53515,5,school,0.7
2026,OR,married,child_dependent_care,credit,percentage_of_capped_costs,53515,58380,5,school,0.66
2026,OR,married,child_dependent_care,credit,percentage_of_capped_costs,58380,63245,5,school,0.61
2026,OR,married,child_dependent_care,credit,percentage_of_capped_costs,63245,68110,5,school,0.56
2026,OR,married,child_dependent_care,credit,percentage_of_capped_costs,68110,72975,5,school,0.5
2026,OR,married,child_dependent_care,credit,percentage_of_capped_costs,72975,77840,5,school,0.45
2026,OR,married,child_dependent_care,credit,percentage_of_capped_costs,77840,97300,5,school,0.42
2026,OR,married,child_dependent_care,credit,percentage_of_capped_costs,97300,102165,5,school,0.4
2026,OR,married,child_dependent_care,credit,percentage_of_capped_costs,102165,107030,5,school,0.35
2026,OR,married,child_dependent_care,credit,percentage_of_capped_costs,107030,111895,5,school,0.3
2026,OR,married,child_dependent_care,credit,percentage_of_capped_costs,111895,116760,5,school,0.25
2026,OR,married,child_dependent_care,credit,percentage_of_capped_costs,116760,121625,5,school,0.15
2026,OR,married,child_dependent_care,credit,percentage_of_capped_costs,121625,126490,5,school,0.05
2026,OR,married,child_dependent_care,credit,percentage_of_capped_costs,126490,136220,5,school,0.04
2026,OR,married,child_dependent_care,credit,percentage_of_capped_costs,136220,145950,5,school,0.04
2026,OR,married,child_dependent_care,credit,percentage_of_capped_costs,145950,Inf,5,school,0
2026,OR,single_parent,child_dependent_care,credit,percentage_of_capped_costs,0,5415,7,infant,0.1
2026,OR,single_parent,child_dependent_care,credit,percentage_of_capped_costs,5415,10830,7,infant,0.2
2026,OR,single_parent,child_dependent_care,credit,percentage_of_capped_costs,10830,16245,7,infant,0.3
2026,OR,single_parent,child_dependent_care,credit,percentage_of_capped_costs,16245,21660,7,infant,0.4
2026,OR,single_parent,child_dependent_care,credit,percentage_of_capped_costs,21660,27075,7,infant,0.5
2026,OR,single_parent,child_dependent_care,credit,percentage_of_capped_costs,27075,32490,7,infant,0.55
2026,OR,single_parent,child_dependent_care,credit,percentage_of_capped_costs,32490,37905,7,infant,0.6
2026,OR,single_parent,child_dependent_care,credit,percentage_of_capped_costs,37905,43320,7,infant,0.65
2026,OR,single_parent,child_dependent_care,credit,percentage_of_capped_costs,43320,48735,7,infant,0.7
2026,OR,single_parent,child_dependent_care,credit,percentage_of_capped_costs,48735,59565,7,infant,0.75
2026,OR,single_parent,child_dependent_care,credit,percentage_of_capped_costs,59565,64980,7,infant,0.71
2026,OR,single_parent,child_dependent_care,credit,percentage_of_capped_costs,64980,70395,7,infant,0.66
2026,OR,single_parent,child_dependent_care,credit,percentage_of_capped_costs,70395,75810,7,infant,0.61
2026,OR,single_parent,child_dependent_care,credit,percentage_of_capped_costs,75810,81225,7,infant,0.55
2026,OR,single_parent,child_dependent_care,credit,percentage_of_capped_costs,81225,86640,7,infant,0.5
2026,OR,single_parent,child_dependent_care,credit,percentage_of_capped_costs,86640,108300,7,infant,0.47
2026,OR,single_parent,child_dependent_care,credit,percentage_of_capped_costs,108300,113715,7,infant,0.45
2026,OR,single_parent,child_dependent_care,credit,percentage_of_capped_costs,113715,119130,7,infant,0.4
2026,OR,single_parent,child_dependent_care,credit,percentage_of_capped_costs,119130,124545,7,infant,0.35
2026,OR,single_parent,child_dependent_care,credit,percentage_of_capped_costs,124545,129960,7,infant,0.3
2026,OR,single_parent,child_dependent_care,credit,percentage_of_capped_costs,129960,135375,7,infant,0.2
2026,OR,single_parent,child_dependent_care,credit,percentage_of_capped_costs,135375,140790,7,infant,0.1
2026,OR,single_parent,child_dependent_care,credit,percentage_of_capped_costs,140790,151620,7,infant,0.06
2026,OR,single_parent,child_dependent_care,credit,percentage_of_capped_costs,151620,162450,7,infant,0.04
2026,OR,single_parent,child_dependent_care,credit,percentage_of_capped_costs,162450,Inf,7,infant,0
2026,OR,single_parent,child_dependent_care,credit,percentage_of_capped_costs,0,5415,7,presch,0.08
2026,OR,single_parent,child_dependent_care,credit,percentage_of_capped_costs,5415,10830,7,presch,0.18
2026,OR,single_parent,child_dependent_care,credit,percentage_of_capped_costs,10830,16245,7,presch,0.28
2026,OR,single_parent,child_dependent_care,credit,percentage_of_capped_costs,16245,21660,7,presch,0.38
2026,OR,single_parent,child_dependent_care,credit,percentage_of_capped_costs,21660,27075,7,presch,0.48
2026,OR,single_parent,child_dependent_care,credit,percentage_of_capped_costs,27075,32490,7,presch,0.53
2026,OR,single_parent,child_dependent_care,credit,percentage_of_capped_costs,32490,37905,7,presch,0.58
2026,OR,single_parent,child_dependent_care,credit,percentage_of_capped_costs,37905,43320,7,presch,0.63
2026,OR,single_parent,child_dependent_care,credit,percentage_of_capped_costs,43320,48735,7,presch,0.68
2026,OR,single_parent,child_dependent_care,credit,percentage_of_capped_costs,48735,59565,7,presch,0.73
2026,OR,single_parent,child_dependent_care,credit,percentage_of_capped_costs,59565,64980,7,presch,0.69
2026,OR,single_parent,child_dependent_care,credit,percentage_of_capped_costs,64980,70395,7,presch,0.64
2026,OR,single_parent,child_dependent_care,credit,percentage_of_capped_costs,70395,75810,7,presch,0.59
2026,OR,single_parent,child_dependent_care,credit,percentage_of_capped_costs,75810,81225,7,presch,0.53
2026,OR,single_parent,child_dependent_care,credit,percentage_of_capped_costs,81225,86640,7,presch,0.48
2026,OR,single_parent,child_dependent_care,credit,percentage_of_capped_costs,86640,108300,7,presch,0.45
2026,OR,single_parent,child_dependent_care,credit,percentage_of_capped_costs,108300,113715,7,presch,0.43
2026,OR,single_parent,child_dependent_care,credit,percentage_of_capped_costs,113715,119130,7,presch,0.38
2026,OR,single_parent,child_dependent_care,credit,percentage_of_capped_costs,119130,124545,7,presch,0.33
2026,OR,single_parent,child_dependent_care,credit,percentage_of_capped_costs,124545,129960,7,presch,0.28
2026,OR,single_parent,child_dependent_care,credit,percentage_of_capped_costs,129960,135375,7,presch,0.18
2026,OR,single_parent,child_dependent_care,credit,percentage_of_capped_costs,135375,140790,7,presch,0.08
2026,OR,single_parent,child_dependent_care,credit,percentage_of_capped_costs,140790,151620,7,presch,0.06
2026,OR,single_parent,child_dependent_care,credit,percentage_of_capped_costs,151620,162450,7,presch,0.04
2026,OR,single_parent,child_dependent_care,credit,percentage_of_capped_costs,162450,Inf,7,presch,0
2026,OR,single_parent,child_dependent_care,credit,percentage_of_capped_costs,0,5415,7,school,0.05
2026,OR,single_parent,child_dependent_care,credit,percentage_of_capped_costs,5415,10830,7,school,0.15
2026,OR,single_parent,child_dependent_care,credit,percentage_of_capped_costs,10830,16245,7,school,0.25
2026,OR,single_parent,child_dependent_care,credit,percentage_of_capped_costs,16245,21660,7,school,0.35
2026,OR,single_parent,child_dependent_care,credit,percentage_of_capped_costs,21660,27075,7,school,0.45
2026,OR,single_parent,child_dependent_care,credit,percentage_of_capped_costs,27075,32490,7,school,0.5
2026,OR,single_parent,child_dependent_care,credit,percentage_of_capped_costs,32490,37905,7,school,0.55
2026,OR,single_parent,child_dependent_care,credit,percentage_of_capped_costs,37905,43320,7,school,0.6
2026,OR,single_parent,child_dependent_care,credit,percentage_of_capped_costs,43320,48735,7,school,0.65
2026,OR,single_parent,child_dependent_care,credit,percentage_of_capped_costs,48735,59565,7,school,0.7
2026,OR,single_parent,child_dependent_care,credit,percentage_of_capped_costs,59565,64980,7,school,0.66
2026,OR,single_parent,child_dependent_care,credit,percentage_of_capped_costs,64980,70395,7,school,0.61
2026,OR,single_parent,child_dependent_care,credit,percentage_of_capped_costs,70395,75810,7,school,0.56
2026,OR,single_parent,child_dependent_care,credit,percentage_of_capped_costs,75810,81225,7,school,0.5
2026,OR,single_parent,child_dependent_care,credit,percentage_of_capped_costs,81225,86640,7,school,0.45
2026,OR,single_parent,child_dependent_care,credit,percentage_of_capped_costs,86640,108300,7,school,0.42
2026,OR,single_parent,child_dependent_care,credit,percentage_of_capped_costs,108300,113715,7,school,0.4
2026,OR,single_parent,child_dependent_care,credit,percentage_of_capped_costs,113715,119130,7,school,0.35
2026,OR,single_parent,child_dependent_care,credit,percentage_of_capped_costs,119130,124545,7,school,0.3
2026,OR,single_parent,child_dependent_care,credit,percentage_of_capped_costs,124545,129960,7,school,0.25
2026,OR,single_parent,child_dependent_care,credit,percentage_of_capped_costs,129960,135375,7,school,0.15
2026,OR,single_parent,child_dependent_care,credit,percentage_of_capped_costs,135375,140790,7,school,0.05
2026,OR,single_parent,child_dependent_care,credit,percentage_of_capped_costs,140790,151620,7,school,0.04
2026,OR,single_parent,child_dependent_care,credit,percentage_of_capped_costs,151620,162450,7,school,0.04
2026,OR,single_parent,child_dependent_care,credit,percentage_of_capped_costs,162450,Inf,7,school,0
2026,OR,married,child_dependent_care,credit,percentage_of_capped_costs,0,5415,6,infant,0.1
2026,OR,married,child_dependent_care,credit,percentage_of_capped_costs,5415,10830,6,infant,0.2
2026,OR,married,child_dependent_care,credit,percentage_of_capped_costs,10830,16245,6,infant,0.3
2026,OR,married,child_dependent_care,credit,percentage_of_capped_costs,16245,21660,6,infant,0.4
2026,OR,married,child_dependent_care,credit,percentage_of_capped_costs,21660,27075,6,infant,0.5
2026,OR,married,child_dependent_care,credit,percentage_of_capped_costs,27075,32490,6,infant,0.55
2026,OR,married,child_dependent_care,credit,percentage_of_capped_costs,32490,37905,6,infant,0.6
2026,OR,married,child_dependent_care,credit,percentage_of_capped_costs,37905,43320,6,infant,0.65
2026,OR,married,child_dependent_care,credit,percentage_of_capped_costs,43320,48735,6,infant,0.7
2026,OR,married,child_dependent_care,credit,percentage_of_capped_costs,48735,59565,6,infant,0.75
2026,OR,married,child_dependent_care,credit,percentage_of_capped_costs,59565,64980,6,infant,0.71
2026,OR,married,child_dependent_care,credit,percentage_of_capped_costs,64980,70395,6,infant,0.66
2026,OR,married,child_dependent_care,credit,percentage_of_capped_costs,70395,75810,6,infant,0.61
2026,OR,married,child_dependent_care,credit,percentage_of_capped_costs,75810,81225,6,infant,0.55
2026,OR,married,child_dependent_care,credit,percentage_of_capped_costs,81225,86640,6,infant,0.5
2026,OR,married,child_dependent_care,credit,percentage_of_capped_costs,86640,108300,6,infant,0.47
2026,OR,married,child_dependent_care,credit,percentage_of_capped_costs,108300,113715,6,infant,0.45
2026,OR,married,child_dependent_care,credit,percentage_of_capped_costs,113715,119130,6,infant,0.4
2026,OR,married,child_dependent_care,credit,percentage_of_capped_costs,119130,124545,6,infant,0.35
2026,OR,married,child_dependent_care,credit,percentage_of_capped_costs,124545,129960,6,infant,0.3
2026,OR,married,child_dependent_care,credit,percentage_of_capped_costs,129960,135375,6,infant,0.2
2026,OR,married,child_dependent_care,credit,percentage_of_capped_costs,135375,140790,6,infant,0.1
2026,OR,married,child_dependent_care,credit,percentage_of_capped_costs,140790,151620,6,infant,0.06
2026,OR,married,child_dependent_care,credit,percentage_of_capped_costs,151620,162450,6,infant,0.04
2026,OR,married,child_dependent_care,credit,percentage_of_capped_costs,162450,Inf,6,infant,0
2026,OR,married,child_dependent_care,credit,percentage_of_capped_costs,0,5415,6,presch,0.08
2026,OR,married,child_dependent_care,credit,percentage_of_capped_costs,5415,10830,6,presch,0.18
2026,OR,married,child_dependent_care,credit,percentage_of_capped_costs,10830,16245,6,presch,0.28
2026,OR,married,child_dependent_care,credit,percentage_of_capped_costs,16245,21660,6,presch,0.38
2026,OR,married,child_dependent_care,credit,percentage_of_capped_costs,21660,27075,6,presch,0.48
2026,OR,married,child_dependent_care,credit,percentage_of_capped_costs,27075,32490,6,presch,0.53
2026,OR,married,child_dependent_care,credit,percentage_of_capped_costs,32490,37905,6,presch,0.58
2026,OR,married,child_dependent_care,credit,percentage_of_capped_costs,37905,43320,6,presch,0.63
2026,OR,married,child_dependent_care,credit,percentage_of_capped_costs,43320,48735,6,presch,0.68
2026,OR,married,child_dependent_care,credit,percentage_of_capped_costs,48735,59565,6,presch,0.73
2026,OR,married,child_dependent_care,credit,percentage_of_capped_costs,59565,64980,6,presch,0.69
2026,OR,married,child_dependent_care,credit,percentage_of_capped_costs,64980,70395,6,presch,0.64
2026,OR,married,child_dependent_care,credit,percentage_of_capped_costs,70395,75810,6,presch,0.59
2026,OR,married,child_dependent_care,credit,percentage_of_capped_costs,75810,81225,6,presch,0.53
2026,OR,married,child_dependent_care,credit,percentage_of_capped_costs,81225,86640,6,presch,0.48
2026,OR,married,child_dependent_care,credit,percentage_of_capped_costs,86640,108300,6,presch,0.45
2026,OR,married,child_dependent_care,credit,percentage_of_capped_costs,108300,113715,6,presch,0.43
2026,OR,married,child_dependent_care,credit,percentage_of_capped_costs,113715,119130,6,presch,0.38
2026,OR,married,child_dependent_care,credit,percentage_of_capped_costs,119130,124545,6,presch,0.33
2026,OR,married,child_dependent_care,credit,percentage_of_capped_costs,124545,129960,6,presch,0.28
2026,OR,married,child_dependent_care,credit,percentage_of_capped_costs,129960,135375,6,presch,0.18
2026,OR,married,child_dependent_care,credit,percentage_of_capped_costs,135375,140790,6,presch,0.08
2026,OR,married,child_dependent_care,credit,percentage_of_capped_costs,140790,151620,6,presch,0.06
2026,OR,married,child_dependent_care,credit,percentage_of_capped_costs,151620,162450,6,presch,0.04
2026,OR,married,child_dependent_care,credit,percentage_of_capped_costs,162450,Inf,6,presch,0
2026,OR,married,child_dependent_care,credit,percentage_of_capped_costs,0,5415,6,school,0.05
2026,OR,married,child_dependent_care,credit,percentage_of_capped_costs,5415,10830,6,school,0.15
2026,OR,married,child_dependent_care,credit,percentage_of_capped_costs,10830,16245,6,school,0.25
2026,OR,married,child_dependent_care,credit,percentage_of_capped_costs,16245,21660,6,school,0.35
2026,OR,married,child_dependent_care,credit,percentage_of_capped_costs,21660,27075,6,school,0.45
2026,OR,married,child_dependent_care,credit,percentage_of_capped_costs,27075,32490,6,school,0.5
2026,OR,married,child_dependent_care,credit,percentage_of_capped_costs,32490,37905,6,school,0.55
2026,OR,married,child_dependent_care,credit,percentage_of_capped_costs,37905,43320,6,school,0.6
2026,OR,married,child_dependent_care,credit,percentage_of_capped_costs,43320,48735,6,school,0.65
2026,OR,married,child_dependent_care,credit,percentage_of_capped_costs,48735,59565,6,school,0.7
2026,OR,married,child_dependent_care,credit,percentage_of_capped_costs,59565,64980,6,school,0.66
2026,OR,married,child_dependent_care,credit,percentage_of_capped_costs,64980,70395,6,school,0.61
2026,OR,married,child_dependent_care,credit,percentage_of_capped_costs,70395,75810,6,school,0.56
2026,OR,married,child_dependent_care,credit,percentage_of_capped_costs,75810,81225,6,school,0.5
2026,OR,married,child_dependent_care,credit,percentage_of_capped_costs,81225,86640,6,school,0.45
2026,OR,married,child_dependent_care,credit,percentage_of_capped_costs,86640,108300,6,school,0.42
2026,OR,married,child_dependent_care,credit,percentage_of_capped_costs,108300,113715,6,school,0.4
2026,OR,married,child_dependent_care,credit,percentage_of_capped_costs,113715,119130,6,school,0.35
2026,OR,married,child_dependent_care,credit,percentage_of_capped_costs,119130,124545,6,school,0.3
2026,OR,married,child_dependent_care,credit,percentage_of_capped_costs,124545,129960,6,school,0.25
2026,OR,married,child_dependent_care,credit,percentage_of_capped_costs,129960,135375,6,school,0.15
2026,OR,married,child_dependent_care,credit,percentage_of_capped_costs,135375,140790,6,school,0.05
2026,OR,married,child_dependent_care,credit,percentage_of_capped_costs,140790,151620,6,school,0.04
2026,OR,married,child_dependent_care,credit,percentage_of_capped_costs,151620,162450,6,school,0.04
2026,OR,married,child_dependent_care,credit,percentage_of_capped_costs,162450,Inf,6,school,0
2026,OR,single_parent,child_dependent_care,credit,percentage_of_capped_costs,0,5415,8,infant,0.1
2026,OR,single_parent,child_dependent_care,credit,percentage_of_capped_costs,5415,10830,8,infant,0.2
2026,OR,single_parent,child_dependent_care,credit,percentage_of_capped_costs,10830,16245,8,infant,0.3
2026,OR,single_parent,child_dependent_care,credit,percentage_of_capped_costs,16245,21660,8,infant,0.4
2026,OR,single_parent,child_dependent_care,credit,percentage_of_capped_costs,21660,27075,8,infant,0.5
2026,OR,single_parent,child_dependent_care,credit,percentage_of_capped_costs,27075,32490,8,infant,0.55
2026,OR,single_parent,child_dependent_care,credit,percentage_of_capped_costs,32490,37905,8,infant,0.6
2026,OR,single_parent,child_dependent_care,credit,percentage_of_capped_costs,37905,43320,8,infant,0.65
2026,OR,single_parent,child_dependent_care,credit,percentage_of_capped_costs,43320,48735,8,infant,0.7
2026,OR,single_parent,child_dependent_care,credit,percentage_of_capped_costs,48735,59565,8,infant,0.75
2026,OR,single_parent,child_dependent_care,credit,percentage_of_capped_costs,59565,64980,8,infant,0.71
2026,OR,single_parent,child_dependent_care,credit,percentage_of_capped_costs,64980,70395,8,infant,0.66
2026,OR,single_parent,child_dependent_care,credit,percentage_of_capped_costs,70395,75810,8,infant,0.61
2026,OR,single_parent,child_dependent_care,credit,percentage_of_capped_costs,75810,81225,8,infant,0.55
2026,OR,single_parent,child_dependent_care,credit,percentage_of_capped_costs,81225,86640,8,infant,0.5
2026,OR,single_parent,child_dependent_care,credit,percentage_of_capped_costs,86640,108300,8,infant,0.47
2026,OR,single_parent,child_dependent_care,credit,percentage_of_capped_costs,108300,113715,8,infant,0.45
2026,OR,single_parent,child_dependent_care,credit,percentage_of_capped_costs,113715,119130,8,infant,0.4
2026,OR,single_parent,child_dependent_care,credit,percentage_of_capped_costs,119130,124545,8,infant,0.35
2026,OR,single_parent,child_dependent_care,credit,percentage_of_capped_costs,124545,129960,8,infant,0.3
2026,OR,single_parent,child_dependent_care,credit,percentage_of_capped_costs,129960,135375,8,infant,0.2
2026,OR,single_parent,child_dependent_care,credit,percentage_of_capped_costs,135375,140790,8,infant,0.1
2026,OR,single_parent,child_dependent_care,credit,percentage_of_capped_costs,140790,151620,8,infant,0.06
2026,OR,single_parent,child_dependent_care,credit,percentage_of_capped_costs,151620,162450,8,infant,0.04
2026,OR,single_parent,child_dependent_care,credit,percentage_of_capped_costs,162450,Inf,8,infant,0
2026,OR,single_parent,child_dependent_care,credit,percentage_of_capped_costs,0,5415,8,presch,0.08
2026,OR,single_parent,child_dependent_care,credit,percentage_of_capped_costs,5415,10830,8,presch,0.18
2026,OR,single_parent,child_dependent_care,credit,percentage_of_capped_costs,10830,16245,8,presch,0.28
2026,OR,single_parent,child_dependent_care,credit,percentage_of_capped_costs,16245,21660,8,presch,0.38
2026,OR,single_parent,child_dependent_care,credit,percentage_of_capped_costs,21660,27075,8,presch,0.48
2026,OR,single_parent,child_dependent_care,credit,percentage_of_capped_costs,27075,32490,8,presch,0.53
2026,OR,single_parent,child_dependent_care,credit,percentage_of_capped_costs,32490,37905,8,presch,0.58
2026,OR,single_parent,child_dependent_care,credit,percentage_of_capped_costs,37905,43320,8,presch,0.63
2026,OR,single_parent,child_dependent_care,credit,percentage_of_capped_costs,43320,48735,8,presch,0.68
2026,OR,single_parent,child_dependent_care,credit,percentage_of_capped_costs,48735,59565,8,presch,0.73
2026,OR,single_parent,child_dependent_care,credit,percentage_of_capped_costs,59565,64980,8,presch,0.69
2026,OR,single_parent,child_dependent_care,credit,percentage_of_capped_costs,64980,70395,8,presch,0.64
2026,OR,single_parent,child_dependent_care,credit,percentage_of_capped_costs,70395,75810,8,presch,0.59
2026,OR,single_parent,child_dependent_care,credit,percentage_of_capped_costs,75810,81225,8,presch,0.53
2026,OR,single_parent,child_dependent_care,credit,percentage_of_capped_costs,81225,86640,8,presch,0.48
2026,OR,single_parent,child_dependent_care,credit,percentage_of_capped_costs,86640,108300,8,presch,0.45
2026,OR,single_parent,child_dependent_care,credit,percentage_of_capped_costs,108300,113715,8,presch,0.43
2026,OR,single_parent,child_dependent_care,credit,percentage_of_capped_costs,113715,119130,8,presch,0.38
2026,OR,single_parent,child_dependent_care,credit,percentage_of_capped_costs,119130,124545,8,presch,0.33
2026,OR,single_parent,child_dependent_care,credit,percentage_of_capped_costs,124545,129960,8,presch,0.28
2026,OR,single_parent,child_dependent_care,credit,percentage_of_capped_costs,129960,135375,8,presch,0.18
2026,OR,single_parent,child_dependent_care,credit,percentage_of_capped_costs,135375,140790,8,presch,0.08
2026,OR,single_parent,child_dependent_care,credit,percentage_of_capped_costs,140790,151620,8,presch,0.06
2026,OR,single_parent,child_dependent_care,credit,percentage_of_capped_costs,151620,162450,8,presch,0.04
2026,OR,single_parent,child_dependent_care,credit,percentage_of_capped_costs,162450,Inf,8,presch,0
2026,OR,single_parent,child_dependent_care,credit,percentage_of_capped_costs,0,5415,8,school,0.05
2026,OR,single_parent,child_dependent_care,credit,percentage_of_capped_costs,5415,10830,8,school,0.15
2026,OR,single_parent,child_dependent_care,credit,percentage_of_capped_costs,10830,16245,8,school,0.25
2026,OR,single_parent,child_dependent_care,credit,percentage_of_capped_costs,16245,21660,8,school,0.35
2026,OR,single_parent,child_dependent_care,credit,percentage_of_capped_costs,21660,27075,8,school,0.45
2026,OR,single_parent,child_dependent_care,credit,percentage_of_capped_costs,27075,32490,8,school,0.5
2026,OR,single_parent,child_dependent_care,credit,percentage_of_capped_costs,32490,37905,8,school,0.55
2026,OR,single_parent,child_dependent_care,credit,percentage_of_capped_costs,37905,43320,8,school,0.6
2026,OR,single_parent,child_dependent_care,credit,percentage_of_capped_costs,43320,48735,8,school,0.65
2026,OR,single_parent,child_dependent_care,credit,percentage_of_capped_costs,48735,59565,8,school,0.7
2026,OR,single_parent,child_dependent_care,credit,percentage_of_capped_costs,59565,64980,8,school,0.66
2026,OR,single_parent,child_dependent_care,credit,percentage_of_capped_costs,64980,70395,8,school,0.61
2026,OR,single_parent,child_dependent_care,credit,percentage_of_capped_costs,70395,75810,8,school,0.56
2026,OR,single_parent,child_dependent_care,credit,percentage_of_capped_costs,75810,81225,8,school,0.5
2026,OR,single_parent,child_dependent_care,credit,percentage_of_capped_costs,81225,86640,8,school,0.45
2026,OR,single_parent,child_dependent_care,credit,percentage_of_capped_costs,86640,108300,8,school,0.42
2026,OR,single_parent,child_dependent_care,credit,percentage_of_capped_costs,108300,113715,8,school,0.4
2026,OR,single_parent,child_dependent_care,credit,percentage_of_capped_costs,113715,119130,8,school,0.35
2026,OR,single_parent,child_dependent_care,credit,percentage_of_capped_costs,119130,124545,8,school,0.3
2026,OR,single_parent,child_dependent_care,credit,percentage_of_capped_costs,124545,129960,8,school,0.25
2026,OR,single_parent,child_dependent_care,credit,percentage_of_capped_costs,129960,135375,8,school,0.15
2026,OR,single_parent,child_dependent_care,credit,percentage_of_capped_costs,135375,140790,8,school,0.05
2026,OR,single_parent,child_dependent_care,credit,percentage_of_capped_costs,140790,151620,8,school,0.04
2026,OR,single_parent,child_dependent_care,credit,percentage_of_capped_costs,151620,162450,8,school,0.04
2026,OR,single_parent,child_dependent_care,credit,percentage_of_capped_costs,162450,Inf,8,school,0
2026,OR,married,child_dependent_care,credit,percentage_of_capped_costs,0,5415,7,infant,0.1
2026,OR,married,child_dependent_care,credit,percentage_of_capped_costs,5415,10830,7,infant,0.2
2026,OR,married,child_dependent_care,credit,percentage_of_capped_costs,10830,16245,7,infant,0.3
2026,OR,married,child_dependent_care,credit,percentage_of_capped_costs,16245,21660,7,infant,0.4
2026,OR,married,child_dependent_care,credit,percentage_of_capped_costs,21660,27075,7,infant,0.5
2026,OR,married,child_dependent_care,credit,percentage_of_capped_costs,27075,32490,7,infant,0.55
2026,OR,married,child_dependent_care,credit,percentage_of_capped_costs,32490,37905,7,infant,0.6
2026,OR,married,child_dependent_care,credit,percentage_of_capped_costs,37905,43320,7,infant,0.65
2026,OR,married,child_dependent_care,credit,percentage_of_capped_costs,43320,48735,7,infant,0.7
2026,OR,married,child_dependent_care,credit,percentage_of_capped_costs,48735,59565,7,infant,0.75
2026,OR,married,child_dependent_care,credit,percentage_of_capped_costs,59565,64980,7,infant,0.71
2026,OR,married,child_dependent_care,credit,percentage_of_capped_costs,64980,70395,7,infant,0.66
2026,OR,married,child_dependent_care,credit,percentage_of_capped_costs,70395,75810,7,infant,0.61
2026,OR,married,child_dependent_care,credit,percentage_of_capped_costs,75810,81225,7,infant,0.55
2026,OR,married,child_dependent_care,credit,percentage_of_capped_costs,81225,86640,7,infant,0.5
2026,OR,married,child_dependent_care,credit,percentage_of_capped_costs,86640,108300,7,infant,0.47
2026,OR,married,child_dependent_care,credit,percentage_of_capped_costs,108300,113715,7,infant,0.45
2026,OR,married,child_dependent_care,credit,percentage_of_capped_costs,113715,119130,7,infant,0.4
2026,OR,married,child_dependent_care,credit,percentage_of_capped_costs,119130,124545,7,infant,0.35
2026,OR,married,child_dependent_care,credit,percentage_of_capped_costs,124545,129960,7,infant,0.3
2026,OR,married,child_dependent_care,credit,percentage_of_capped_costs,129960,135375,7,infant,0.2
2026,OR,married,child_dependent_care,credit,percentage_of_capped_costs,135375,140790,7,infant,0.1
2026,OR,married,child_dependent_care,credit,percentage_of_capped_costs,140790,151620,7,infant,0.06
2026,OR,married,child_dependent_care,credit,percentage_of_capped_costs,151620,162450,7,infant,0.04
2026,OR,married,child_dependent_care,credit,percentage_of_capped_costs,162450,Inf,7,infant,0
2026,OR,married,child_dependent_care,credit,percentage_of_capped_costs,0,5415,7,presch,0.08
2026,OR,married,child_dependent_care,credit,percentage_of_capped_costs,5415,10830,7,presch,0.18
2026,OR,married,child_dependent_care,credit,percentage_of_capped_costs,10830,16245,7,presch,0.28
2026,OR,married,child_dependent_care,credit,percentage_of_capped_costs,16245,21660,7,presch,0.38
2026,OR,married,child_dependent_care,credit,percentage_of_capped_costs,21660,27075,7,presch,0.48
2026,OR,married,child_dependent_care,credit,percentage_of_capped_costs,27075,32490,7,presch,0.53
2026,OR,married,child_dependent_care,credit,percentage_of_capped_costs,32490,37905,7,presch,0.58
2026,OR,married,child_dependent_care,credit,percentage_of_capped_costs,37905,43320,7,presch,0.63
2026,OR,married,child_dependent_care,credit,percentage_of_capped_costs,43320,48735,7,presch,0.68
2026,OR,married,child_dependent_care,credit,percentage_of_capped_costs,48735,59565,7,presch,0.73
2026,OR,married,child_dependent_care,credit,percentage_of_capped_costs,59565,64980,7,presch,0.69
2026,OR,married,child_dependent_care,credit,percentage_of_capped_costs,64980,70395,7,presch,0.64
2026,OR,married,child_dependent_care,credit,percentage_of_capped_costs,70395,75810,7,presch,0.59
2026,OR,married,child_dependent_care,credit,percentage_of_capped_costs,75810,81225,7,presch,0.53
2026,OR,married,child_dependent_care,credit,percentage_of_capped_costs,81225,86640,7,presch,0.48
2026,OR,married,child_dependent_care,credit,percentage_of_capped_costs,86640,108300,7,presch,0.45
2026,OR,married,child_dependent_care,credit,percentage_of_capped_costs,108300,113715,7,presch,0.43
2026,OR,married,child_dependent_care,credit,percentage_of_capped_costs,113715,119130,7,presch,0.38
2026,OR,married,child_dependent_care,credit,percentage_of_capped_costs,119130,124545,7,presch,0.33
2026,OR,married,child_dependent_care,credit,percentage_of_capped_costs,124545,129960,7,presch,0.28
2026,OR,married,child_dependent_care,credit,percentage_of_capped_costs,129960,135375,7,presch,0.18
2026,OR,married,child_dependent_care,credit,percentage_of_capped_costs,135375,140790,7,presch,0.08
2026,OR,married,child_dependent_care,credit,percentage_of_capped_costs,140790,151620,7,presch,0.06
2026,OR,married,child_dependent_care,credit,percentage_of_capped_costs,151620,162450,7,presch,0.04
2026,OR,married,child_dependent_care,credit,percentage_of_capped_costs,162450,Inf,7,presch,0
2026,OR,married,child_dependent_care,credit,percentage_of_capped_costs,0,5415,7,school,0.05
2026,OR,married,child_dependent_care,credit,percentage_of_capped_costs,5415,10830,7,school,0.15
2026,OR,married,child_dependent_care,credit,percentage_of_capped_costs,10830,16245,7,school,0.25
2026,OR,married,child_dependent_care,credit,percentage_of_capped_costs,16245,21660,7,school,0.35
2026,OR,married,child_dependent_care,credit,percentage_of_capped_costs,21660,27075,7,school,0.45
2026,OR,married,child_dependent_care,credit,percentage_of_capped_costs,27075,32490,7,school,0.5
2026,OR,married,child_dependent_care,credit,percentage_of_capped_costs,32490,37905,7,school,0.55
2026,OR,married,child_dependent_care,credit,percentage_of_capped_costs,37905,43320,7,school,0.6
2026,OR,married,child_dependent_care,credit,percentage_of_capped_costs,43320,48735,7,school,0.65
2026,OR,married,child_dependent_care,credit,percentage_of_capped_costs,48735,59565,7,school,0.7
2026,OR,married,child_dependent_care,credit,percentage_of_capped_costs,59565,64980,7,school,0.66
2026,OR,married,child_dependent_care,credit,percentage_of_capped_costs,64980,70395,7,school,0.61
2026,OR,married,child_dependent_care,credit,percentage_of_capped_costs,70395,75810,7,school,0.56
2026,OR,married,child_dependent_care,credit,percentage_of_capped_costs,75810,81225,7,school,0.5
2026,OR,married,child_dependent_care,credit,percentage_of_capped_costs,81225,86640,7,school,0.45
2026,OR,married,child_dependent_care,credit,percentage_of_capped_costs,86640,108300,7,school,0.42
2026,OR,married,child_dependent_care,credit,percentage_of_capped_costs,108300,113715,7,school,0.4
2026,OR,married,child_dependent_care,credit,percentage_of_capped_costs,113715,119130,7,school,0.35
2026,OR,married,child_dependent_care,credit,percentage_of_capped_costs,119130,124545,7,school,0.3
2026,OR,married,child_dependent_care,credit,percentage_of_capped_costs,124545,129960,7,school,0.25
2026,OR,married,child_dependent_care,credit,percentage_of_capped_costs,129960,135375,7,school,0.15
2026,OR,married,child_dependent_care,credit,percentage_of_capped_costs,135375,140790,7,school,0.05
2026,OR,married,child_dependent_care,credit,percentage_of_capped_costs,140790,151620,7,school,0.04
2026,OR,married,child_dependent_care,credit,percentage_of_capped_costs,151620,162450,7,school,0.04
2026,OR,married,child_dependent_care,credit,percentage_of_capped_costs,162450,Inf,7,school,0
2026,OR,single_parent,child_dependent_care,credit,percentage_of_capped_costs,0,5415,9,infant,0.1
2026,OR,single_parent,child_dependent_care,credit,percentage_of_capped_costs,5415,10830,9,infant,0.2
2026,OR,single_parent,child_dependent_care,credit,percentage_of_capped_costs,10830,16245,9,infant,0.3
2026,OR,single_parent,child_dependent_care,credit,percentage_of_capped_costs,16245,21660,9,infant,0.4
2026,OR,single_parent,child_dependent_care,credit,percentage_of_capped_costs,21660,27075,9,infant,0.5
2026,OR,single_parent,child_dependent_care,credit,percentage_of_capped_costs,27075,32490,9,infant,0.55
2026,OR,single_parent,child_dependent_care,credit,percentage_of_capped_costs,32490,37905,9,infant,0.6
2026,OR,single_parent,child_dependent_care,credit,percentage_of_capped_costs,37905,43320,9,infant,0.65
2026,OR,single_parent,child_dependent_care,credit,percentage_of_capped_costs,43320,48735,9,infant,0.7
2026,OR,single_parent,child_dependent_care,credit,percentage_of_capped_costs,48735,59565,9,infant,0.75
2026,OR,single_parent,child_dependent_care,credit,percentage_of_capped_costs,59565,64980,9,infant,0.71
2026,OR,single_parent,child_dependent_care,credit,percentage_of_capped_costs,64980,70395,9,infant,0.66
2026,OR,single_parent,child_dependent_care,credit,percentage_of_capped_costs,70395,75810,9,infant,0.61
2026,OR,single_parent,child_dependent_care,credit,percentage_of_capped_costs,75810,81225,9,infant,0.55
2026,OR,single_parent,child_dependent_care,credit,percentage_of_capped_costs,81225,86640,9,infant,0.5
2026,OR,single_parent,child_dependent_care,credit,percentage_of_capped_costs,86640,108300,9,infant,0.47
2026,OR,single_parent,child_dependent_care,credit,percentage_of_capped_costs,108300,113715,9,infant,0.45
2026,OR,single_parent,child_dependent_care,credit,percentage_of_capped_costs,113715,119130,9,infant,0.4
2026,OR,single_parent,child_dependent_care,credit,percentage_of_capped_costs,119130,124545,9,infant,0.35
2026,OR,single_parent,child_dependent_care,credit,percentage_of_capped_costs,124545,129960,9,infant,0.3
2026,OR,single_parent,child_dependent_care,credit,percentage_of_capped_costs,129960,135375,9,infant,0.2
2026,OR,single_parent,child_dependent_care,credit,percentage_of_capped_costs,135375,140790,9,infant,0.1
2026,OR,single_parent,child_dependent_care,credit,percentage_of_capped_costs,140790,151620,9,infant,0.06
2026,OR,single_parent,child_dependent_care,credit,percentage_of_capped_costs,151620,162450,9,infant,0.04
2026,OR,single_parent,child_dependent_care,credit,percentage_of_capped_costs,162450,Inf,9,infant,0
2026,OR,single_parent,child_dependent_care,credit,percentage_of_capped_costs,0,5415,9,presch,0.08
2026,OR,single_parent,child_dependent_care,credit,percentage_of_capped_costs,5415,10830,9,presch,0.18
2026,OR,single_parent,child_dependent_care,credit,percentage_of_capped_costs,10830,16245,9,presch,0.28
2026,OR,single_parent,child_dependent_care,credit,percentage_of_capped_costs,16245,21660,9,presch,0.38
2026,OR,single_parent,child_dependent_care,credit,percentage_of_capped_costs,21660,27075,9,presch,0.48
2026,OR,single_parent,child_dependent_care,credit,percentage_of_capped_costs,27075,32490,9,presch,0.53
2026,OR,single_parent,child_dependent_care,credit,percentage_of_capped_costs,32490,37905,9,presch,0.58
2026,OR,single_parent,child_dependent_care,credit,percentage_of_capped_costs,37905,43320,9,presch,0.63
2026,OR,single_parent,child_dependent_care,credit,percentage_of_capped_costs,43320,48735,9,presch,0.68
2026,OR,single_parent,child_dependent_care,credit,percentage_of_capped_costs,48735,59565,9,presch,0.73
2026,OR,single_parent,child_dependent_care,credit,percentage_of_capped_costs,59565,64980,9,presch,0.69
2026,OR,single_parent,child_dependent_care,credit,percentage_of_capped_costs,64980,70395,9,presch,0.64
2026,OR,single_parent,child_dependent_care,credit,percentage_of_capped_costs,70395,75810,9,presch,0.59
2026,OR,single_parent,child_dependent_care,credit,percentage_of_capped_costs,75810,81225,9,presch,0.53
2026,OR,single_parent,child_dependent_care,credit,percentage_of_capped_costs,81225,86640,9,presch,0.48
2026,OR,single_parent,child_dependent_care,credit,percentage_of_capped_costs,86640,108300,9,presch,0.45
2026,OR,single_parent,child_dependent_care,credit,percentage_of_capped_costs,108300,113715,9,presch,0.43
2026,OR,single_parent,child_dependent_care,credit,percentage_of_capped_costs,113715,119130,9,presch,0.38
2026,OR,single_parent,child_dependent_care,credit,percentage_of_capped_costs,119130,124545,9,presch,0.33
2026,OR,single_parent,child_dependent_care,credit,percentage_of_capped_costs,124545,129960,9,presch,0.28
2026,OR,single_parent,child_dependent_care,credit,percentage_of_capped_costs,129960,135375,9,presch,0.18
2026,OR,single_parent,child_dependent_care,credit,percentage_of_capped_costs,135375,140790,9,presch,0.08
2026,OR,single_parent,child_dependent_care,credit,percentage_of_capped_costs,140790,151620,9,presch,0.06
2026,OR,single_parent,child_dependent_care,credit,percentage_of_capped_costs,151620,162450,9,presch,0.04
2026,OR,single_parent,child_dependent_care,credit,percentage_of_capped_costs,162450,Inf,9,presch,0
2026,OR,single_parent,child_dependent_care,credit,percentage_of_capped_costs,0,5415,9,school,0.05
2026,OR,single_parent,child_dependent_care,credit,percentage_of_capped_costs,5415,10830,9,school,0.15
2026,OR,single_parent,child_dependent_care,credit,percentage_of_capped_costs,10830,16245,9,school,0.25
2026,OR,single_parent,child_dependent_care,credit,percentage_of_capped_costs,16245,21660,9,school,0.35
2026,OR,single_parent,child_dependent_care,credit,percentage_of_capped_costs,21660,27075,9,school,0.45
2026,OR,single_parent,child_dependent_care,credit,percentage_of_capped_costs,27075,32490,9,school,0.5
2026,OR,single_parent,child_dependent_care,credit,percentage_of_capped_costs,32490,37905,9,school,0.55
2026,OR,single_parent,child_dependent_care,credit,percentage_of_capped_costs,37905,43320,9,school,0.6
2026,OR,single_parent,child_dependent_care,credit,percentage_of_capped_costs,43320,48735,9,school,0.65
2026,OR,single_parent,child_dependent_care,credit,percentage_of_capped_costs,48735,59565,9,school,0.7
2026,OR,single_parent,child_dependent_care,credit,percentage_of_capped_costs,59565,64980,9,school,0.66
2026,OR,single_parent,child_dependent_care,credit,percentage_of_capped_costs,64980,70395,9,school,0.61
2026,OR,single_parent,child_dependent_care,credit,percentage_of_capped_costs,70395,75810,9,school,0.56
2026,OR,single_parent,child_dependent_care,credit,percentage_of_capped_costs,75810,81225,9,school,0.5
2026,OR,single_parent,child_dependent_care,credit,percentage_of_capped_costs,81225,86640,9,school,0.45
2026,OR,single_parent,child_dependent_care,credit,percentage_of_capped_costs,86640,108300,9,school,0.42
2026,OR,single_parent,child_dependent_care,credit,percentage_of_capped_costs,108300,113715,9,school,0.4
2026,OR,single_parent,child_dependent_care,credit,percentage_of_capped_costs,113715,119130,9,school,0.35
2026,OR,single_parent,child_dependent_care,credit,percentage_of_capped_costs,119130,124545,9,school,0.3
2026,OR,single_parent,child_dependent_care,credit,percentage_of_capped_costs,124545,129960,9,school,0.25
2026,OR,single_parent,child_dependent_care,credit,percentage_of_capped_costs,129960,135375,9,school,0.15
2026,OR,single_parent,child_dependent_care,credit,percentage_of_capped_costs,135375,140790,9,school,0.05
2026,OR,single_parent,child_dependent_care,credit,percentage_of_capped_costs,140790,151620,9,school,0.04
2026,OR,single_parent,child_dependent_care,credit,percentage_of_capped_costs,151620,162450,9,school,0.04
2026,OR,single_parent,child_dependent_care,credit,percentage_of_capped_costs,162450,Inf,9,school,0
2026,OR,married,child_dependent_care,credit,percentage_of_capped_costs,0,5415,8,infant,0.1
2026,OR,married,child_dependent_care,credit,percentage_of_capped_costs,5415,10830,8,infant,0.2
2026,OR,married,child_dependent_care,credit,percentage_of_capped_costs,10830,16245,8,infant,0.3
2026,OR,married,child_dependent_care,credit,percentage_of_capped_costs,16245,21660,8,infant,0.4
2026,OR,married,child_dependent_care,credit,percentage_of_capped_costs,21660,27075,8,infant,0.5
2026,OR,married,child_dependent_care,credit,percentage_of_capped_costs,27075,32490,8,infant,0.55
2026,OR,married,child_dependent_care,credit,percentage_of_capped_costs,32490,37905,8,infant,0.6
2026,OR,married,child_dependent_care,credit,percentage_of_capped_costs,37905,43320,8,infant,0.65
2026,OR,married,child_dependent_care,credit,percentage_of_capped_costs,43320,48735,8,infant,0.7
2026,OR,married,child_dependent_care,credit,percentage_of_capped_costs,48735,59565,8,infant,0.75
2026,OR,married,child_dependent_care,credit,percentage_of_capped_costs,59565,64980,8,infant,0.71
2026,OR,married,child_dependent_care,credit,percentage_of_capped_costs,64980,70395,8,infant,0.66
2026,OR,married,child_dependent_care,credit,percentage_of_capped_costs,70395,75810,8,infant,0.61
2026,OR,married,child_dependent_care,credit,percentage_of_capped_costs,75810,81225,8,infant,0.55
2026,OR,married,child_dependent_care,credit,percentage_of_capped_costs,81225,86640,8,infant,0.5
2026,OR,married,child_dependent_care,credit,percentage_of_capped_costs,86640,108300,8,infant,0.47
2026,OR,married,child_dependent_care,credit,percentage_of_capped_costs,108300,113715,8,infant,0.45
2026,OR,married,child_dependent_care,credit,percentage_of_capped_costs,113715,119130,8,infant,0.4
2026,OR,married,child_dependent_care,credit,percentage_of_capped_costs,119130,124545,8,infant,0.35
2026,OR,married,child_dependent_care,credit,percentage_of_capped_costs,124545,129960,8,infant,0.3
2026,OR,married,child_dependent_care,credit,percentage_of_capped_costs,129960,135375,8,infant,0.2
2026,OR,married,child_dependent_care,credit,percentage_of_capped_costs,135375,140790,8,infant,0.1
2026,OR,married,child_dependent_care,credit,percentage_of_capped_costs,140790,151620,8,infant,0.06
2026,OR,married,child_dependent_care,credit,percentage_of_capped_costs,151620,162450,8,infant,0.04
2026,OR,married,child_dependent_care,credit,percentage_of_capped_costs,162450,Inf,8,infant,0
2026,OR,married,child_dependent_care,credit,percentage_of_capped_costs,0,5415,8,presch,0.08
2026,OR,married,child_dependent_care,credit,percentage_of_capped_costs,5415,10830,8,presch,0.18
2026,OR,married,child_dependent_care,credit,percentage_of_capped_costs,10830,16245,8,presch,0.28
2026,OR,married,child_dependent_care,credit,percentage_of_capped_costs,16245,21660,8,presch,0.38
2026,OR,married,child_dependent_care,credit,percentage_of_capped_costs,21660,27075,8,presch,0.48
2026,OR,married,child_dependent_care,credit,percentage_of_capped_costs,27075,32490,8,presch,0.53
2026,OR,married,child_dependent_care,credit,percentage_of_capped_costs,32490,37905,8,presch,0.58
2026,OR,married,child_dependent_care,credit,percentage_of_capped_costs,37905,43320,8,presch,0.63
2026,OR,married,child_dependent_care,credit,percentage_of_capped_costs,43320,48735,8,presch,0.68
2026,OR,married,child_dependent_care,credit,percentage_of_capped_costs,48735,59565,8,presch,0.73
2026,OR,married,child_dependent_care,credit,percentage_of_capped_costs,59565,64980,8,presch,0.69
2026,OR,married,child_dependent_care,credit,percentage_of_capped_costs,64980,70395,8,presch,0.64
2026,OR,married,child_dependent_care,credit,percentage_of_capped_costs,70395,75810,8,presch,0.59
2026,OR,married,child_dependent_care,credit,percentage_of_capped_costs,75810,81225,8,presch,0.53
2026,OR,married,child_dependent_care,credit,percentage_of_capped_costs,81225,86640,8,presch,0.48
2026,OR,married,child_dependent_care,credit,percentage_of_capped_costs,86640,108300,8,presch,0.45
2026,OR,married,child_dependent_care,credit,percentage_of_capped_costs,108300,113715,8,presch,0.43
2026,OR,married,child_dependent_care,credit,percentage_of_capped_costs,113715,119130,8,presch,0.38
2026,OR,married,child_dependent_care,credit,percentage_of_capped_costs,119130,124545,8,presch,0.33
2026,OR,married,child_dependent_care,credit,percentage_of_capped_costs,124545,129960,8,presch,0.28
2026,OR,married,child_dependent_care,credit,percentage_of_capped_costs,129960,135375,8,presch,0.18
2026,OR,married,child_dependent_care,credit,percentage_of_capped_costs,135375,140790,8,presch,0.08
2026,OR,married,child_dependent_care,credit,percentage_of_capped_costs,140790,151620,8,presch,0.06
2026,OR,married,child_dependent_care,credit,percentage_of_capped_costs,151620,162450,8,presch,0.04
2026,OR,married,child_dependent_care,credit,percentage_of_capped_costs,162450,Inf,8,presch,0
2026,OR,married,child_dependent_care,credit,percentage_of_capped_costs,0,5415,8,school,0.05
2026,OR,married,child_dependent_care,credit,percentage_of_capped_costs,5415,10830,8,school,0.15
2026,OR,married,child_dependent_care,credit,percentage_of_capped_costs,10830,16245,8,school,0.25
2026,OR,married,child_dependent_care,credit,percentage_of_capped_costs,16245,21660,8,school,0.35
2026,OR,married,child_dependent_care,credit,percentage_of_capped_costs,21660,27075,8,school,0.45
2026,OR,married,child_dependent_care,credit,percentage_of_capped_costs,27075,32490,8,school,0.5
2026,OR,married,child_dependent_care,credit,percentage_of_capped_costs,32490,37905,8,school,0.55
2026,OR,married,child_dependent_care,credit,percentage_of_capped_costs,37905,43320,8,school,0.6
2026,OR,married,child_dependent_care,credit,percentage_of_capped_costs,43320,48735,8,school,0.65
2026,OR,married,child_dependent_care,credit,percentage_of_capped_costs,48735,59565,8,school,0.7
2026,OR,married,child_dependent_care,credit,percentage_of_capped_costs,59565,64980,8,school,0.66
2026,OR,married,child_dependent_care,credit,percentage_of_capped_costs,64980,70395,8,school,0.61
2026,OR,married,child_dependent_care,credit,percentage_of_capped_costs,70395,75810,8,school,0.56
2026,OR,married,child_dependent_care,credit,percentage_of_capped_costs,75810,81225,8,school,0.5
2026,OR,married,child_dependent_care,credit,percentage_of_capped_costs,81225,86640,8,school,0.45
2026,OR,married,child_dependent_care,credit,percentage_of_capped_costs,86640,108300,8,school,0.42
2026,OR,married,child_dependent_care,credit,percentage_of_capped_costs,108300,113715,8,school,0.4
2026,OR,married,child_dependent_care,credit,percentage_of_capped_costs,113715,119130,8,school,0.35
2026,OR,married,child_dependent_care,credit,percentage_of_capped_costs,119130,124545,8,school,0.3
2026,OR,married,child_dependent_care,credit,percentage_of_capped_costs,124545,129960,8,school,0.25
2026,OR,married,child_dependent_care,credit,percentage_of_capped_costs,129960,135375,8,school,0.15
2026,OR,married,child_dependent_care,credit,percentage_of_capped_costs,135375,140790,8,school,0.05
2026,OR,married,child_dependent_care,credit,percentage_of_capped_costs,140790,151620,8,school,0.04
2026,OR,married,child_dependent_care,credit,percentage_of_capped_costs,151620,162450,8,school,0.04
2026,OR,married,child_dependent_care,credit,percentage_of_capped_costs,162450,Inf,8,school,0
2026,OR,single_parent,child_dependent_care,credit,percentage_of_capped_costs,0,5415,10,infant,0.1
2026,OR,single_parent,child_dependent_care,credit,percentage_of_capped_costs,5415,10830,10,infant,0.2
2026,OR,single_parent,child_dependent_care,credit,percentage_of_capped_costs,10830,16245,10,infant,0.3
2026,OR,single_parent,child_dependent_care,credit,percentage_of_capped_costs,16245,21660,10,infant,0.4
2026,OR,single_parent,child_dependent_care,credit,percentage_of_capped_costs,21660,27075,10,infant,0.5
2026,OR,single_parent,child_dependent_care,credit,percentage_of_capped_costs,27075,32490,10,infant,0.55
2026,OR,single_parent,child_dependent_care,credit,percentage_of_capped_costs,32490,37905,10,infant,0.6
2026,OR,single_parent,child_dependent_care,credit,percentage_of_capped_costs,37905,43320,10,infant,0.65
2026,OR,single_parent,child_dependent_care,credit,percentage_of_capped_costs,43320,48735,10,infant,0.7
2026,OR,single_parent,child_dependent_care,credit,percentage_of_capped_costs,48735,59565,10,infant,0.75
2026,OR,single_parent,child_dependent_care,credit,percentage_of_capped_costs,59565,64980,10,infant,0.71
2026,OR,single_parent,child_dependent_care,credit,percentage_of_capped_costs,64980,70395,10,infant,0.66
2026,OR,single_parent,child_dependent_care,credit,percentage_of_capped_costs,70395,75810,10,infant,0.61
2026,OR,single_parent,child_dependent_care,credit,percentage_of_capped_costs,75810,81225,10,infant,0.55
2026,OR,single_parent,child_dependent_care,credit,percentage_of_capped_costs,81225,86640,10,infant,0.5
2026,OR,single_parent,child_dependent_care,credit,percentage_of_capped_costs,86640,108300,10,infant,0.47
2026,OR,single_parent,child_dependent_care,credit,percentage_of_capped_costs,108300,113715,10,infant,0.45
2026,OR,single_parent,child_dependent_care,credit,percentage_of_capped_costs,113715,119130,10,infant,0.4
2026,OR,single_parent,child_dependent_care,credit,percentage_of_capped_costs,119130,124545,10,infant,0.35
2026,OR,single_parent,child_dependent_care,credit,percentage_of_capped_costs,124545,129960,10,infant,0.3
2026,OR,single_parent,child_dependent_care,credit,percentage_of_capped_costs,129960,135375,10,infant,0.2
2026,OR,single_parent,child_dependent_care,credit,percentage_of_capped_costs,135375,140790,10,infant,0.1
2026,OR,single_parent,child_dependent_care,credit,percentage_of_capped_costs,140790,151620,10,infant,0.06
2026,OR,single_parent,child_dependent_care,credit,percentage_of_capped_costs,151620,162450,10,infant,0.04
2026,OR,single_parent,child_dependent_care,credit,percentage_of_capped_costs,162450,Inf,10,infant,0
2026,OR,single_parent,child_dependent_care,credit,percentage_of_capped_costs,0,5415,10,presch,0.08
2026,OR,single_parent,child_dependent_care,credit,percentage_of_capped_costs,5415,10830,10,presch,0.18
2026,OR,single_parent,child_dependent_care,credit,percentage_of_capped_costs,10830,16245,10,presch,0.28
2026,OR,single_parent,child_dependent_care,credit,percentage_of_capped_costs,16245,21660,10,presch,0.38
2026,OR,single_parent,child_dependent_care,credit,percentage_of_capped_costs,21660,27075,10,presch,0.48
2026,OR,single_parent,child_dependent_care,credit,percentage_of_capped_costs,27075,32490,10,presch,0.53
2026,OR,single_parent,child_dependent_care,credit,percentage_of_capped_costs,32490,37905,10,presch,0.58
2026,OR,single_parent,child_dependent_care,credit,percentage_of_capped_costs,37905,43320,10,presch,0.63
2026,OR,single_parent,child_dependent_care,credit,percentage_of_capped_costs,43320,48735,10,presch,0.68
2026,OR,single_parent,child_dependent_care,credit,percentage_of_capped_costs,48735,59565,10,presch,0.73
2026,OR,single_parent,child_dependent_care,credit,percentage_of_capped_costs,59565,64980,10,presch,0.69
2026,OR,single_parent,child_dependent_care,credit,percentage_of_capped_costs,64980,70395,10,presch,0.64
2026,OR,single_parent,child_dependent_care,credit,percentage_of_capped_costs,70395,75810,10,presch,0.59
2026,OR,single_parent,child_dependent_care,credit,percentage_of_capped_costs,75810,81225,10,presch,0.53
2026,OR,single_parent,child_dependent_care,credit,percentage_of_capped_costs,81225,86640,10,presch,0.48
2026,OR,single_parent,child_dependent_care,credit,percentage_of_capped_costs,86640,108300,10,presch,0.45
2026,OR,single_parent,child_dependent_care,credit,percentage_of_capped_costs,108300,113715,10,presch,0.43
2026,OR,single_parent,child_dependent_care,credit,percentage_of_capped_costs,113715,119130,10,presch,0.38
2026,OR,single_parent,child_dependent_care,credit,percentage_of_capped_costs,119130,124545,10,presch,0.33
2026,OR,single_parent,child_dependent_care,credit,percentage_of_capped_costs,124545,129960,10,presch,0.28
2026,OR,single_parent,child_dependent_care,credit,percentage_of_capped_costs,129960,135375,10,presch,0.18
2026,OR,single_parent,child_dependent_care,credit,percentage_of_capped_costs,135375,140790,10,presch,0.08
2026,OR,single_parent,child_dependent_care,credit,percentage_of_capped_costs,140790,151620,10,presch,0.06
2026,OR,single_parent,child_dependent_care,credit,percentage_of_capped_costs,151620,162450,10,presch,0.04
2026,OR,single_parent,child_dependent_care,credit,percentage_of_capped_costs,162450,Inf,10,presch,0
2026,OR,single_parent,child_dependent_care,credit,percentage_of_capped_costs,0,5415,10,school,0.05
2026,OR,single_parent,child_dependent_care,credit,percentage_of_capped_costs,5415,10830,10,school,0.15
2026,OR,single_parent,child_dependent_care,credit,percentage_of_capped_costs,10830,16245,10,school,0.25
2026,OR,single_parent,child_dependent_care,credit,percentage_of_capped_costs,16245,21660,10,school,0.35
2026,OR,single_parent,child_dependent_care,credit,percentage_of_capped_costs,21660,27075,10,school,0.45
2026,OR,single_parent,child_dependent_care,credit,percentage_of_capped_costs,27075,32490,10,school,0.5
2026,OR,single_parent,child_dependent_care,credit,percentage_of_capped_costs,32490,37905,10,school,0.55
2026,OR,single_parent,child_dependent_care,credit,percentage_of_capped_costs,37905,43320,10,school,0.6
2026,OR,single_parent,child_dependent_care,credit,percentage_of_capped_costs,43320,48735,10,school,0.65
2026,OR,single_parent,child_dependent_care,credit,percentage_of_capped_costs,48735,59565,10,school,0.7
2026,OR,single_parent,child_dependent_care,credit,percentage_of_capped_costs,59565,64980,10,school,0.66
2026,OR,single_parent,child_dependent_care,credit,percentage_of_capped_costs,64980,70395,10,school,0.61
2026,OR,single_parent,child_dependent_care,credit,percentage_of_capped_costs,70395,75810,10,school,0.56
2026,OR,single_parent,child_dependent_care,credit,percentage_of_capped_costs,75810,81225,10,school,0.5
2026,OR,single_parent,child_dependent_care,credit,percentage_of_capped_costs,81225,86640,10,school,0.45
2026,OR,single_parent,child_dependent_care,credit,percentage_of_capped_costs,86640,108300,10,school,0.42
2026,OR,single_parent,child_dependent_care,credit,percentage_of_capped_costs,108300,113715,10,school,0.4
2026,OR,single_parent,child_dependent_care,credit,percentage_of_capped_costs,113715,119130,10,school,0.35
2026,OR,single_parent,child_dependent_care,credit,percentage_of_capped_costs,119130,124545,10,school,0.3
2026,OR,single_parent,child_dependent_care,credit,percentage_of_capped_costs,124545,129960,10,school,0.25
2026,OR,single_parent,child_dependent_care,credit,percentage_of_capped_costs,129960,135375,10,school,0.15
2026,OR,single_parent,child_dependent_care,credit,percentage_of_capped_costs,135375,140790,10,school,0.05
2026,OR,single_parent,child_dependent_care,credit,percentage_of_capped_costs,140790,151620,10,school,0.04
2026,OR,single_parent,child_dependent_care,credit,percentage_of_capped_costs,151620,162450,10,school,0.04
2026,OR,single_parent,child_dependent_care,credit,percentage_of_capped_costs,162450,Inf,10,school,0
2026,OR,married,child_dependent_care,credit,percentage_of_capped_costs,0,5415,9,infant,0.1
2026,OR,married,child_dependent_care,credit,percentage_of_capped_costs,5415,10830,9,infant,0.2
2026,OR,married,child_dependent_care,credit,percentage_of_capped_costs,10830,16245,9,infant,0.3
2026,OR,married,child_dependent_care,credit,percentage_of_capped_costs,16245,21660,9,infant,0.4
2026,OR,married,child_dependent_care,credit,percentage_of_capped_costs,21660,27075,9,infant,0.5
2026,OR,married,child_dependent_care,credit,percentage_of_capped_costs,27075,32490,9,infant,0.55
2026,OR,married,child_dependent_care,credit,percentage_of_capped_costs,32490,37905,9,infant,0.6
2026,OR,married,child_dependent_care,credit,percentage_of_capped_costs,37905,43320,9,infant,0.65
2026,OR,married,child_dependent_care,credit,percentage_of_capped_costs,43320,48735,9,infant,0.7
2026,OR,married,child_dependent_care,credit,percentage_of_capped_costs,48735,59565,9,infant,0.75
2026,OR,married,child_dependent_care,credit,percentage_of_capped_costs,59565,64980,9,infant,0.71
2026,OR,married,child_dependent_care,credit,percentage_of_capped_costs,64980,70395,9,infant,0.66
2026,OR,married,child_dependent_care,credit,percentage_of_capped_costs,70395,75810,9,infant,0.61
2026,OR,married,child_dependent_care,credit,percentage_of_capped_costs,75810,81225,9,infant,0.55
2026,OR,married,child_dependent_care,credit,percentage_of_capped_costs,81225,86640,9,infant,0.5
2026,OR,married,child_dependent_care,credit,percentage_of_capped_costs,86640,108300,9,infant,0.47
2026,OR,married,child_dependent_care,credit,percentage_of_capped_costs,108300,113715,9,infant,0.45
2026,OR,married,child_dependent_care,credit,percentage_of_capped_costs,113715,119130,9,infant,0.4
2026,OR,married,child_dependent_care,credit,percentage_of_capped_costs,119130,124545,9,infant,0.35
2026,OR,married,child_dependent_care,credit,percentage_of_capped_costs,124545,129960,9,infant,0.3
2026,OR,married,child_dependent_care,credit,percentage_of_capped_costs,129960,135375,9,infant,0.2
2026,OR,married,child_dependent_care,credit,percentage_of_capped_costs,135375,140790,9,infant,0.1
2026,OR,married,child_dependent_care,credit,percentage_of_capped_costs,140790,151620,9,infant,0.06
2026,OR,married,child_dependent_care,credit,percentage_of_capped_costs,151620,162450,9,infant,0.04
2026,OR,married,child_dependent_care,credit,percentage_of_capped_costs,162450,Inf,9,infant,0
2026,OR,married,child_dependent_care,credit,percentage_of_capped_costs,0,5415,9,presch,0.08
2026,OR,married,child_dependent_care,credit,percentage_of_capped_costs,5415,10830,9,presch,0.18
2026,OR,married,child_dependent_care,credit,percentage_of_capped_costs,10830,16245,9,presch,0.28
2026,OR,married,child_dependent_care,credit,percentage_of_capped_costs,16245,21660,9,presch,0.38
2026,OR,married,child_dependent_care,credit,percentage_of_capped_costs,21660,27075,9,presch,0.48
2026,OR,married,child_dependent_care,credit,percentage_of_capped_costs,27075,32490,9,presch,0.53
2026,OR,married,child_dependent_care,credit,percentage_of_capped_costs,32490,37905,9,presch,0.58
2026,OR,married,child_dependent_care,credit,percentage_of_capped_costs,37905,43320,9,presch,0.63
2026,OR,married,child_dependent_care,credit,percentage_of_capped_costs,43320,48735,9,presch,0.68
2026,OR,married,child_dependent_care,credit,percentage_of_capped_costs,48735,59565,9,presch,0.73
2026,OR,married,child_dependent_care,credit,percentage_of_capped_costs,59565,64980,9,presch,0.69
2026,OR,married,child_dependent_care,credit,percentage_of_capped_costs,64980,70395,9,presch,0.64
2026,OR,married,child_dependent_care,credit,percentage_of_capped_costs,70395,75810,9,presch,0.59
2026,OR,married,child_dependent_care,credit,percentage_of_capped_costs,75810,81225,9,presch,0.53
2026,OR,married,child_dependent_care,credit,percentage_of_capped_costs,81225,86640,9,presch,0.48
2026,OR,married,child_dependent_care,credit,percentage_of_capped_costs,86640,108300,9,presch,0.45
2026,OR,married,child_dependent_care,credit,percentage_of_capped_costs,108300,113715,9,presch,0.43
2026,OR,married,child_dependent_care,credit,percentage_of_capped_costs,113715,119130,9,presch,0.38
2026,OR,married,child_dependent_care,credit,percentage_of_capped_costs,119130,124545,9,presch,0.33
2026,OR,married,child_dependent_care,credit,percentage_of_capped_costs,124545,129960,9,presch,0.28
2026,OR,married,child_dependent_care,credit,percentage_of_capped_costs,129960,135375,9,presch,0.18
2026,OR,married,child_dependent_care,credit,percentage_of_capped_costs,135375,140790,9,presch,0.08
2026,OR,married,child_dependent_care,credit,percentage_of_capped_costs,140790,151620,9,presch,0.06
2026,OR,married,child_dependent_care,credit,percentage_of_capped_costs,151620,162450,9,presch,0.04
2026,OR,married,child_dependent_care,credit,percentage_of_capped_costs,162450,Inf,9,presch,0
2026,OR,married,child_dependent_care,credit,percentage_of_capped_costs,0,5415,9,school,0.05
2026,OR,married,child_dependent_care,credit,percentage_of_capped_costs,5415,10830,9,school,0.15
2026,OR,married,child_dependent_care,credit,percentage_of_capped_costs,10830,16245,9,school,0.25
2026,OR,married,child_dependent_care,credit,percentage_of_capped_costs,16245,21660,9,school,0.35
2026,OR,married,child_dependent_care,credit,percentage_of_capped_costs,21660,27075,9,school,0.45
2026,OR,married,child_dependent_care,credit,percentage_of_capped_costs,27075,32490,9,school,0.5
2026,OR,married,child_dependent_care,credit,percentage_of_capped_costs,32490,37905,9,school,0.55
2026,OR,married,child_dependent_care,credit,percentage_of_capped_costs,37905,43320,9,school,0.6
2026,OR,married,child_dependent_care,credit,percentage_of_capped_costs,43320,48735,9,school,0.65
2026,OR,married,child_dependent_care,credit,percentage_of_capped_costs,48735,59565,9,school,0.7
2026,OR,married,child_dependent_care,credit,percentage_of_capped_costs,59565,64980,9,school,0.66
2026,OR,married,child_dependent_care,credit,percentage_of_capped_costs,64980,70395,9,school,0.61
2026,OR,married,child_dependent_care,credit,percentage_of_capped_costs,70395,75810,9,school,0.56
2026,OR,married,child_dependent_care,credit,percentage_of_capped_costs,75810,81225,9,school,0.5
2026,OR,married,child_dependent_care,credit,percentage_of_capped_costs,81225,86640,9,school,0.45
2026,OR,married,child_dependent_care,credit,percentage_of_capped_costs,86640,108300,9,school,0.42
2026,OR,married,child_dependent_care,credit,percentage_of_capped_costs,108300,113715,9,school,0.4
2026,OR,married,child_dependent_care,credit,percentage_of_capped_costs,113715,119130,9,school,0.35
2026,OR,married,child_dependent_care,credit,percentage_of_capped_costs,119130,124545,9,school,0.3
2026,OR,married,child_dependent_care,credit,percentage_of_capped_costs,124545,129960,9,school,0.25
2026,OR,married,child_dependent_care,credit,percentage_of_capped_costs,129960,135375,9,school,0.15
2026,OR,married,child_dependent_care,credit,percentage_of_capped_costs,135375,140790,9,school,0.05
2026,OR,married,child_dependent_care,credit,percentage_of_capped_costs,140790,151620,9,school,0.04
2026,OR,married,child_dependent_care,credit,percentage_of_capped_costs,151620,162450,9,school,0.04
2026,OR,married,child_dependent_care,credit,percentage_of_capped_costs,162450,Inf,9,school,0
2026,OR,married,child_dependent_care,credit,percentage_of_capped_costs,0,5415,10,infant,0.1
2026,OR,married,child_dependent_care,credit,percentage_of_capped_costs,5415,10830,10,infant,0.2
2026,OR,married,child_dependent_care,credit,percentage_of_capped_costs,10830,16245,10,infant,0.3
2026,OR,married,child_dependent_care,credit,percentage_of_capped_costs,16245,21660,10,infant,0.4
2026,OR,married,child_dependent_care,credit,percentage_of_capped_costs,21660,27075,10,infant,0.5
2026,OR,married,child_dependent_care,credit,percentage_of_capped_costs,27075,32490,10,infant,0.55
2026,OR,married,child_dependent_care,credit,percentage_of_capped_costs,32490,37905,10,infant,0.6
2026,OR,married,child_dependent_care,credit,percentage_of_capped_costs,37905,43320,10,infant,0.65
2026,OR,married,child_dependent_care,credit,percentage_of_capped_costs,43320,48735,10,infant,0.7
2026,OR,married,child_dependent_care,credit,percentage_of_capped_costs,48735,59565,10,infant,0.75
2026,OR,married,child_dependent_care,credit,percentage_of_capped_costs,59565,64980,10,infant,0.71
2026,OR,married,child_dependent_care,credit,percentage_of_capped_costs,64980,70395,10,infant,0.66
2026,OR,married,child_dependent_care,credit,percentage_of_capped_costs,70395,75810,10,infant,0.61
2026,OR,married,child_dependent_care,credit,percentage_of_capped_costs,75810,81225,10,infant,0.55
2026,OR,married,child_dependent_care,credit,percentage_of_capped_costs,81225,86640,10,infant,0.5
2026,OR,married,child_dependent_care,credit,percentage_of_capped_costs,86640,108300,10,infant,0.47
2026,OR,married,child_dependent_care,credit,percentage_of_capped_costs,108300,113715,10,infant,0.45
2026,OR,married,child_dependent_care,credit,percentage_of_capped_costs,113715,119130,10,infant,0.4
2026,OR,married,child_dependent_care,credit,percentage_of_capped_costs,119130,124545,10,infant,0.35
2026,OR,married,child_dependent_care,credit,percentage_of_capped_costs,124545,129960,10,infant,0.3
2026,OR,married,child_dependent_care,credit,percentage_of_capped_costs,129960,135375,10,infant,0.2
2026,OR,married,child_dependent_care,credit,percentage_of_capped_costs,135375,140790,10,infant,0.1
2026,OR,married,child_dependent_care,credit,percentage_of_capped_costs,140790,151620,10,infant,0.06
2026,OR,married,child_dependent_care,credit,percentage_of_capped_costs,151620,162450,10,infant,0.04
2026,OR,married,child_dependent_care,credit,percentage_of_capped_costs,162450,Inf,10,infant,0
2026,OR,married,child_dependent_care,credit,percentage_of_capped_costs,0,5415,10,presch,0.08
2026,OR,married,child_dependent_care,credit,percentage_of_capped_costs,5415,10830,10,presch,0.18
2026,OR,married,child_dependent_care,credit,percentage_of_capped_costs,10830,16245,10,presch,0.28
2026,OR,married,child_dependent_care,credit,percentage_of_capped_costs,16245,21660,10,presch,0.38
2026,OR,married,child_dependent_care,credit,percentage_of_capped_costs,21660,27075,10,presch,0.48
2026,OR,married,child_dependent_care,credit,percentage_of_capped_costs,27075,32490,10,presch,0.53
2026,OR,married,child_dependent_care,credit,percentage_of_capped_costs,32490,37905,10,presch,0.58
2026,OR,married,child_dependent_care,credit,percentage_of_capped_costs,37905,43320,10,presch,0.63
2026,OR,married,child_dependent_care,credit,percentage_of_capped_costs,43320,48735,10,presch,0.68
2026,OR,married,child_dependent_care,credit,percentage_of_capped_costs,48735,59565,10,presch,0.73
2026,OR,married,child_dependent_care,credit,percentage_of_capped_costs,59565,64980,10,presch,0.69
2026,OR,married,child_dependent_care,credit,percentage_of_capped_costs,64980,70395,10,presch,0.64
2026,OR,married,child_dependent_care,credit,percentage_of_capped_costs,70395,75810,10,presch,0.59
2026,OR,married,child_dependent_care,credit,percentage_of_capped_costs,75810,81225,10,presch,0.53
2026,OR,married,child_dependent_care,credit,percentage_of_capped_costs,81225,86640,10,presch,0.48
2026,OR,married,child_dependent_care,credit,percentage_of_capped_costs,86640,108300,10,presch,0.45
2026,OR,married,child_dependent_care,credit,percentage_of_capped_costs,108300,113715,10,presch,0.43
2026,OR,married,child_dependent_care,credit,percentage_of_capped_costs,113715,119130,10,presch,0.38
2026,OR,married,child_dependent_care,credit,percentage_of_capped_costs,119130,124545,10,presch,0.33
2026,OR,married,child_dependent_care,credit,percentage_of_capped_costs,124545,129960,10,presch,0.28
2026,OR,married,child_dependent_care,credit,percentage_of_capped_costs,129960,135375,10,presch,0.18
2026,OR,married,child_dependent_care,credit,percentage_of_capped_costs,135375,140790,10,presch,0.08
2026,OR,married,child_dependent_care,credit,percentage_of_capped_costs,140790,151620,10,presch,0.06
2026,OR,married,child_dependent_care,credit,percentage_of_capped_costs,151620,162450,10,presch,0.04
2026,OR,married,child_dependent_care,credit,percentage_of_capped_costs,162450,Inf,10,presch,0
2026,OR,married,child_dependent_care,credit,percentage_of_capped_costs,0,5415,10,school,0.05
2026,OR,married,child_dependent_care,credit,percentage_of_capped_costs,5415,10830,10,school,0.15
2026,OR,married,child_dependent_care,credit,percentage_of_capped_costs,10830,16245,10,school,0.25
2026,OR,married,child_dependent_care,credit,percentage_of_capped_costs,16245,21660,10,school,0.35
2026,OR,married,child_dependent_care,credit,percentage_of_capped_costs,21660,27075,10,school,0.45
2026,OR,married,child_dependent_care,credit,percentage_of_capped_costs,27075,32490,10,school,0.5
2026,OR,married,child_dependent_care,credit,percentage_of_capped_costs,32490,37905,10,school,0.55
2026,OR,married,child_dependent_care,credit,percentage_of_capped_costs,37905,43320,10,school,0.6
2026,OR,married,child_dependent_care,credit,percentage_of_capped_costs,43320,48735,10,school,0.65
2026,OR,married,child_dependent_care,credit,percentage_of_capped_costs,48735,59565,10,school,0.7
2026,OR,married,child_dependent_care,credit,percentage_of_capped_costs,59565,64980,10,school,0.66
2026,OR,married,child_dependent_care,credit,percentage_of_capped_costs,64980,70395,10,school,0.61
2026,OR,married,child_dependent_care,credit,percentage_of_capped_costs,70395,75810,10,school,0.56
2026,OR,married,child_dependent_care,credit,percentage_of_capped_costs,75810,81225,10,school,0.5
2026,OR,married,child_dependent_care,credit,percentage_of_capped_costs,81225,86640,10,school,0.45
2026,OR,married,child_dependent_care,credit,percentage_of_capped_costs,86640,108300,10,school,0.42
2026,OR,married,child_dependent_care,credit,percentage_of_capped_costs,108300,113715,10,school,0.4
2026,OR,married,child_dependent_care,credit,percentage_of_capped_costs,113715,119130,10,school,0.35
2026,OR,married,child_dependent_care,credit,percentage_of_capped_costs,119130,124545,10,school,0.3
2026,OR,married,child_dependent_care,credit,percentage_of_capped_costs,124545,129960,10,school,0.25
2026,OR,married,child_dependent_care,credit,percentage_of_capped_costs,129960,135375,10,school,0.15
2026,OR,married,child_dependent_care,credit,percentage_of_capped_costs,135375,140790,10,school,0.05
2026,OR,married,child_dependent_care,credit,percentage_of_capped_costs,140790,151620,10,school,0.04
2026,OR,married,child_dependent_care,credit,percentage_of_capped_costs,151620,162450,10,school,0.04
2026,OR,married,child_dependent_care,credit,percentage_of_capped_costs,162450,Inf,10,school,0
